record_id,hospital_id,procedure_id,period_id,patient_count,p50_wait_days,p90_wait_days,pct_within_benchmark,data_completeness
1,1,1,1,117,155.5,260.5,66.2,Complete
2,1,1,2,98,91.8,187.9,94.0,Complete
3,1,1,3,107,133.9,225.2,74.3,Complete
4,1,1,4,78,119.6,250.0,58.8,Partial
5,1,1,5,57,127.3,214.9,82.4,Complete
6,1,1,6,199,110.1,212.4,85.0,Partial
7,1,1,7,66,158.2,289.4,51.8,Complete
8,1,1,8,88,155.1,330.3,47.0,Complete
9,1,1,9,125,121.4,232.9,81.8,Complete
10,1,1,10,193,115.2,221.8,77.4,Complete
11,1,2,1,95,117.4,252.3,61.9,Complete
12,1,2,2,138,122.0,223.4,78.6,Complete
13,1,2,3,69,144.9,257.6,65.9,Partial
14,1,2,4,92,96.8,183.7,88.1,Complete
15,1,2,5,113,109.6,240.4,79.4,Complete
16,1,2,6,112,115.0,227.4,78.5,Complete
17,1,2,7,25,136.1,258.0,62.0,Complete
18,1,2,8,26,166.4,281.2,52.4,Complete
19,1,2,9,109,119.0,200.4,83.3,Complete
20,1,2,10,56,114.1,194.3,95.2,Complete
21,1,3,1,163,1.2,2.4,74.0,Estimated
22,1,3,2,149,1.7,2.8,60.8,Partial
23,1,3,3,149,1.4,2.5,67.9,Complete
24,1,3,4,215,1.4,2.3,83.2,Complete
25,1,3,5,157,1.4,2.5,68.4,Complete
26,1,3,6,208,1.0,2.1,80.3,Partial
27,1,3,7,106,2.0,3.6,57.3,Complete
28,1,3,8,204,1.7,3.8,52.9,Complete
29,1,3,9,247,1.4,2.5,64.3,Complete
30,1,3,10,143,1.1,1.9,100.0,Complete
31,1,4,1,52,68.6,125.5,85.0,Complete
32,1,4,2,143,76.6,129.8,84.8,Complete
33,1,4,3,38,60.5,115.8,93.5,Complete
34,1,4,4,109,76.8,140.0,75.0,Complete
35,1,4,5,117,71.6,119.7,88.0,Complete
36,1,4,6,59,57.6,120.2,82.0,Complete
37,1,4,7,70,107.7,196.3,51.1,Complete
38,1,4,8,98,116.6,205.5,57.2,Complete
39,1,4,9,117,68.6,125.5,74.4,Estimated
40,1,4,10,123,68.1,125.4,76.8,Partial
41,1,5,1,107,19.6,32.7,73.4,Complete
42,1,5,2,84,19.6,38.7,73.0,Complete
43,1,5,3,75,18.3,33.8,70.3,Complete
44,1,5,4,73,19.4,38.6,66.9,Partial
45,1,5,5,172,20.7,35.0,67.0,Complete
46,1,5,6,185,19.6,38.1,68.0,Partial
47,1,5,7,50,19.2,41.3,55.6,Complete
48,1,5,8,72,23.1,39.4,70.4,Complete
49,1,5,9,137,19.9,35.0,80.0,Complete
50,1,5,10,136,18.5,31.2,94.2,Complete
51,1,6,1,102,8.8,15.2,84.4,Complete
52,1,6,2,186,8.6,15.2,86.6,Complete
53,1,6,3,218,8.7,17.6,82.1,Complete
54,1,6,4,155,8.5,15.0,88.0,Complete
55,1,6,5,138,9.4,17.5,69.3,Complete
56,1,6,6,165,10.5,18.9,73.8,Complete
57,1,6,7,115,10.5,22.2,51.9,Complete
58,1,6,8,124,13.4,22.5,62.1,Complete
59,1,6,9,289,9.9,18.7,72.9,Complete
60,1,6,10,165,8.3,14.0,87.0,Complete
61,1,7,1,48,19.9,39.4,66.5,Partial
62,1,7,2,139,21.4,36.5,78.4,Complete
63,1,7,3,68,17.4,30.6,90.2,Complete
64,1,7,4,101,19.6,37.9,67.3,Complete
65,1,7,5,145,15.5,32.4,87.0,Complete
66,1,7,6,55,15.6,32.7,69.1,Complete
67,1,7,7,93,25.3,49.1,49.2,Complete
68,1,7,8,69,27.6,53.0,53.9,Complete
69,1,7,9,114,15.0,27.3,92.4,Complete
70,1,7,10,163,17.3,29.5,93.8,Complete
71,1,8,1,144,17.9,36.7,85.3,Complete
72,1,8,2,109,20.3,35.9,83.2,Complete
73,1,8,3,87,22.7,39.6,60.7,Complete
74,1,8,4,74,23.5,41.3,62.4,Complete
75,1,8,5,160,17.6,32.5,91.0,Complete
76,1,8,6,174,17.0,35.5,80.4,Complete
77,1,8,7,97,28.7,53.9,52.3,Complete
78,1,8,8,17,22.3,42.6,63.4,Complete
79,1,8,9,173,17.0,32.4,84.6,Complete
80,1,8,10,91,17.8,39.5,76.8,Complete
81,2,1,1,79,127.8,231.8,69.8,Complete
82,2,1,2,192,103.3,178.3,96.8,Complete
83,2,1,3,48,116.0,196.9,87.6,Complete
84,2,1,4,175,129.9,234.1,62.6,Complete
85,2,1,5,57,92.4,176.3,88.1,Complete
86,2,1,6,140,98.0,180.7,100.0,Complete
87,2,1,7,67,192.1,328.3,48.1,Complete
88,2,1,8,85,128.6,273.1,61.7,Partial
89,2,1,9,124,96.8,213.2,81.2,Complete
90,2,1,10,129,99.6,202.9,76.0,Estimated
91,2,2,1,77,123.8,208.8,78.1,Complete
92,2,2,2,82,97.3,203.9,91.6,Complete
93,2,2,3,65,122.3,241.7,68.2,Complete
94,2,2,4,148,110.3,222.3,78.1,Complete
95,2,2,5,176,122.6,215.4,81.6,Complete
96,2,2,6,82,122.6,232.4,68.7,Complete
97,2,2,7,89,142.8,287.3,62.8,Complete
98,2,2,8,43,139.4,250.8,62.9,Complete
99,2,2,9,63,99.0,195.9,76.7,Complete
100,2,2,10,129,120.7,205.1,91.4,Complete
101,2,3,1,216,1.4,2.4,76.8,Complete
102,2,3,2,262,1.0,2.0,89.0,Complete
103,2,3,3,235,1.3,2.3,90.9,Complete
104,2,3,4,214,1.1,1.9,84.1,Complete
105,2,3,5,158,1.0,2.2,83.1,Estimated
106,2,3,6,247,1.4,2.6,75.3,Complete
107,2,3,7,169,1.6,2.7,76.1,Complete
108,2,3,8,107,1.9,3.7,51.3,Complete
109,2,3,9,238,1.2,2.2,87.5,Complete
110,2,3,10,268,1.2,2.0,84.8,Complete
111,2,4,1,122,60.5,116.1,96.6,Complete
112,2,4,2,101,58.6,114.9,86.8,Complete
113,2,4,3,185,67.8,120.3,86.8,Partial
114,2,4,4,124,78.0,135.7,84.3,Complete
115,2,4,5,61,66.8,123.1,78.4,Complete
116,2,4,6,75,71.1,123.1,86.0,Complete
117,2,4,7,40,99.0,194.3,60.3,Complete
118,2,4,8,53,116.0,194.7,51.2,Complete
119,2,4,9,135,60.8,125.2,75.8,Complete
120,2,4,10,191,69.0,124.0,75.9,Complete
121,2,5,1,199,15.1,32.5,89.0,Complete
122,2,5,2,85,13.2,27.7,94.8,Complete
123,2,5,3,92,19.1,32.9,80.0,Complete
124,2,5,4,116,15.8,29.8,85.3,Complete
125,2,5,5,90,19.3,35.7,82.2,Complete
126,2,5,6,57,16.4,31.7,77.1,Complete
127,2,5,7,44,25.6,48.7,47.5,Complete
128,2,5,8,47,27.8,51.0,51.9,Complete
129,2,5,9,92,17.3,36.2,67.1,Complete
130,2,5,10,305,19.6,33.9,77.2,Complete
131,2,6,1,245,8.0,14.6,86.2,Complete
132,2,6,2,149,8.5,17.4,74.5,Estimated
133,2,6,3,200,6.6,13.9,97.9,Complete
134,2,6,4,219,8.6,14.9,97.6,Complete
135,2,6,5,131,8.4,14.3,91.0,Complete
136,2,6,6,281,9.6,18.5,69.8,Complete
137,2,6,7,138,13.6,23.7,52.4,Partial
138,2,6,8,316,14.6,25.1,45.1,Complete
139,2,6,9,115,10.1,17.2,69.8,Complete
140,2,6,10,371,9.9,17.7,70.1,Complete
141,2,7,1,95,16.0,28.2,80.8,Complete
142,2,7,2,145,14.9,32.1,70.1,Complete
143,2,7,3,113,16.2,27.4,100.0,Complete
144,2,7,4,195,17.4,31.2,84.4,Complete
145,2,7,5,144,16.6,29.3,97.9,Complete
146,2,7,6,128,18.2,31.0,74.3,Complete
147,2,7,7,91,20.9,45.1,50.3,Complete
148,2,7,8,98,26.1,47.1,57.2,Complete
149,2,7,9,184,17.1,34.1,72.5,Complete
150,2,7,10,229,13.0,26.1,100.0,Complete
151,2,8,1,92,16.8,30.8,97.0,Estimated
152,2,8,2,61,19.9,37.2,75.4,Complete
153,2,8,3,215,15.6,30.8,94.5,Estimated
154,2,8,4,173,21.6,39.4,76.2,Complete
155,2,8,5,197,15.2,29.3,100.0,Complete
156,2,8,6,146,20.2,34.9,78.5,Partial
157,2,8,7,89,21.8,42.0,68.0,Complete
158,2,8,8,80,28.6,50.7,58.6,Complete
159,2,8,9,114,15.8,30.8,86.3,Complete
160,2,8,10,143,16.5,32.2,85.6,Complete
161,3,8,1,70,25.4,46.1,57.7,Estimated
162,3,8,2,63,22.2,40.7,76.4,Complete
163,3,8,3,55,25.8,48.4,59.0,Complete
164,3,8,4,47,23.1,42.7,59.7,Complete
165,3,8,5,47,22.0,43.4,64.7,Complete
166,3,8,6,69,25.0,53.2,50.4,Estimated
167,3,8,7,16,36.1,72.1,39.7,Complete
168,3,8,8,38,36.1,69.7,43.8,Complete
169,3,8,9,73,24.4,47.4,59.0,Complete
170,3,8,10,54,23.7,45.3,61.8,Complete
171,4,1,1,38,120.0,227.4,66.8,Complete
172,4,1,2,28,91.2,175.1,88.6,Partial
173,4,1,3,31,85.2,182.1,98.5,Complete
174,4,1,4,23,122.2,205.8,78.9,Complete
175,4,1,5,19,99.3,189.3,77.9,Estimated
176,4,1,6,32,128.2,218.8,73.7,Complete
177,4,1,7,7,141.9,259.5,72.9,Complete
178,4,1,8,26,124.3,272.9,69.7,Complete
179,4,1,9,27,90.9,160.4,100.0,Complete
180,4,1,10,21,93.3,206.1,81.0,Complete
181,4,5,1,31,15.7,30.7,95.4,Complete
182,4,5,2,31,14.5,26.7,84.8,Complete
183,4,5,3,13,14.9,31.6,72.9,Complete
184,4,5,4,32,12.4,24.8,92.4,Complete
185,4,5,5,19,16.1,27.2,100.0,Complete
186,4,5,6,17,17.2,30.1,86.6,Complete
187,4,5,7,8,21.6,44.2,60.8,Complete
188,4,5,8,9,19.4,34.3,71.8,Partial
189,4,5,9,13,13.8,23.8,95.1,Complete
190,4,5,10,42,13.8,27.1,100.0,Partial
191,4,8,1,24,14.7,28.9,91.5,Complete
192,4,8,2,12,18.6,36.4,83.1,Complete
193,4,8,3,22,19.7,36.9,67.4,Complete
194,4,8,4,24,18.5,32.2,85.2,Complete
195,4,8,5,39,18.8,35.5,76.0,Complete
196,4,8,6,17,13.4,26.8,100.0,Partial
197,4,8,7,11,24.3,43.4,57.8,Complete
198,4,8,8,20,20.6,43.5,63.1,Complete
199,4,8,9,40,17.3,30.0,86.1,Partial
200,4,8,10,25,17.4,34.8,84.8,Complete
201,5,2,1,15,155.7,323.3,51.2,Complete
202,5,2,2,44,175.4,355.4,42.9,Partial
203,5,2,3,54,179.3,395.1,39.7,Complete
204,5,2,4,34,194.4,402.3,40.5,Complete
205,5,2,5,55,181.5,362.3,47.2,Complete
206,5,2,6,59,174.4,335.1,54.8,Complete
207,5,2,7,15,280.0,533.2,31.2,Complete
208,5,2,8,48,300.6,575.2,29.4,Complete
209,5,2,9,34,211.6,379.4,46.3,Complete
210,5,2,10,74,169.7,287.3,62.7,Complete
211,5,4,1,39,144.6,245.7,38.5,Complete
212,5,4,2,48,125.3,212.3,48.0,Complete
213,5,4,3,56,116.6,256.5,38.0,Complete
214,5,4,4,50,130.6,220.6,44.7,Complete
215,5,4,5,66,123.8,233.0,44.7,Complete
216,5,4,6,28,122.4,224.2,50.0,Complete
217,5,4,7,14,211.0,356.6,26.3,Complete
218,5,4,8,16,132.5,289.5,32.6,Complete
219,5,4,9,60,90.5,184.9,48.6,Estimated
220,5,4,10,53,103.8,209.6,56.0,Complete
221,5,8,1,53,34.5,59.7,50.6,Complete
222,5,8,2,21,25.7,56.1,47.9,Complete
223,5,8,3,78,31.8,56.8,44.1,Complete
224,5,8,4,75,32.0,57.1,52.8,Complete
225,5,8,5,59,32.6,60.0,46.7,Complete
226,5,8,6,57,36.8,67.5,42.5,Partial
227,5,8,7,15,36.0,69.2,42.4,Estimated
228,5,8,8,12,38.7,74.3,35.2,Complete
229,5,8,9,40,35.8,59.7,41.5,Complete
230,5,8,10,45,30.4,65.1,42.1,Complete
231,6,1,1,19,122.9,241.8,73.5,Partial
232,6,1,2,26,105.5,196.3,77.2,Complete
233,6,1,3,25,133.4,238.5,74.9,Estimated
234,6,1,4,49,96.1,191.3,87.0,Partial
235,6,1,5,49,103.9,203.5,78.9,Complete
236,6,1,6,76,106.2,206.2,84.5,Complete
237,6,1,7,10,120.1,254.5,71.3,Complete
238,6,1,8,16,134.7,295.5,59.7,Complete
239,6,1,9,52,106.7,206.1,85.9,Complete
240,6,1,10,35,76.8,170.1,100.0,Complete
241,6,2,1,19,114.5,244.8,68.1,Complete
242,6,2,2,80,111.7,220.4,76.6,Complete
243,6,2,3,31,109.5,194.7,82.4,Complete
244,6,2,4,25,107.0,223.6,69.6,Complete
245,6,2,5,33,125.9,220.9,82.6,Complete
246,6,2,6,60,84.0,171.8,100.0,Partial
247,6,2,7,27,173.6,292.6,52.2,Complete
248,6,2,8,17,154.7,294.5,62.6,Complete
249,6,2,9,79,88.3,181.5,100.0,Complete
250,6,2,10,18,97.9,215.3,76.4,Complete
251,6,4,1,33,75.5,141.0,81.7,Estimated
252,6,4,2,18,61.2,116.2,80.9,Complete
253,6,4,3,55,62.4,120.1,74.7,Estimated
254,6,4,4,64,61.7,130.6,77.3,Complete
255,6,4,5,41,79.8,138.0,75.4,Complete
256,6,4,6,54,71.5,124.6,91.9,Partial
257,6,4,7,13,94.8,190.6,60.1,Complete
258,6,4,8,10,100.2,196.8,56.4,Complete
259,6,4,9,63,49.6,108.4,83.2,Complete
260,6,4,10,23,78.1,137.1,76.8,Estimated
261,6,5,1,53,19.2,34.0,70.2,Partial
262,6,5,2,26,18.3,37.0,64.6,Complete
263,6,5,3,32,14.8,27.1,85.3,Complete
264,6,5,4,52,16.4,27.4,84.0,Complete
265,6,5,5,59,16.3,32.2,83.3,Partial
266,6,5,6,42,20.2,36.3,64.1,Complete
267,6,5,7,20,27.8,50.2,51.7,Complete
268,6,5,8,34,25.9,52.2,44.6,Partial
269,6,5,9,28,15.9,29.7,87.7,Complete
270,6,5,10,44,17.4,31.7,83.0,Complete
271,6,7,1,58,17.9,33.2,74.4,Partial
272,6,7,2,27,17.9,30.0,76.1,Complete
273,6,7,3,36,18.7,33.9,86.4,Estimated
274,6,7,4,23,14.8,27.8,88.6,Complete
275,6,7,5,18,15.6,30.1,94.1,Complete
276,6,7,6,27,18.0,33.7,72.2,Complete
277,6,7,7,35,20.4,39.4,58.2,Complete
278,6,7,8,32,22.4,37.8,68.6,Complete
279,6,7,9,28,14.7,29.6,88.0,Complete
280,6,7,10,49,18.1,31.8,73.1,Partial
281,6,8,1,30,22.3,39.6,76.1,Complete
282,6,8,2,25,18.6,36.4,86.3,Complete
283,6,8,3,27,20.8,40.0,70.1,Complete
284,6,8,4,57,21.2,36.5,69.3,Complete
285,6,8,5,29,19.5,32.6,88.5,Complete
286,6,8,6,80,17.9,36.7,71.3,Complete
287,6,8,7,32,32.2,56.9,50.1,Complete
288,6,8,8,13,29.1,50.9,52.1,Complete
289,6,8,9,48,15.2,31.9,94.3,Complete
290,6,8,10,29,17.9,32.0,87.3,Complete
291,7,1,1,322,118.8,223.8,80.6,Complete
292,7,1,2,456,86.6,187.2,82.6,Estimated
293,7,1,3,290,115.8,239.3,73.5,Complete
294,7,1,4,480,115.9,234.0,65.3,Partial
295,7,1,5,425,97.8,178.0,97.8,Complete
296,7,1,6,485,100.5,174.4,96.2,Partial
297,7,1,7,97,157.7,300.4,59.8,Complete
298,7,1,8,301,183.8,321.9,56.6,Complete
299,7,1,9,456,87.6,188.7,90.5,Complete
300,7,1,10,655,91.3,174.9,100.0,Estimated
301,7,2,1,341,112.5,221.4,67.5,Complete
302,7,2,2,375,130.5,223.7,76.4,Complete
303,7,2,3,346,80.8,179.3,81.8,Complete
304,7,2,4,206,106.3,224.1,80.9,Complete
305,7,2,5,271,113.9,238.5,63.7,Complete
306,7,2,6,445,91.2,172.5,86.9,Complete
307,7,2,7,99,118.4,261.4,63.7,Complete
308,7,2,8,116,126.6,246.7,71.4,Complete
309,7,2,9,587,98.1,217.3,87.5,Complete
310,7,2,10,313,86.6,183.1,80.5,Complete
311,7,3,1,482,1.3,2.8,64.2,Partial
312,7,3,2,460,1.2,2.3,87.6,Estimated
313,7,3,3,565,1.1,2.3,84.8,Complete
314,7,3,4,481,1.2,2.4,80.8,Complete
315,7,3,5,428,1.2,2.0,96.6,Complete
316,7,3,6,459,1.0,1.9,96.9,Estimated
317,7,3,7,543,1.8,3.1,65.5,Complete
318,7,3,8,648,1.6,2.9,71.0,Complete
319,7,3,9,833,1.1,2.0,84.9,Complete
320,7,3,10,848,1.0,2.2,73.1,Complete
321,7,4,1,390,66.9,126.5,74.3,Estimated
322,7,4,2,275,73.3,143.6,74.4,Partial
323,7,4,3,234,68.3,124.7,72.8,Complete
324,7,4,4,592,62.7,124.8,73.4,Complete
325,7,4,5,318,65.7,112.9,90.0,Complete
326,7,4,6,208,53.7,118.8,78.8,Complete
327,7,4,7,361,91.7,200.4,53.5,Complete
328,7,4,8,160,86.7,156.2,74.5,Complete
329,7,4,9,234,68.3,128.6,80.3,Complete
330,7,4,10,426,70.6,128.6,75.8,Complete
331,7,5,1,153,17.9,37.9,66.1,Complete
332,7,5,2,330,18.1,31.5,79.8,Complete
333,7,5,3,678,15.7,33.5,83.0,Complete
334,7,5,4,459,19.3,33.3,86.0,Complete
335,7,5,5,212,15.8,34.2,67.4,Complete
336,7,5,6,216,16.7,31.1,89.6,Complete
337,7,5,7,158,21.3,38.9,65.2,Complete
338,7,5,8,197,26.0,52.0,56.5,Complete
339,7,5,9,490,15.7,30.4,93.0,Complete
340,7,5,10,267,17.8,29.7,86.1,Complete
341,7,6,1,699,9.0,18.5,62.0,Complete
342,7,6,2,409,8.2,16.6,87.9,Complete
343,7,6,3,685,10.5,17.7,82.2,Complete
344,7,6,4,403,7.8,16.4,86.9,Partial
345,7,6,5,568,8.1,14.3,100.0,Complete
346,7,6,6,622,9.2,16.6,70.8,Complete
347,7,6,7,541,10.0,22.0,56.7,Complete
348,7,6,8,721,11.2,23.4,57.1,Complete
349,7,6,9,697,7.6,16.7,74.9,Complete
350,7,6,10,597,7.2,13.3,87.8,Complete
351,7,7,1,612,14.8,31.3,80.4,Complete
352,7,7,2,320,20.7,37.8,59.8,Partial
353,7,7,3,327,19.0,33.7,81.9,Complete
354,7,7,4,503,15.6,27.8,100.0,Complete
355,7,7,5,138,21.2,35.4,73.9,Complete
356,7,7,6,368,19.1,32.6,76.1,Complete
357,7,7,7,129,23.5,48.8,48.8,Complete
358,7,7,8,156,24.1,47.5,53.4,Complete
359,7,7,9,524,15.9,34.3,67.1,Complete
360,7,7,10,539,17.0,32.2,88.7,Complete
361,7,8,1,503,16.5,35.7,87.8,Complete
362,7,8,2,585,16.6,29.4,92.7,Complete
363,7,8,3,330,22.7,38.3,68.2,Complete
364,7,8,4,215,19.4,34.1,82.9,Complete
365,7,8,5,408,16.5,34.6,88.4,Complete
366,7,8,6,304,15.3,31.8,94.6,Complete
367,7,8,7,199,21.3,43.3,63.4,Complete
368,7,8,8,165,21.4,41.2,65.9,Complete
369,7,8,9,621,17.4,30.4,91.8,Complete
370,7,8,10,333,17.3,37.0,72.5,Complete
371,8,1,1,204,94.2,182.9,81.1,Partial
372,8,1,2,126,128.4,235.0,80.2,Complete
373,8,1,3,109,107.2,221.2,71.9,Complete
374,8,1,4,80,83.3,184.6,94.9,Complete
375,8,1,5,55,103.9,186.8,91.2,Complete
376,8,1,6,140,102.4,219.4,78.0,Complete
377,8,1,7,81,127.9,262.9,72.4,Complete
378,8,1,8,66,137.7,287.8,53.6,Complete
379,8,1,9,130,90.8,189.4,95.0,Complete
380,8,1,10,82,99.6,189.8,99.4,Complete
381,8,2,1,173,112.8,199.1,73.7,Complete
382,8,2,2,117,101.8,196.9,77.8,Complete
383,8,2,3,98,127.5,228.0,78.8,Complete
384,8,2,4,173,138.8,232.7,68.5,Complete
385,8,2,5,91,112.0,224.7,69.1,Complete
386,8,2,6,118,105.1,197.8,78.2,Complete
387,8,2,7,62,124.5,249.0,73.6,Complete
388,8,2,8,61,161.6,317.0,55.1,Partial
389,8,2,9,246,111.6,199.9,82.9,Complete
390,8,2,10,276,97.3,216.2,72.2,Complete
391,8,3,1,161,1.1,2.2,76.3,Complete
392,8,3,2,247,1.4,2.4,84.8,Complete
393,8,3,3,249,1.0,2.1,91.4,Complete
394,8,3,4,236,1.3,2.4,71.4,Complete
395,8,3,5,223,1.2,2.3,86.6,Complete
396,8,3,6,160,1.2,2.3,70.6,Complete
397,8,3,7,213,1.9,3.4,59.7,Complete
398,8,3,8,260,1.6,2.7,76.1,Complete
399,8,3,9,232,1.2,2.2,83.0,Partial
400,8,3,10,297,1.0,2.0,94.5,Complete
401,8,4,1,207,64.1,121.1,94.6,Complete
402,8,4,2,138,68.9,150.4,65.8,Complete
403,8,4,3,147,88.5,149.3,70.4,Partial
404,8,4,4,119,70.5,128.6,78.9,Complete
405,8,4,5,143,64.4,121.1,93.8,Complete
406,8,4,6,224,68.7,122.3,83.5,Complete
407,8,4,7,108,97.1,179.4,62.5,Complete
408,8,4,8,82,99.4,201.9,58.1,Complete
409,8,4,9,73,71.1,119.1,96.8,Complete
410,8,4,10,111,52.7,103.1,100.0,Complete
411,8,5,1,128,17.2,30.2,90.6,Complete
412,8,5,2,141,17.1,33.9,71.4,Complete
413,8,5,3,197,20.9,35.6,63.1,Complete
414,8,5,4,167,20.1,35.6,66.2,Complete
415,8,5,5,186,13.0,26.6,85.6,Complete
416,8,5,6,175,14.9,31.6,85.7,Complete
417,8,5,7,47,23.8,48.5,56.7,Complete
418,8,5,8,63,21.9,38.2,65.6,Complete
419,8,5,9,252,15.8,27.8,95.9,Complete
420,8,5,10,195,12.6,25.4,92.4,Complete
421,8,6,1,298,7.2,14.6,77.3,Complete
422,8,6,2,178,8.3,14.9,83.9,Estimated
423,8,6,3,198,9.1,15.1,77.7,Complete
424,8,6,4,279,8.2,14.0,97.8,Complete
425,8,6,5,201,7.7,17.1,68.3,Complete
426,8,6,6,155,8.7,16.5,68.6,Complete
427,8,6,7,118,14.4,25.0,49.3,Complete
428,8,6,8,271,11.8,23.2,49.1,Complete
429,8,6,9,225,7.2,13.9,80.6,Complete
430,8,6,10,262,10.2,17.1,71.2,Complete
431,8,7,1,177,17.0,32.3,76.8,Complete
432,8,7,2,122,19.1,35.8,77.6,Complete
433,8,7,3,87,17.0,29.4,95.3,Complete
434,8,7,4,114,14.9,27.4,100.0,Complete
435,8,7,5,99,15.1,30.4,93.3,Complete
436,8,7,6,92,16.3,31.3,74.6,Complete
437,8,7,7,133,22.9,49.8,48.7,Complete
438,8,7,8,71,22.7,42.9,59.2,Complete
439,8,7,9,94,19.2,32.4,76.3,Complete
440,8,7,10,65,15.7,27.7,83.8,Partial
441,8,8,1,240,20.2,34.7,78.7,Complete
442,8,8,2,275,15.0,30.6,100.0,Complete
443,8,8,3,193,19.0,34.4,85.1,Partial
444,8,8,4,104,20.2,36.0,87.2,Complete
445,8,8,5,199,21.1,37.2,78.6,Complete
446,8,8,6,193,17.6,30.3,86.1,Complete
447,8,8,7,58,22.5,48.9,63.6,Complete
448,8,8,8,131,21.6,41.7,71.1,Complete
449,8,8,9,74,19.6,36.6,67.3,Complete
450,8,8,10,189,17.6,36.2,81.8,Complete
451,9,1,1,56,127.2,249.5,67.8,Complete
452,9,1,2,38,100.9,195.5,84.1,Complete
453,9,1,3,68,103.4,180.0,94.0,Complete
454,9,1,4,41,139.3,242.9,73.5,Complete
455,9,1,5,53,95.5,178.1,88.1,Partial
456,9,1,6,70,109.2,204.8,80.7,Complete
457,9,1,7,20,125.2,256.4,61.9,Complete
458,9,1,8,24,141.8,282.1,67.6,Complete
459,9,1,9,37,100.9,210.3,76.8,Complete
460,9,1,10,72,104.3,204.8,86.3,Estimated
461,9,2,1,54,107.3,206.3,70.9,Complete
462,9,2,2,52,85.4,181.7,93.8,Complete
463,9,2,3,33,113.1,208.6,80.9,Complete
464,9,2,4,27,115.4,201.3,84.7,Complete
465,9,2,5,45,92.4,202.5,90.2,Complete
466,9,2,6,76,123.2,230.4,78.2,Complete
467,9,2,7,61,117.3,247.5,76.8,Complete
468,9,2,8,26,143.1,263.6,65.8,Complete
469,9,2,9,114,103.5,184.5,99.8,Complete
470,9,2,10,61,117.1,201.9,91.0,Complete
471,9,4,1,39,60.3,114.8,94.9,Complete
472,9,4,2,58,64.5,126.0,93.2,Complete
473,9,4,3,73,55.1,118.6,98.8,Complete
474,9,4,4,56,66.4,117.2,98.6,Complete
475,9,4,5,69,68.0,122.0,96.1,Complete
476,9,4,6,64,73.6,132.8,70.1,Complete
477,9,4,7,16,122.4,212.0,53.2,Complete
478,9,4,8,29,97.2,202.5,49.9,Complete
479,9,4,9,116,56.7,108.9,86.7,Partial
480,9,4,10,41,67.7,134.6,81.4,Complete
481,9,5,1,47,20.1,33.8,67.8,Complete
482,9,5,2,91,20.6,37.4,66.9,Complete
483,9,5,3,61,14.3,30.8,80.6,Complete
484,9,5,4,29,13.2,27.0,83.5,Complete
485,9,5,5,89,14.2,27.1,100.0,Complete
486,9,5,6,59,16.7,28.4,89.9,Complete
487,9,5,7,18,18.8,38.5,59.7,Complete
488,9,5,8,21,28.6,51.9,53.3,Complete
489,9,5,9,28,15.6,28.9,87.8,Partial
490,9,5,10,39,14.1,27.1,100.0,Complete
491,9,7,1,66,18.2,33.8,81.4,Complete
492,9,7,2,31,21.0,37.5,60.3,Partial
493,9,7,3,71,14.1,29.4,94.3,Complete
494,9,7,4,42,13.4,29.6,84.6,Complete
495,9,7,5,94,16.3,27.2,100.0,Complete
496,9,7,6,54,13.0,27.1,84.5,Estimated
497,9,7,7,57,30.6,51.5,47.6,Complete
498,9,7,8,37,26.6,44.5,58.7,Complete
499,9,7,9,91,16.9,33.6,86.4,Complete
500,9,7,10,34,18.1,31.8,85.8,Complete
501,9,8,1,50,19.8,35.5,71.5,Complete
502,9,8,2,47,21.1,40.9,67.0,Complete
503,9,8,3,56,22.2,38.2,66.4,Complete
504,9,8,4,48,15.4,30.1,98.8,Estimated
505,9,8,5,46,15.3,28.7,100.0,Complete
506,9,8,6,116,21.7,36.8,78.5,Complete
507,9,8,7,14,25.6,48.7,51.3,Complete
508,9,8,8,25,24.6,53.2,58.1,Partial
509,9,8,9,44,17.9,31.0,85.7,Complete
510,9,8,10,57,16.0,30.4,100.0,Complete
511,10,1,1,48,148.4,249.4,66.3,Complete
512,10,1,2,54,108.2,203.2,84.4,Complete
513,10,1,3,181,126.2,239.6,66.8,Complete
514,10,1,4,118,92.2,178.8,100.0,Partial
515,10,1,5,120,85.4,173.8,91.8,Complete
516,10,1,6,54,100.6,186.5,81.6,Complete
517,10,1,7,83,121.6,264.2,63.4,Complete
518,10,1,8,66,150.9,305.1,52.2,Complete
519,10,1,9,97,91.6,180.3,94.2,Estimated
520,10,1,10,181,123.3,208.8,72.1,Complete
521,10,2,1,128,115.4,223.0,77.6,Complete
522,10,2,2,156,134.7,245.1,59.9,Complete
523,10,2,3,76,118.0,230.5,82.3,Complete
524,10,2,4,153,116.9,232.3,74.4,Complete
525,10,2,5,51,84.5,180.0,86.5,Complete
526,10,2,6,118,132.0,230.4,78.3,Complete
527,10,2,7,52,154.7,286.2,61.0,Complete
528,10,2,8,85,152.3,258.5,64.5,Complete
529,10,2,9,49,100.4,178.1,91.1,Complete
530,10,2,10,138,94.2,191.6,85.7,Complete
531,10,3,1,177,1.2,2.4,78.9,Complete
532,10,3,2,93,1.4,2.5,64.9,Complete
533,10,3,3,119,1.3,2.1,78.4,Complete
534,10,3,4,164,1.2,2.3,87.7,Complete
535,10,3,5,154,1.1,2.3,79.4,Complete
536,10,3,6,96,1.3,2.2,88.1,Complete
537,10,3,7,140,1.6,3.4,53.0,Complete
538,10,3,8,166,2.0,3.4,56.2,Complete
539,10,3,9,163,0.9,1.9,90.6,Complete
540,10,3,10,168,1.3,2.3,71.4,Complete
541,10,4,1,138,58.9,113.7,92.0,Complete
542,10,4,2,85,84.7,142.4,78.1,Complete
543,10,4,3,101,70.5,120.5,92.4,Complete
544,10,4,4,51,74.0,144.8,77.0,Complete
545,10,4,5,51,68.0,129.7,85.6,Complete
546,10,4,6,54,56.2,111.0,86.9,Complete
547,10,4,7,85,99.1,208.9,46.1,Complete
548,10,4,8,25,95.3,199.0,49.9,Complete
549,10,4,9,126,51.4,106.8,96.3,Complete
550,10,4,10,73,62.6,118.2,79.5,Partial
551,10,5,1,95,16.2,32.1,78.9,Complete
552,10,5,2,51,16.0,35.5,67.3,Complete
553,10,5,3,49,18.8,36.6,62.3,Partial
554,10,5,4,104,14.3,29.8,90.4,Complete
555,10,5,5,79,13.5,27.8,86.7,Complete
556,10,5,6,48,18.8,36.8,75.2,Estimated
557,10,5,7,85,29.0,52.3,44.2,Complete
558,10,5,8,34,24.2,45.3,58.8,Complete
559,10,5,9,168,13.9,28.4,83.7,Complete
560,10,5,10,134,15.9,27.8,85.2,Complete
561,10,6,1,90,9.3,18.9,74.3,Complete
562,10,6,2,126,8.1,14.3,97.9,Partial
563,10,6,3,186,8.7,14.7,87.0,Complete
564,10,6,4,104,8.1,15.7,91.4,Complete
565,10,6,5,110,9.6,17.8,76.8,Complete
566,10,6,6,120,7.5,13.2,94.9,Partial
567,10,6,7,130,10.9,23.3,60.2,Complete
568,10,6,8,152,11.7,22.4,61.3,Complete
569,10,6,9,182,9.1,15.8,91.2,Complete
570,10,6,10,144,8.6,17.7,69.1,Complete
571,10,7,1,129,20.6,37.7,73.0,Complete
572,10,7,2,95,21.4,37.4,64.8,Complete
573,10,7,3,55,18.3,36.3,72.0,Complete
574,10,7,4,103,19.0,35.8,69.3,Estimated
575,10,7,5,100,18.8,33.6,67.1,Complete
576,10,7,6,98,14.6,30.4,84.6,Complete
577,10,7,7,75,24.9,49.2,53.2,Complete
578,10,7,8,81,22.4,39.9,64.6,Complete
579,10,7,9,108,19.0,33.5,85.7,Complete
580,10,7,10,55,16.6,34.3,70.0,Estimated
581,10,8,1,105,17.4,29.5,92.9,Complete
582,10,8,2,84,17.9,39.2,72.0,Complete
583,10,8,3,58,15.1,32.9,78.3,Partial
584,10,8,4,78,16.1,33.3,75.5,Complete
585,10,8,5,154,20.2,34.1,71.2,Complete
586,10,8,6,177,18.2,37.2,74.7,Complete
587,10,8,7,58,20.1,41.9,60.2,Complete
588,10,8,8,53,23.3,50.3,61.2,Complete
589,10,8,9,98,18.0,33.2,77.4,Complete
590,10,8,10,45,16.1,28.4,84.8,Complete
591,11,2,1,61,97.6,207.1,89.4,Complete
592,11,2,2,52,121.0,222.3,67.2,Complete
593,11,2,3,43,120.5,259.6,66.9,Complete
594,11,2,4,28,111.0,235.5,75.6,Complete
595,11,2,5,28,104.2,228.4,71.3,Complete
596,11,2,6,71,111.5,228.4,69.9,Complete
597,11,2,7,8,169.5,290.9,58.2,Complete
598,11,2,8,11,164.1,326.3,49.7,Complete
599,11,2,9,31,130.2,230.8,70.1,Complete
600,11,2,10,65,104.0,200.8,77.7,Estimated
601,11,7,1,18,22.6,42.7,59.8,Complete
602,11,7,2,52,17.3,34.5,75.8,Complete
603,11,7,3,52,17.8,33.3,72.9,Complete
604,11,7,4,17,20.8,36.0,78.4,Estimated
605,11,7,5,35,13.9,30.1,89.6,Complete
606,11,7,6,26,22.4,40.7,63.4,Partial
607,11,7,7,21,27.9,59.7,40.9,Estimated
608,11,7,8,11,31.1,56.6,42.0,Complete
609,11,7,9,73,14.8,32.5,72.1,Complete
610,11,7,10,95,13.7,29.4,79.3,Complete
611,11,8,1,62,20.9,41.1,69.4,Complete
612,11,8,2,20,22.5,40.4,69.0,Complete
613,11,8,3,22,17.5,34.9,89.3,Complete
614,11,8,4,49,17.9,37.7,71.6,Complete
615,11,8,5,46,18.7,36.7,70.0,Complete
616,11,8,6,20,22.3,43.7,57.0,Estimated
617,11,8,7,15,31.5,53.6,57.1,Complete
618,11,8,8,35,24.6,46.7,63.0,Complete
619,11,8,9,70,20.8,42.1,59.4,Complete
620,11,8,10,23,22.3,42.5,72.0,Complete
621,12,5,1,25,21.2,38.7,69.2,Partial
622,12,5,2,37,22.9,42.8,56.5,Partial
623,12,5,3,34,19.4,33.6,80.8,Complete
624,12,5,4,29,20.8,40.9,66.0,Complete
625,12,5,5,21,18.8,35.4,79.6,Complete
626,12,5,6,26,18.6,37.3,65.6,Complete
627,12,5,7,8,27.0,54.3,43.0,Partial
628,12,5,8,6,21.3,45.2,59.2,Complete
629,12,5,9,17,19.1,39.2,67.5,Complete
630,12,5,10,18,17.1,36.6,73.7,Complete
631,12,8,1,27,19.9,44.1,70.4,Complete
632,12,8,2,34,22.9,46.3,58.4,Complete
633,12,8,3,29,20.9,38.7,74.3,Complete
634,12,8,4,9,22.2,40.7,62.6,Complete
635,12,8,5,14,20.3,36.1,76.6,Complete
636,12,8,6,24,19.7,34.8,85.5,Complete
637,12,8,7,10,22.7,50.0,58.8,Complete
638,12,8,8,8,21.8,46.6,58.1,Complete
639,12,8,9,41,17.8,31.4,89.2,Complete
640,12,8,10,11,16.3,33.8,81.7,Partial
641,13,1,1,238,109.6,206.3,77.5,Partial
642,13,1,2,103,94.7,208.1,74.4,Complete
643,13,1,3,102,110.3,217.7,74.2,Complete
644,13,1,4,86,112.4,190.6,96.2,Complete
645,13,1,5,261,120.4,242.2,60.4,Complete
646,13,1,6,340,135.5,235.7,66.2,Complete
647,13,1,7,149,149.3,252.7,63.0,Complete
648,13,1,8,138,153.6,311.8,53.1,Complete
649,13,1,9,174,101.8,184.4,95.3,Partial
650,13,1,10,88,103.2,182.2,88.7,Complete
651,13,2,1,170,127.1,248.4,67.6,Complete
652,13,2,2,131,110.1,202.8,82.2,Estimated
653,13,2,3,232,115.7,213.0,87.1,Complete
654,13,2,4,248,93.8,201.1,73.3,Complete
655,13,2,5,290,129.3,234.2,74.9,Complete
656,13,2,6,235,118.4,239.4,64.1,Complete
657,13,2,7,64,146.6,257.8,69.5,Partial
658,13,2,8,157,159.2,314.4,53.0,Complete
659,13,2,9,285,120.5,203.5,73.1,Complete
660,13,2,10,163,99.3,183.4,81.4,Complete
661,13,3,1,340,1.5,2.7,75.4,Complete
662,13,3,2,191,1.4,2.5,81.7,Complete
663,13,3,3,319,1.4,2.5,64.9,Estimated
664,13,3,4,251,1.3,2.5,67.4,Complete
665,13,3,5,295,1.1,2.3,87.3,Partial
666,13,3,6,258,1.2,2.2,78.3,Complete
667,13,3,7,323,1.8,3.2,62.2,Partial
668,13,3,8,171,1.7,3.6,52.4,Complete
669,13,3,9,224,1.1,1.9,100.0,Complete
670,13,3,10,324,1.1,2.3,87.1,Complete
671,13,4,1,205,57.9,127.7,78.0,Complete
672,13,4,2,124,89.4,151.7,66.8,Complete
673,13,4,3,173,69.7,149.2,75.6,Complete
674,13,4,4,122,66.1,133.1,68.3,Complete
675,13,4,5,198,57.6,124.2,83.3,Complete
676,13,4,6,180,58.8,108.1,91.3,Complete
677,13,4,7,163,88.1,192.0,58.0,Complete
678,13,4,8,150,90.3,195.6,55.1,Complete
679,13,4,9,133,71.4,138.0,79.1,Complete
680,13,4,10,336,57.8,114.1,100.0,Partial
681,13,5,1,141,13.3,27.5,99.2,Complete
682,13,5,2,124,19.0,34.3,71.5,Complete
683,13,5,3,117,20.9,36.4,70.1,Complete
684,13,5,4,198,15.1,30.7,93.4,Complete
685,13,5,5,138,15.0,27.3,98.8,Complete
686,13,5,6,189,19.1,32.9,74.3,Complete
687,13,5,7,50,31.0,52.9,45.3,Complete
688,13,5,8,113,23.0,40.4,69.0,Complete
689,13,5,9,235,15.2,27.3,99.4,Complete
690,13,5,10,253,15.4,30.7,75.1,Complete
691,13,6,1,261,8.8,19.1,76.2,Complete
692,13,6,2,233,7.5,15.5,93.7,Estimated
693,13,6,3,270,7.1,15.8,90.3,Complete
694,13,6,4,225,7.3,13.8,89.0,Complete
695,13,6,5,413,8.7,14.8,90.7,Complete
696,13,6,6,396,8.1,15.9,86.5,Complete
697,13,6,7,235,14.6,26.1,46.0,Complete
698,13,6,8,345,11.9,23.7,52.6,Complete
699,13,6,9,491,7.8,13.1,96.1,Complete
700,13,6,10,409,6.8,15.1,83.1,Complete
701,13,7,1,108,13.2,29.1,79.5,Complete
702,13,7,2,142,17.0,37.5,76.5,Complete
703,13,7,3,293,17.1,31.4,92.8,Complete
704,13,7,4,283,15.0,29.1,84.3,Partial
705,13,7,5,68,13.3,28.1,83.3,Complete
706,13,7,6,193,14.1,30.8,88.3,Complete
707,13,7,7,71,24.1,44.2,57.5,Complete
708,13,7,8,155,20.1,44.3,57.9,Complete
709,13,7,9,226,14.2,28.6,79.7,Complete
710,13,7,10,276,18.2,34.1,86.0,Complete
711,13,8,1,129,24.0,41.1,59.9,Complete
712,13,8,2,181,15.3,33.0,95.1,Complete
713,13,8,3,63,14.3,30.4,92.0,Complete
714,13,8,4,144,18.0,39.3,78.5,Complete
715,13,8,5,201,16.9,31.5,89.2,Partial
716,13,8,6,183,18.8,32.1,78.6,Complete
717,13,8,7,39,23.1,46.2,58.8,Complete
718,13,8,8,76,24.6,52.5,56.8,Complete
719,13,8,9,100,16.7,32.9,80.1,Complete
720,13,8,10,336,13.4,27.3,100.0,Complete
721,14,1,1,173,122.6,210.2,72.0,Complete
722,14,1,2,248,125.0,235.4,78.3,Complete
723,14,1,3,112,99.2,218.5,71.8,Complete
724,14,1,4,101,132.7,240.4,72.7,Complete
725,14,1,5,116,128.6,258.4,60.3,Partial
726,14,1,6,66,125.7,247.4,61.4,Complete
727,14,1,7,81,139.1,291.1,58.4,Complete
728,14,1,8,85,140.0,293.4,59.8,Partial
729,14,1,9,118,108.5,227.0,73.8,Complete
730,14,1,10,276,111.8,245.1,74.8,Partial
731,14,2,1,122,132.0,232.8,65.3,Complete
732,14,2,2,256,139.3,250.8,71.7,Complete
733,14,2,3,112,105.5,208.4,73.5,Complete
734,14,2,4,69,126.6,237.9,72.2,Estimated
735,14,2,5,159,98.1,210.6,78.1,Complete
736,14,2,6,203,119.2,210.1,73.8,Estimated
737,14,2,7,92,192.7,335.2,56.7,Complete
738,14,2,8,127,181.0,385.1,42.9,Complete
739,14,2,9,208,125.3,259.5,61.4,Complete
740,14,2,10,103,97.6,196.5,87.4,Complete
741,14,3,1,297,1.4,2.3,85.9,Complete
742,14,3,2,275,1.8,3.0,57.7,Partial
743,14,3,3,189,1.5,2.7,75.2,Complete
744,14,3,4,186,1.1,2.3,77.0,Complete
745,14,3,5,267,1.2,2.6,70.9,Complete
746,14,3,6,148,1.4,2.5,68.1,Complete
747,14,3,7,246,1.9,4.2,49.7,Complete
748,14,3,8,209,2.1,3.8,42.6,Partial
749,14,3,9,285,1.0,2.1,91.7,Complete
750,14,3,10,208,1.1,2.2,94.7,Complete
751,14,4,1,69,84.4,142.0,64.3,Complete
752,14,4,2,268,57.1,126.8,78.7,Complete
753,14,4,3,172,77.3,170.3,55.5,Estimated
754,14,4,4,227,70.7,142.3,80.8,Complete
755,14,4,5,295,71.3,151.2,74.4,Complete
756,14,4,6,100,72.1,141.6,67.5,Complete
757,14,4,7,77,97.2,185.5,59.4,Complete
758,14,4,8,84,114.8,206.6,51.3,Complete
759,14,4,9,167,67.0,126.2,86.9,Complete
760,14,4,10,71,73.0,133.0,74.1,Complete
761,14,5,1,130,21.7,39.4,57.5,Complete
762,14,5,2,166,22.9,38.5,61.5,Complete
763,14,5,3,141,20.8,38.9,59.8,Complete
764,14,5,4,193,19.2,38.6,75.0,Estimated
765,14,5,5,234,15.3,30.5,94.2,Complete
766,14,5,6,61,17.0,31.8,82.8,Complete
767,14,5,7,57,27.5,52.7,50.4,Complete
768,14,5,8,28,31.4,52.8,49.5,Complete
769,14,5,9,238,16.4,30.3,77.2,Estimated
770,14,5,10,178,17.4,29.2,92.7,Complete
771,14,6,1,234,12.9,21.7,61.6,Complete
772,14,6,2,160,7.7,16.5,83.4,Complete
773,14,6,3,174,7.9,15.8,82.7,Complete
774,14,6,4,271,9.9,21.2,65.5,Complete
775,14,6,5,265,8.3,16.0,75.9,Complete
776,14,6,6,176,8.1,18.0,63.2,Complete
777,14,6,7,244,12.6,27.7,49.4,Complete
778,14,6,8,170,12.8,25.7,51.3,Complete
779,14,6,9,405,7.6,15.0,85.8,Partial
780,14,6,10,191,8.4,16.0,73.9,Complete
781,14,7,1,75,21.2,36.1,72.4,Complete
782,14,7,2,214,24.6,41.8,69.4,Complete
783,14,7,3,72,22.8,38.6,70.1,Complete
784,14,7,4,195,18.1,37.7,63.7,Complete
785,14,7,5,239,15.7,32.2,71.9,Complete
786,14,7,6,101,20.0,40.8,55.6,Complete
787,14,7,7,99,31.5,54.4,53.6,Complete
788,14,7,8,62,25.6,56.5,44.9,Complete
789,14,7,9,210,15.8,31.8,78.4,Complete
790,14,7,10,93,16.9,33.5,84.8,Partial
791,14,8,1,118,26.0,45.2,60.7,Complete
792,14,8,2,70,18.7,35.2,85.3,Complete
793,14,8,3,138,18.4,34.1,89.6,Complete
794,14,8,4,143,24.8,43.7,67.4,Complete
795,14,8,5,127,21.2,36.1,83.7,Complete
796,14,8,6,330,22.9,44.4,68.2,Complete
797,14,8,7,98,25.6,51.7,56.0,Complete
798,14,8,8,94,25.0,55.5,47.2,Complete
799,14,8,9,250,18.8,34.2,78.8,Complete
800,14,8,10,232,19.9,33.5,83.3,Complete
801,15,1,1,122,133.1,223.0,67.0,Complete
802,15,1,2,158,88.4,194.2,80.1,Complete
803,15,1,3,63,131.4,243.3,67.3,Complete
804,15,1,4,127,101.2,220.8,76.3,Estimated
805,15,1,5,113,97.2,196.9,94.9,Complete
806,15,1,6,58,90.5,185.1,84.5,Complete
807,15,1,7,77,133.9,259.8,57.4,Complete
808,15,1,8,23,144.3,266.4,71.2,Complete
809,15,1,9,110,85.6,167.4,100.0,Complete
810,15,1,10,202,107.8,201.9,76.2,Complete
811,15,2,1,140,129.6,228.0,67.4,Complete
812,15,2,2,113,115.9,230.1,69.7,Estimated
813,15,2,3,75,96.5,177.6,92.8,Complete
814,15,2,4,42,128.4,245.0,61.8,Complete
815,15,2,5,163,120.7,229.5,65.5,Complete
816,15,2,6,103,96.9,209.6,70.1,Partial
817,15,2,7,71,175.8,307.1,52.8,Complete
818,15,2,8,58,143.9,306.5,51.7,Complete
819,15,2,9,160,91.0,171.8,95.3,Complete
820,15,2,10,144,92.1,199.9,85.4,Complete
821,15,3,1,202,1.3,2.6,78.4,Complete
822,15,3,2,124,1.5,2.6,71.3,Complete
823,15,3,3,174,1.4,2.7,65.6,Complete
824,15,3,4,180,1.1,2.3,81.7,Complete
825,15,3,5,146,0.9,2.0,92.0,Complete
826,15,3,6,177,1.1,2.0,83.7,Complete
827,15,3,7,139,2.2,3.8,53.6,Complete
828,15,3,8,193,1.9,3.3,60.0,Complete
829,15,3,9,255,1.1,2.3,73.6,Partial
830,15,3,10,229,1.1,2.1,93.5,Complete
831,15,4,1,166,83.1,151.5,68.6,Complete
832,15,4,2,113,70.4,147.8,69.1,Complete
833,15,4,3,61,72.1,127.6,73.4,Complete
834,15,4,4,122,69.5,121.8,93.2,Partial
835,15,4,5,134,50.2,109.4,83.3,Estimated
836,15,4,6,86,61.3,108.5,83.8,Complete
837,15,4,7,23,114.9,205.5,44.1,Complete
838,15,4,8,43,86.9,158.2,64.4,Complete
839,15,4,9,140,61.3,109.1,83.6,Complete
840,15,4,10,171,64.9,133.3,76.1,Complete
841,15,5,1,95,18.3,33.1,79.0,Complete
842,15,5,2,46,18.1,36.8,76.6,Complete
843,15,5,3,72,15.9,29.1,88.1,Complete
844,15,5,4,36,15.1,28.4,81.2,Complete
845,15,5,5,86,16.8,29.6,82.7,Complete
846,15,5,6,163,21.1,36.4,63.5,Complete
847,15,5,7,46,23.9,52.3,55.4,Partial
848,15,5,8,58,24.7,50.0,53.5,Complete
849,15,5,9,209,13.7,27.2,85.0,Complete
850,15,5,10,151,16.1,30.4,95.8,Complete
851,15,6,1,242,7.7,14.1,86.0,Estimated
852,15,6,2,127,10.5,17.7,64.2,Complete
853,15,6,3,101,8.1,15.9,71.3,Complete
854,15,6,4,169,7.8,15.5,90.0,Complete
855,15,6,5,118,8.2,15.2,95.1,Complete
856,15,6,6,94,8.6,14.4,95.5,Complete
857,15,6,7,145,12.1,21.6,64.7,Complete
858,15,6,8,146,11.3,20.2,60.8,Complete
859,15,6,9,146,8.0,13.9,100.0,Complete
860,15,6,10,209,8.0,15.5,81.6,Complete
861,15,7,1,102,16.8,35.6,74.2,Partial
862,15,7,2,119,21.3,36.2,77.8,Complete
863,15,7,3,84,16.4,32.6,77.8,Complete
864,15,7,4,138,16.7,30.9,92.2,Partial
865,15,7,5,169,21.4,35.7,63.2,Complete
866,15,7,6,48,14.8,30.7,88.9,Complete
867,15,7,7,46,28.4,52.2,46.4,Complete
868,15,7,8,70,20.5,40.7,66.5,Complete
869,15,7,9,164,13.3,26.8,85.0,Complete
870,15,7,10,120,17.0,29.3,86.7,Complete
871,15,8,1,114,17.5,29.6,85.7,Complete
872,15,8,2,151,16.0,33.8,81.7,Partial
873,15,8,3,45,17.2,35.3,88.4,Complete
874,15,8,4,145,16.9,30.0,87.7,Complete
875,15,8,5,98,20.9,37.8,63.6,Partial
876,15,8,6,84,15.5,32.7,76.9,Complete
877,15,8,7,111,25.8,48.0,59.8,Complete
878,15,8,8,111,25.2,43.5,69.9,Complete
879,15,8,9,146,13.5,28.1,88.5,Complete
880,15,8,10,167,17.5,34.0,88.7,Complete
881,16,5,1,31,15.7,33.9,68.6,Complete
882,16,5,2,60,19.2,38.8,72.8,Complete
883,16,5,3,67,18.0,34.9,75.9,Partial
884,16,5,4,50,15.2,30.8,90.9,Complete
885,16,5,5,26,21.7,40.2,68.2,Complete
886,16,5,6,36,19.9,38.8,75.2,Estimated
887,16,5,7,42,21.8,47.8,61.0,Complete
888,16,5,8,18,27.2,53.0,52.9,Complete
889,16,5,9,26,14.0,29.2,97.2,Complete
890,16,5,10,116,19.5,36.3,75.4,Estimated
891,16,8,1,44,22.1,38.4,62.8,Complete
892,16,8,2,75,22.7,41.1,65.5,Partial
893,16,8,3,74,18.3,40.1,72.6,Complete
894,16,8,4,70,19.5,38.3,70.2,Complete
895,16,8,5,32,18.4,38.2,77.8,Complete
896,16,8,6,21,23.4,42.7,67.2,Complete
897,16,8,7,21,32.3,57.9,45.2,Estimated
898,16,8,8,26,25.1,54.0,49.5,Complete
899,16,8,9,36,18.5,31.8,92.6,Complete
900,16,8,10,68,19.1,39.5,71.2,Complete
901,17,4,1,18,60.3,133.8,79.8,Complete
902,17,4,2,11,72.2,155.5,60.5,Complete
903,17,4,3,11,73.2,144.6,63.6,Complete
904,17,4,4,23,63.1,135.5,75.9,Complete
905,17,4,5,16,82.8,164.3,56.2,Complete
906,17,4,6,23,77.8,156.4,58.4,Complete
907,17,4,7,8,82.2,171.1,54.1,Complete
908,17,4,8,8,111.1,201.6,49.0,Partial
909,17,4,9,35,84.9,148.2,65.3,Complete
910,17,4,10,11,88.4,151.5,76.0,Complete
911,17,7,1,22,23.3,40.3,72.7,Complete
912,17,7,2,24,16.0,34.7,71.4,Complete
913,17,7,3,25,18.4,34.5,67.7,Complete
914,17,7,4,8,17.9,30.3,74.2,Complete
915,17,7,5,12,14.5,32.1,90.4,Complete
916,17,7,6,33,17.5,31.3,82.3,Estimated
917,17,7,7,14,27.5,50.7,47.0,Complete
918,17,7,8,14,28.2,49.3,56.3,Complete
919,17,7,9,29,19.1,36.2,74.3,Complete
920,17,7,10,52,16.7,30.4,93.6,Complete
921,17,8,1,23,23.0,43.0,70.3,Partial
922,17,8,2,15,23.0,43.7,66.2,Estimated
923,17,8,3,13,22.6,38.2,79.3,Complete
924,17,8,4,8,19.7,32.8,95.2,Complete
925,17,8,5,18,16.0,35.4,68.3,Complete
926,17,8,6,19,21.8,40.4,61.4,Complete
927,17,8,7,9,25.6,50.3,53.7,Complete
928,17,8,8,7,27.6,46.2,60.0,Complete
929,17,8,9,25,23.7,42.6,72.0,Complete
930,17,8,10,40,20.8,40.3,74.6,Complete
931,18,1,1,139,98.2,204.6,83.8,Complete
932,18,1,2,122,112.2,220.9,66.4,Estimated
933,18,1,3,322,109.5,219.2,69.1,Complete
934,18,1,4,163,99.7,195.1,95.4,Complete
935,18,1,5,91,100.7,168.0,90.2,Complete
936,18,1,6,343,102.1,190.3,85.6,Complete
937,18,1,7,79,162.8,276.8,65.2,Estimated
938,18,1,8,111,133.9,249.5,74.9,Complete
939,18,1,9,362,79.9,161.7,97.9,Complete
940,18,1,10,385,103.4,208.3,75.6,Complete
941,18,2,1,88,94.8,184.7,98.6,Complete
942,18,2,2,226,101.9,202.0,84.1,Estimated
943,18,2,3,240,101.4,194.1,93.3,Estimated
944,18,2,4,230,108.1,203.6,89.6,Complete
945,18,2,5,216,94.5,185.1,88.6,Complete
946,18,2,6,294,88.5,171.3,97.8,Complete
947,18,2,7,100,127.5,239.7,63.2,Complete
948,18,2,8,84,120.4,233.3,66.7,Partial
949,18,2,9,206,104.5,195.8,75.2,Complete
950,18,2,10,136,96.7,161.7,100.0,Complete
951,18,3,1,349,1.2,2.3,75.9,Complete
952,18,3,2,278,1.1,2.1,78.9,Partial
953,18,3,3,247,1.0,2.2,87.4,Complete
954,18,3,4,212,1.1,2.1,100.0,Complete
955,18,3,5,233,0.8,1.7,100.0,Complete
956,18,3,6,344,1.0,1.8,93.0,Complete
957,18,3,7,220,1.3,2.6,69.7,Complete
958,18,3,8,305,1.6,2.7,71.2,Complete
959,18,3,9,337,1.2,2.3,83.5,Complete
960,18,3,10,408,0.9,1.7,100.0,Complete
961,18,4,1,261,64.0,126.1,71.8,Complete
962,18,4,2,249,59.2,103.6,100.0,Complete
963,18,4,3,280,61.7,113.6,99.2,Complete
964,18,4,4,147,60.7,115.6,79.2,Partial
965,18,4,5,67,51.0,112.5,99.6,Complete
966,18,4,6,211,68.1,128.0,73.0,Complete
967,18,4,7,179,100.8,179.9,62.0,Complete
968,18,4,8,88,92.0,157.0,61.3,Complete
969,18,4,9,208,51.6,99.4,100.0,Complete
970,18,4,10,181,56.5,97.6,100.0,Complete
971,18,5,1,191,13.3,27.7,84.2,Complete
972,18,5,2,271,18.4,33.0,84.3,Complete
973,18,5,3,177,16.6,30.2,90.9,Complete
974,18,5,4,83,14.9,26.2,98.9,Complete
975,18,5,5,247,15.5,26.4,99.9,Complete
976,18,5,6,372,13.0,25.3,96.0,Partial
977,18,5,7,145,20.7,36.8,61.1,Complete
978,18,5,8,64,27.3,45.9,62.1,Complete
979,18,5,9,222,10.7,23.5,100.0,Complete
980,18,5,10,173,13.8,24.2,95.3,Estimated
981,18,6,1,306,8.9,16.3,87.7,Complete
982,18,6,2,219,6.1,12.9,100.0,Partial
983,18,6,3,275,6.8,13.1,99.8,Complete
984,18,6,4,385,5.6,12.4,100.0,Complete
985,18,6,5,249,9.6,16.6,77.8,Complete
986,18,6,6,257,6.9,13.1,89.5,Complete
987,18,6,7,323,10.6,18.8,69.1,Partial
988,18,6,8,212,10.4,18.2,76.7,Complete
989,18,6,9,356,6.3,13.7,85.8,Partial
990,18,6,10,258,6.7,11.6,97.3,Complete
991,18,7,1,232,15.2,27.3,100.0,Estimated
992,18,7,2,126,13.9,30.5,79.6,Complete
993,18,7,3,211,18.6,32.3,86.3,Complete
994,18,7,4,95,19.2,32.0,77.5,Complete
995,18,7,5,97,15.9,29.8,81.3,Complete
996,18,7,6,244,17.2,31.6,73.8,Complete
997,18,7,7,146,19.2,41.7,55.3,Complete
998,18,7,8,116,23.4,48.1,52.8,Complete
999,18,7,9,249,16.4,30.6,89.7,Complete
1000,18,7,10,116,13.3,26.2,94.2,Complete
1001,18,8,1,229,19.5,35.6,86.2,Partial
1002,18,8,2,116,15.5,33.5,86.7,Partial
1003,18,8,3,128,18.6,36.9,65.1,Complete
1004,18,8,4,177,18.5,33.3,82.7,Estimated
1005,18,8,5,308,19.2,34.1,84.7,Complete
1006,18,8,6,62,13.1,25.8,100.0,Complete
1007,18,8,7,147,26.2,47.2,65.8,Complete
1008,18,8,8,89,25.8,49.5,58.9,Complete
1009,18,8,9,191,15.4,32.4,83.2,Complete
1010,18,8,10,320,15.7,28.6,100.0,Complete
1011,19,2,1,78,128.4,220.6,84.9,Partial
1012,19,2,2,57,105.9,209.1,78.9,Complete
1013,19,2,3,21,146.2,245.5,74.4,Complete
1014,19,2,4,67,124.3,265.3,62.7,Partial
1015,19,2,5,24,113.4,195.5,91.3,Complete
1016,19,2,6,41,125.6,227.0,77.7,Complete
1017,19,2,7,26,177.4,327.9,46.8,Complete
1018,19,2,8,24,194.5,338.9,52.6,Complete
1019,19,2,9,64,133.5,257.0,65.8,Complete
1020,19,2,10,76,130.9,220.3,85.9,Complete
1021,19,5,1,41,19.6,42.5,61.3,Complete
1022,19,5,2,38,20.2,42.7,67.3,Partial
1023,19,5,3,32,23.2,40.5,63.6,Complete
1024,19,5,4,75,18.7,39.5,66.9,Complete
1025,19,5,5,36,19.1,34.0,67.3,Partial
1026,19,5,6,24,18.2,35.2,74.4,Complete
1027,19,5,7,17,25.4,54.7,49.6,Complete
1028,19,5,8,36,27.8,49.4,48.7,Complete
1029,19,5,9,67,16.6,33.1,71.3,Complete
1030,19,5,10,75,14.8,30.4,75.3,Complete
1031,19,8,1,22,20.9,37.7,81.1,Complete
1032,19,8,2,86,17.5,35.5,87.1,Partial
1033,19,8,3,47,15.8,34.4,83.3,Complete
1034,19,8,4,74,18.7,38.4,81.8,Complete
1035,19,8,5,36,18.8,38.9,62.7,Complete
1036,19,8,6,53,20.3,44.6,67.2,Complete
1037,19,8,7,31,24.8,54.2,53.6,Complete
1038,19,8,8,11,33.5,58.6,44.7,Complete
1039,19,8,9,80,22.3,39.8,67.9,Complete
1040,19,8,10,53,17.0,34.0,92.4,Complete
1041,20,1,1,196,106.6,195.9,78.2,Complete
1042,20,1,2,612,93.2,206.6,86.9,Complete
1043,20,1,3,378,89.5,188.7,93.7,Complete
1044,20,1,4,166,119.3,244.0,74.0,Complete
1045,20,1,5,544,106.4,227.6,69.5,Complete
1046,20,1,6,261,99.1,208.4,75.7,Complete
1047,20,1,7,270,138.0,299.4,56.0,Complete
1048,20,1,8,182,186.7,314.9,50.6,Complete
1049,20,1,9,426,99.8,166.8,96.8,Complete
1050,20,1,10,787,102.2,194.3,84.4,Complete
1051,20,2,1,474,108.7,199.3,75.7,Complete
1052,20,2,2,228,101.5,185.3,90.9,Complete
1053,20,2,3,549,99.3,198.7,80.4,Partial
1054,20,2,4,295,133.6,241.4,64.4,Complete
1055,20,2,5,295,122.1,214.5,74.0,Complete
1056,20,2,6,124,128.6,220.9,80.1,Complete
1057,20,2,7,232,143.8,309.0,48.2,Partial
1058,20,2,8,281,165.3,288.8,59.2,Complete
1059,20,2,9,242,88.0,173.4,87.1,Complete
1060,20,2,10,472,109.4,231.8,68.5,Complete
1061,20,3,1,626,1.1,2.3,87.3,Complete
1062,20,3,2,539,1.2,2.3,88.9,Complete
1063,20,3,3,490,1.3,2.3,70.7,Partial
1064,20,3,4,514,1.3,2.4,72.9,Complete
1065,20,3,5,559,1.5,2.5,68.3,Estimated
1066,20,3,6,680,1.1,2.4,82.0,Partial
1067,20,3,7,425,1.8,3.2,66.4,Complete
1068,20,3,8,630,1.7,2.9,67.7,Complete
1069,20,3,9,772,1.1,2.2,94.4,Complete
1070,20,3,10,664,1.1,2.1,94.9,Estimated
1071,20,4,1,255,64.2,111.9,97.7,Complete
1072,20,4,2,547,67.3,133.2,79.1,Partial
1073,20,4,3,274,75.1,150.9,64.7,Complete
1074,20,4,4,234,53.5,115.3,83.8,Complete
1075,20,4,5,276,68.3,137.1,76.2,Partial
1076,20,4,6,532,73.8,137.7,81.2,Complete
1077,20,4,7,78,110.2,188.2,54.6,Complete
1078,20,4,8,265,110.6,193.5,58.8,Complete
1079,20,4,9,346,58.9,108.4,100.0,Complete
1080,20,4,10,581,55.9,105.1,100.0,Complete
1081,20,5,1,462,15.1,29.2,78.6,Partial
1082,20,5,2,341,14.1,30.4,96.1,Complete
1083,20,5,3,205,19.7,37.5,74.1,Complete
1084,20,5,4,304,16.7,29.6,82.9,Complete
1085,20,5,5,508,16.8,34.9,69.4,Complete
1086,20,5,6,466,17.0,34.2,74.2,Complete
1087,20,5,7,171,18.9,38.9,61.0,Complete
1088,20,5,8,238,22.9,45.0,58.0,Complete
1089,20,5,9,579,16.2,28.4,98.7,Complete
1090,20,5,10,568,18.5,35.7,73.6,Partial
1091,20,6,1,540,8.9,16.1,86.9,Complete
1092,20,6,2,326,8.9,15.5,83.7,Complete
1093,20,6,3,354,8.4,15.5,82.1,Complete
1094,20,6,4,687,8.4,15.2,81.0,Complete
1095,20,6,5,442,8.5,15.2,93.2,Complete
1096,20,6,6,689,8.2,14.4,93.5,Complete
1097,20,6,7,494,13.8,24.4,50.8,Complete
1098,20,6,8,637,9.7,21.2,54.5,Estimated
1099,20,6,9,736,7.0,14.7,78.2,Partial
1100,20,6,10,501,8.7,17.6,78.6,Complete
1101,20,7,1,537,19.9,37.8,66.8,Complete
1102,20,7,2,361,16.3,28.0,91.0,Complete
1103,20,7,3,502,21.2,38.0,62.8,Complete
1104,20,7,4,472,14.7,31.4,73.4,Complete
1105,20,7,5,181,14.8,30.7,85.8,Complete
1106,20,7,6,384,21.3,36.1,70.0,Estimated
1107,20,7,7,137,23.5,40.0,65.0,Complete
1108,20,7,8,107,27.8,51.3,48.5,Complete
1109,20,7,9,389,18.8,35.5,73.9,Partial
1110,20,7,10,493,14.1,25.8,100.0,Complete
1111,20,8,1,411,20.9,35.3,80.0,Complete
1112,20,8,2,394,18.1,31.8,80.8,Complete
1113,20,8,3,527,15.2,29.5,89.0,Complete
1114,20,8,4,253,22.1,39.8,60.6,Complete
1115,20,8,5,265,21.6,36.8,81.3,Complete
1116,20,8,6,506,15.1,30.1,79.9,Complete
1117,20,8,7,155,23.3,43.4,55.9,Complete
1118,20,8,8,205,19.9,44.0,70.2,Partial
1119,20,8,9,385,15.6,33.3,80.9,Complete
1120,20,8,10,495,16.4,34.6,73.4,Complete
1121,21,8,1,22,17.0,36.8,75.9,Partial
1122,21,8,2,61,19.7,41.0,70.8,Complete
1123,21,8,3,69,13.2,28.9,100.0,Complete
1124,21,8,4,21,17.1,29.4,92.4,Complete
1125,21,8,5,48,15.9,29.4,100.0,Complete
1126,21,8,6,18,17.3,35.2,68.5,Partial
1127,21,8,7,26,27.3,49.5,48.8,Complete
1128,21,8,8,42,32.5,55.5,53.3,Complete
1129,21,8,9,58,15.4,27.6,100.0,Complete
1130,21,8,10,35,16.6,36.6,68.2,Estimated
1131,22,8,1,84,24.3,45.9,55.9,Complete
1132,22,8,2,57,20.5,43.5,69.6,Complete
1133,22,8,3,55,15.6,33.5,77.4,Complete
1134,22,8,4,54,20.5,34.3,74.4,Complete
1135,22,8,5,65,19.8,36.3,80.6,Complete
1136,22,8,6,34,15.8,32.1,76.8,Complete
1137,22,8,7,28,33.2,57.6,48.1,Complete
1138,22,8,8,46,26.3,48.8,51.7,Complete
1139,22,8,9,62,22.8,38.6,70.0,Complete
1140,22,8,10,107,20.2,43.2,63.9,Complete
1141,23,1,1,106,118.3,230.5,70.8,Complete
1142,23,1,2,136,108.7,205.2,90.4,Complete
1143,23,1,3,119,114.6,232.1,65.1,Complete
1144,23,1,4,140,112.1,228.8,74.9,Partial
1145,23,1,5,100,97.0,210.1,83.4,Partial
1146,23,1,6,145,86.1,189.5,83.5,Estimated
1147,23,1,7,111,173.2,320.6,59.1,Complete
1148,23,1,8,60,142.0,302.4,51.3,Complete
1149,23,1,9,123,127.2,231.6,71.7,Partial
1150,23,1,10,151,101.9,170.0,89.7,Complete
1151,23,2,1,81,86.9,181.6,99.6,Complete
1152,23,2,2,187,88.3,193.2,91.7,Complete
1153,23,2,3,54,107.3,229.6,66.6,Complete
1154,23,2,4,89,127.0,220.7,77.1,Complete
1155,23,2,5,146,94.7,184.2,79.9,Complete
1156,23,2,6,68,90.7,176.8,91.4,Complete
1157,23,2,7,41,130.7,279.0,64.9,Complete
1158,23,2,8,107,153.2,314.7,56.8,Complete
1159,23,2,9,89,96.5,208.0,77.0,Complete
1160,23,2,10,137,88.2,168.7,100.0,Complete
1161,23,3,1,130,1.2,2.2,93.3,Complete
1162,23,3,2,144,1.5,2.7,69.1,Partial
1163,23,3,3,245,0.9,1.9,100.0,Complete
1164,23,3,4,228,1.2,2.4,70.3,Complete
1165,23,3,5,214,1.2,2.2,87.6,Partial
1166,23,3,6,175,1.5,2.6,68.5,Estimated
1167,23,3,7,202,1.6,3.4,55.6,Complete
1168,23,3,8,192,2.0,3.5,50.0,Complete
1169,23,3,9,271,0.9,2.0,100.0,Complete
1170,23,3,10,156,1.4,2.4,86.8,Complete
1171,23,4,1,108,71.5,138.3,82.9,Complete
1172,23,4,2,73,59.3,121.2,93.1,Complete
1173,23,4,3,145,58.8,129.8,71.5,Complete
1174,23,4,4,253,70.2,126.8,89.8,Complete
1175,23,4,5,160,66.7,113.5,100.0,Complete
1176,23,4,6,149,71.7,123.6,75.2,Complete
1177,23,4,7,32,98.3,181.7,56.5,Estimated
1178,23,4,8,95,95.9,178.6,59.3,Complete
1179,23,4,9,156,84.5,142.5,74.9,Complete
1180,23,4,10,225,58.6,108.6,100.0,Complete
1181,23,5,1,94,21.0,38.0,76.2,Complete
1182,23,5,2,199,19.4,32.7,75.5,Complete
1183,23,5,3,231,20.3,36.4,66.1,Complete
1184,23,5,4,165,13.5,29.8,79.9,Complete
1185,23,5,5,134,16.6,33.6,75.4,Complete
1186,23,5,6,226,17.7,31.6,87.0,Complete
1187,23,5,7,134,26.6,50.9,53.6,Complete
1188,23,5,8,58,27.4,47.2,61.9,Complete
1189,23,5,9,92,14.4,25.9,100.0,Complete
1190,23,5,10,144,12.2,26.6,89.2,Complete
1191,23,6,1,195,7.9,17.2,81.8,Complete
1192,23,6,2,237,8.6,14.6,80.9,Complete
1193,23,6,3,130,8.7,18.9,71.0,Complete
1194,23,6,4,162,7.9,16.9,72.0,Complete
1195,23,6,5,243,9.6,17.8,69.7,Complete
1196,23,6,6,237,9.8,16.3,78.6,Complete
1197,23,6,7,238,10.8,19.7,58.2,Complete
1198,23,6,8,197,13.3,22.9,60.3,Complete
1199,23,6,9,286,7.0,14.7,82.6,Complete
1200,23,6,10,312,7.3,14.0,96.8,Complete
1201,23,7,1,150,20.8,36.7,61.4,Complete
1202,23,7,2,96,19.6,38.0,71.3,Partial
1203,23,7,3,87,18.9,32.7,89.6,Complete
1204,23,7,4,134,15.1,30.2,93.4,Complete
1205,23,7,5,118,12.4,27.0,95.8,Partial
1206,23,7,6,127,15.4,27.0,90.5,Complete
1207,23,7,7,128,19.9,38.5,70.4,Complete
1208,23,7,8,58,25.8,45.5,62.4,Complete
1209,23,7,9,89,14.4,31.2,75.8,Complete
1210,23,7,10,79,14.0,29.2,84.8,Complete
1211,23,8,1,54,15.4,34.1,89.4,Complete
1212,23,8,2,63,18.3,32.0,77.2,Complete
1213,23,8,3,180,16.9,34.1,74.0,Complete
1214,23,8,4,83,18.3,37.6,74.3,Complete
1215,23,8,5,121,16.0,34.6,75.6,Complete
1216,23,8,6,60,15.9,32.0,83.8,Partial
1217,23,8,7,127,20.8,43.0,61.3,Complete
1218,23,8,8,51,26.7,56.3,53.6,Complete
1219,23,8,9,214,17.2,37.9,65.9,Complete
1220,23,8,10,106,17.9,37.4,79.3,Complete
1221,24,1,1,229,123.0,223.5,84.0,Complete
1222,24,1,2,362,135.5,237.4,70.6,Complete
1223,24,1,3,211,119.0,226.3,67.7,Complete
1224,24,1,4,235,147.4,249.8,65.2,Complete
1225,24,1,5,54,137.1,246.6,74.6,Complete
1226,24,1,6,164,103.6,216.6,87.0,Complete
1227,24,1,7,63,171.9,368.5,51.1,Complete
1228,24,1,8,83,193.4,353.2,42.5,Complete
1229,24,1,9,152,116.2,198.3,95.3,Partial
1230,24,1,10,204,92.3,197.8,93.3,Complete
1231,24,2,1,153,117.7,209.7,74.9,Complete
1232,24,2,2,466,116.3,198.3,76.8,Complete
1233,24,2,3,90,115.7,201.0,94.3,Complete
1234,24,2,4,376,110.6,200.8,83.9,Complete
1235,24,2,5,233,144.8,258.0,57.0,Complete
1236,24,2,6,111,135.5,254.3,73.2,Partial
1237,24,2,7,104,166.6,283.8,63.4,Complete
1238,24,2,8,125,196.3,330.1,50.4,Complete
1239,24,2,9,329,105.9,222.5,69.9,Estimated
1240,24,2,10,171,116.5,206.5,87.1,Complete
1241,24,3,1,464,1.1,2.3,70.7,Estimated
1242,24,3,2,242,1.3,2.6,75.5,Complete
1243,24,3,3,273,1.2,2.3,89.8,Complete
1244,24,3,4,422,1.2,2.5,72.8,Complete
1245,24,3,5,229,1.1,2.4,73.4,Complete
1246,24,3,6,321,0.9,2.1,93.5,Complete
1247,24,3,7,378,1.9,3.2,57.0,Complete
1248,24,3,8,498,2.3,4.0,48.1,Complete
1249,24,3,9,262,1.5,2.7,61.5,Complete
1250,24,3,10,253,1.1,2.0,86.1,Complete
1251,24,4,1,178,57.1,120.7,93.0,Complete
1252,24,4,2,190,74.8,155.2,72.8,Complete
1253,24,4,3,218,75.7,143.8,75.6,Complete
1254,24,4,4,232,90.3,159.9,68.5,Complete
1255,24,4,5,240,72.6,134.7,79.1,Partial
1256,24,4,6,252,83.0,156.2,65.2,Estimated
1257,24,4,7,77,103.5,215.3,46.3,Complete
1258,24,4,8,165,79.0,172.3,66.7,Complete
1259,24,4,9,307,91.1,155.5,63.1,Complete
1260,24,4,10,218,66.0,141.7,79.1,Complete
1261,24,5,1,137,19.8,36.4,75.7,Estimated
1262,24,5,2,172,18.1,35.0,76.7,Complete
1263,24,5,3,95,15.9,32.0,91.1,Partial
1264,24,5,4,246,19.0,35.0,74.8,Partial
1265,24,5,5,283,18.8,37.1,67.1,Complete
1266,24,5,6,283,19.1,32.8,69.7,Complete
1267,24,5,7,173,25.1,42.3,60.3,Complete
1268,24,5,8,109,26.4,44.9,61.1,Partial
1269,24,5,9,342,15.6,29.4,99.7,Complete
1270,24,5,10,302,18.3,37.1,63.1,Complete
1271,24,6,1,372,9.5,16.6,88.4,Complete
1272,24,6,2,608,9.9,17.9,75.8,Complete
1273,24,6,3,414,8.5,17.8,75.7,Complete
1274,24,6,4,444,10.4,18.3,75.3,Complete
1275,24,6,5,381,10.0,16.9,77.0,Complete
1276,24,6,6,255,9.0,19.1,63.8,Complete
1277,24,6,7,494,10.0,21.6,54.6,Complete
1278,24,6,8,396,15.7,26.4,47.2,Complete
1279,24,6,9,477,9.5,16.9,75.6,Partial
1280,24,6,10,470,8.4,16.4,75.7,Complete
1281,24,7,1,221,15.7,31.2,92.3,Complete
1282,24,7,2,147,19.9,34.6,65.1,Complete
1283,24,7,3,201,18.2,33.4,85.4,Complete
1284,24,7,4,352,16.5,33.0,81.2,Complete
1285,24,7,5,162,20.3,37.2,77.5,Complete
1286,24,7,6,199,14.9,30.6,92.3,Complete
1287,24,7,7,114,26.4,52.9,53.4,Estimated
1288,24,7,8,43,24.7,44.7,56.0,Complete
1289,24,7,9,114,15.3,29.0,88.4,Partial
1290,24,7,10,165,21.2,36.4,76.3,Partial
1291,24,8,1,206,23.3,44.8,67.6,Complete
1292,24,8,2,353,17.4,34.7,88.9,Complete
1293,24,8,3,351,21.2,36.9,73.3,Complete
1294,24,8,4,111,20.7,41.3,68.9,Complete
1295,24,8,5,154,17.3,38.1,74.2,Complete
1296,24,8,6,186,19.1,36.8,81.9,Complete
1297,24,8,7,158,24.3,49.4,52.6,Complete
1298,24,8,8,121,21.3,44.4,66.1,Complete
1299,24,8,9,151,21.6,37.5,70.4,Complete
1300,24,8,10,378,14.2,30.4,85.4,Complete
1301,25,1,1,98,98.7,198.5,89.9,Complete
1302,25,1,2,52,101.4,176.7,100.0,Partial
1303,25,1,3,143,94.9,193.1,79.5,Complete
1304,25,1,4,129,101.6,213.2,78.9,Complete
1305,25,1,5,233,125.5,225.1,82.6,Complete
1306,25,1,6,112,127.9,238.0,79.7,Complete
1307,25,1,7,64,157.0,292.0,58.0,Complete
1308,25,1,8,50,134.8,263.5,60.4,Complete
1309,25,1,9,186,109.9,206.5,71.7,Complete
1310,25,1,10,185,99.2,180.9,91.2,Estimated
1311,25,2,1,47,88.2,193.2,97.7,Complete
1312,25,2,2,146,129.3,248.1,73.3,Complete
1313,25,2,3,156,114.0,190.6,77.0,Partial
1314,25,2,4,168,145.1,243.2,71.5,Complete
1315,25,2,5,136,104.7,213.4,82.9,Estimated
1316,25,2,6,80,113.6,208.4,78.1,Complete
1317,25,2,7,71,176.1,335.0,46.9,Complete
1318,25,2,8,92,156.7,317.3,52.2,Complete
1319,25,2,9,111,121.8,211.1,73.5,Complete
1320,25,2,10,69,103.3,179.5,86.5,Complete
1321,25,3,1,217,1.2,2.4,87.1,Complete
1322,25,3,2,216,1.3,2.4,69.2,Complete
1323,25,3,3,163,0.9,2.0,100.0,Complete
1324,25,3,4,190,1.4,2.6,70.9,Complete
1325,25,3,5,204,1.4,2.7,75.9,Complete
1326,25,3,6,254,1.1,2.3,88.5,Complete
1327,25,3,7,229,1.8,3.1,59.4,Complete
1328,25,3,8,197,1.8,3.0,61.1,Complete
1329,25,3,9,274,1.1,2.0,98.6,Complete
1330,25,3,10,273,1.4,2.5,65.3,Complete
1331,25,4,1,169,71.9,142.7,75.4,Estimated
1332,25,4,2,199,66.8,142.0,70.6,Partial
1333,25,4,3,117,78.1,143.0,80.6,Estimated
1334,25,4,4,98,69.3,126.2,85.7,Complete
1335,25,4,5,136,79.6,142.7,72.8,Complete
1336,25,4,6,210,73.1,144.5,67.4,Complete
1337,25,4,7,58,84.6,155.2,59.2,Complete
1338,25,4,8,156,98.0,191.2,47.0,Complete
1339,25,4,9,91,60.2,131.0,76.6,Complete
1340,25,4,10,209,49.9,103.2,100.0,Complete
1341,25,5,1,65,20.7,35.6,63.5,Complete
1342,25,5,2,147,22.3,37.5,64.6,Complete
1343,25,5,3,64,16.4,28.9,100.0,Complete
1344,25,5,4,255,19.1,36.7,70.1,Complete
1345,25,5,5,103,15.5,31.2,92.7,Complete
1346,25,5,6,116,12.8,26.6,85.2,Complete
1347,25,5,7,120,27.0,49.7,50.6,Complete
1348,25,5,8,34,21.0,41.8,66.6,Complete
1349,25,5,9,140,17.6,31.1,82.4,Complete
1350,25,5,10,111,15.2,27.1,100.0,Complete
1351,25,6,1,188,8.1,16.4,69.2,Complete
1352,25,6,2,240,8.5,18.0,71.2,Complete
1353,25,6,3,216,10.7,18.1,63.8,Complete
1354,25,6,4,224,7.2,14.4,81.0,Complete
1355,25,6,5,219,10.2,18.3,65.0,Complete
1356,25,6,6,118,7.0,13.2,85.0,Complete
1357,25,6,7,214,12.9,24.9,45.1,Complete
1358,25,6,8,200,10.8,20.1,64.6,Partial
1359,25,6,9,327,7.4,16.2,74.5,Partial
1360,25,6,10,280,8.3,15.7,89.3,Complete
1361,25,7,1,155,16.7,34.0,75.0,Complete
1362,25,7,2,106,17.2,35.3,82.0,Estimated
1363,25,7,3,63,18.9,35.0,72.3,Complete
1364,25,7,4,157,18.4,35.7,71.2,Complete
1365,25,7,5,185,14.3,26.6,100.0,Complete
1366,25,7,6,119,20.5,35.7,79.1,Complete
1367,25,7,7,44,21.8,41.7,55.4,Complete
1368,25,7,8,34,20.8,40.7,66.4,Complete
1369,25,7,9,111,15.5,29.8,75.9,Partial
1370,25,7,10,144,14.3,27.6,100.0,Complete
1371,25,8,1,183,19.3,33.9,85.0,Complete
1372,25,8,2,128,20.2,36.4,73.4,Complete
1373,25,8,3,90,21.4,37.5,64.0,Complete
1374,25,8,4,177,13.3,29.1,94.7,Estimated
1375,25,8,5,83,19.7,36.6,83.7,Complete
1376,25,8,6,135,18.8,39.1,62.4,Estimated
1377,25,8,7,118,23.6,44.1,67.0,Complete
1378,25,8,8,94,30.6,51.2,48.0,Complete
1379,25,8,9,239,15.3,30.7,90.3,Complete
1380,25,8,10,80,22.3,37.4,74.2,Complete
1381,26,1,1,55,118.8,220.4,74.6,Estimated
1382,26,1,2,50,107.8,227.3,83.5,Complete
1383,26,1,3,98,93.6,181.9,83.0,Complete
1384,26,1,4,110,120.0,210.7,79.9,Complete
1385,26,1,5,64,94.8,177.6,86.8,Complete
1386,26,1,6,88,117.8,234.4,67.7,Complete
1387,26,1,7,110,123.0,267.9,66.0,Complete
1388,26,1,8,31,149.1,255.2,73.5,Complete
1389,26,1,9,93,94.7,209.6,90.3,Complete
1390,26,1,10,111,86.4,166.1,94.8,Complete
1391,26,2,1,44,101.6,212.9,88.1,Complete
1392,26,2,2,42,91.1,191.9,93.4,Estimated
1393,26,2,3,143,122.2,205.8,77.3,Complete
1394,26,2,4,68,105.6,189.9,77.4,Complete
1395,26,2,5,112,115.2,230.6,65.4,Complete
1396,26,2,6,104,83.4,183.1,96.7,Complete
1397,26,2,7,92,154.7,307.3,59.9,Complete
1398,26,2,8,109,138.2,279.9,60.7,Complete
1399,26,2,9,138,85.2,181.0,100.0,Complete
1400,26,2,10,234,103.7,206.4,73.7,Complete
1401,26,3,1,147,1.0,2.1,99.3,Estimated
1402,26,3,2,176,1.2,2.2,78.0,Partial
1403,26,3,3,146,1.0,2.2,80.0,Complete
1404,26,3,4,151,1.0,2.2,75.4,Complete
1405,26,3,5,103,1.2,2.0,95.9,Complete
1406,26,3,6,135,1.6,2.6,72.6,Complete
1407,26,3,7,175,2.1,3.6,54.2,Complete
1408,26,3,8,132,1.6,2.8,69.9,Partial
1409,26,3,9,232,1.0,2.1,94.6,Partial
1410,26,3,10,139,1.1,1.9,100.0,Complete
1411,26,4,1,115,66.9,140.8,70.3,Complete
1412,26,4,2,125,77.0,142.9,63.8,Complete
1413,26,4,3,121,57.5,111.8,93.6,Complete
1414,26,4,4,132,63.3,116.3,98.3,Partial
1415,26,4,5,164,57.0,111.2,92.6,Complete
1416,26,4,6,128,71.6,146.0,78.7,Complete
1417,26,4,7,16,84.4,183.5,56.7,Complete
1418,26,4,8,31,77.0,152.9,67.1,Complete
1419,26,4,9,131,60.2,114.5,100.0,Complete
1420,26,4,10,89,80.0,139.9,75.2,Complete
1421,26,5,1,111,18.7,33.8,68.3,Complete
1422,26,5,2,58,15.4,34.0,77.1,Complete
1423,26,5,3,104,15.7,32.9,78.9,Complete
1424,26,5,4,134,18.3,35.6,74.1,Complete
1425,26,5,5,86,21.5,37.3,68.1,Complete
1426,26,5,6,63,17.2,29.0,99.5,Estimated
1427,26,5,7,71,25.5,43.1,62.7,Complete
1428,26,5,8,31,23.1,46.4,58.3,Complete
1429,26,5,9,182,17.0,30.8,87.2,Complete
1430,26,5,10,66,17.8,35.0,79.2,Complete
1431,26,6,1,202,7.6,14.4,91.4,Complete
1432,26,6,2,175,9.5,18.6,71.8,Complete
1433,26,6,3,147,7.4,13.9,88.2,Complete
1434,26,6,4,187,10.2,18.3,62.3,Partial
1435,26,6,5,174,7.3,13.3,100.0,Complete
1436,26,6,6,131,8.3,18.1,77.9,Complete
1437,26,6,7,130,14.6,26.3,45.7,Complete
1438,26,6,8,138,12.7,21.8,60.0,Complete
1439,26,6,9,105,8.5,15.8,74.7,Estimated
1440,26,6,10,164,8.7,14.7,84.7,Complete
1441,26,7,1,56,17.9,35.3,73.3,Partial
1442,26,7,2,97,14.6,29.4,94.5,Complete
1443,26,7,3,105,17.3,32.1,73.9,Complete
1444,26,7,4,120,20.1,34.3,74.0,Complete
1445,26,7,5,163,15.1,27.3,83.3,Complete
1446,26,7,6,129,16.7,31.0,81.2,Partial
1447,26,7,7,55,28.7,50.1,52.2,Complete
1448,26,7,8,99,24.6,46.0,56.1,Complete
1449,26,7,9,200,15.5,31.9,70.3,Complete
1450,26,7,10,107,16.7,35.7,78.7,Complete
1451,26,8,1,61,18.3,34.9,89.9,Partial
1452,26,8,2,43,21.2,35.5,69.2,Complete
1453,26,8,3,114,16.9,37.3,65.2,Complete
1454,26,8,4,123,19.8,35.2,73.9,Partial
1455,26,8,5,162,18.0,38.7,69.5,Complete
1456,26,8,6,50,15.4,32.8,85.1,Complete
1457,26,8,7,53,24.8,53.6,45.2,Complete
1458,26,8,8,45,26.1,51.2,52.2,Complete
1459,26,8,9,92,16.6,29.4,100.0,Complete
1460,26,8,10,155,16.2,29.3,93.2,Complete
1461,27,1,1,23,97.5,216.6,70.4,Complete
1462,27,1,2,28,113.4,205.5,72.8,Complete
1463,27,1,3,29,118.3,197.3,80.5,Partial
1464,27,1,4,32,95.3,171.6,88.9,Complete
1465,27,1,5,50,119.7,207.0,87.3,Complete
1466,27,1,6,16,101.7,208.4,76.4,Complete
1467,27,1,7,18,137.1,247.3,58.9,Complete
1468,27,1,8,21,174.3,295.5,56.0,Complete
1469,27,1,9,51,98.3,192.4,83.6,Complete
1470,27,1,10,45,101.3,182.3,86.2,Complete
1471,27,2,1,52,91.4,186.1,85.3,Complete
1472,27,2,2,47,87.4,168.1,92.4,Complete
1473,27,2,3,27,94.5,187.4,81.4,Complete
1474,27,2,4,24,88.2,195.3,86.3,Complete
1475,27,2,5,15,96.2,171.9,93.4,Complete
1476,27,2,6,15,101.1,192.2,92.0,Complete
1477,27,2,7,23,128.0,270.8,67.7,Complete
1478,27,2,8,12,131.3,261.3,56.1,Complete
1479,27,2,9,41,88.3,191.0,77.2,Complete
1480,27,2,10,57,90.3,154.9,96.5,Partial
1481,27,4,1,56,70.1,125.0,91.9,Complete
1482,27,4,2,33,59.1,112.4,100.0,Estimated
1483,27,4,3,27,71.8,137.3,79.2,Complete
1484,27,4,4,26,57.9,104.4,92.5,Complete
1485,27,4,5,24,48.2,104.3,100.0,Complete
1486,27,4,6,20,73.1,127.0,87.1,Complete
1487,27,4,7,21,80.7,167.8,56.8,Complete
1488,27,4,8,9,86.5,173.5,51.8,Estimated
1489,27,4,9,39,73.6,129.7,77.8,Partial
1490,27,4,10,64,62.3,116.6,98.3,Partial
1491,27,5,1,22,15.7,26.7,96.8,Partial
1492,27,5,2,58,15.1,32.0,73.0,Complete
1493,27,5,3,39,19.2,32.0,86.3,Complete
1494,27,5,4,51,15.3,33.0,76.9,Complete
1495,27,5,5,38,15.6,27.6,93.9,Complete
1496,27,5,6,41,16.3,30.5,75.5,Complete
1497,27,5,7,26,21.9,42.0,68.8,Complete
1498,27,5,8,24,23.6,42.4,64.0,Complete
1499,27,5,9,21,15.4,32.0,81.8,Complete
1500,27,5,10,49,14.0,27.9,80.8,Complete
1501,27,8,1,39,15.2,29.6,90.7,Complete
1502,27,8,2,48,17.4,37.1,68.6,Estimated
1503,27,8,3,34,15.5,26.6,95.4,Complete
1504,27,8,4,58,16.6,30.0,95.6,Complete
1505,27,8,5,24,17.4,30.3,89.7,Partial
1506,27,8,6,32,18.9,31.6,78.8,Complete
1507,27,8,7,8,22.8,43.4,64.2,Complete
1508,27,8,8,10,28.2,49.2,57.0,Complete
1509,27,8,9,62,17.2,31.1,96.6,Complete
1510,27,8,10,24,16.9,32.7,82.2,Partial
1511,28,1,1,81,108.3,199.6,75.2,Partial
1512,28,1,2,74,89.0,183.1,91.4,Complete
1513,28,1,3,55,119.8,240.3,75.3,Estimated
1514,28,1,4,65,90.6,184.7,93.4,Complete
1515,28,1,5,32,135.2,235.8,78.2,Complete
1516,28,1,6,38,114.9,234.5,80.7,Complete
1517,28,1,7,15,149.7,315.2,53.5,Complete
1518,28,1,8,49,152.1,263.3,68.6,Complete
1519,28,1,9,41,104.1,208.7,91.3,Complete
1520,28,1,10,34,112.9,199.3,91.0,Complete
1521,28,8,1,29,20.1,39.2,72.6,Complete
1522,28,8,2,33,22.3,40.2,71.1,Complete
1523,28,8,3,61,17.8,33.4,82.7,Complete
1524,28,8,4,43,16.0,32.5,76.7,Complete
1525,28,8,5,57,22.3,40.0,66.4,Complete
1526,28,8,6,17,20.9,38.9,65.6,Complete
1527,28,8,7,11,24.8,44.7,63.5,Complete
1528,28,8,8,23,25.3,53.0,52.0,Complete
1529,28,8,9,92,16.7,31.1,88.8,Complete
1530,28,8,10,27,17.5,31.8,91.9,Estimated
1531,29,4,1,48,88.9,173.9,56.1,Partial
1532,29,4,2,43,86.6,164.4,66.2,Complete
1533,29,4,3,18,94.5,166.3,59.8,Complete
1534,29,4,4,36,83.6,146.8,70.5,Complete
1535,29,4,5,22,91.2,181.4,54.8,Estimated
1536,29,4,6,25,95.2,173.4,66.6,Complete
1537,29,4,7,20,138.1,265.5,38.5,Complete
1538,29,4,8,20,140.2,244.9,46.3,Complete
1539,29,4,9,29,92.3,187.4,60.2,Complete
1540,29,4,10,27,95.0,188.0,60.0,Complete
1541,29,7,1,21,20.8,38.5,71.2,Complete
1542,29,7,2,17,25.6,51.2,53.2,Complete
1543,29,7,3,13,28.1,48.2,58.4,Estimated
1544,29,7,4,26,23.3,41.7,64.8,Complete
1545,29,7,5,15,22.1,42.7,61.1,Estimated
1546,29,7,6,30,17.9,35.9,81.3,Partial
1547,29,7,7,22,34.1,56.8,42.2,Complete
1548,29,7,8,33,30.7,56.4,42.9,Complete
1549,29,7,9,46,21.8,36.7,64.4,Estimated
1550,29,7,10,27,24.6,46.1,55.3,Estimated
1551,29,8,1,44,24.5,48.5,61.1,Complete
1552,29,8,2,20,23.3,49.7,54.3,Partial
1553,29,8,3,53,27.8,50.0,48.7,Partial
1554,29,8,4,20,24.7,44.3,56.4,Complete
1555,29,8,5,25,23.5,42.3,69.5,Complete
1556,29,8,6,33,18.3,39.9,67.9,Complete
1557,29,8,7,30,42.9,75.5,32.3,Complete
1558,29,8,8,12,33.5,58.9,52.0,Complete
1559,29,8,9,45,24.5,43.5,71.0,Complete
1560,29,8,10,46,17.0,37.2,79.0,Complete
1561,30,1,1,174,91.8,197.0,80.1,Complete
1562,30,1,2,115,120.4,244.2,78.1,Complete
1563,30,1,3,226,98.5,186.8,93.5,Complete
1564,30,1,4,165,91.6,196.5,80.8,Complete
1565,30,1,5,144,112.8,197.6,76.3,Complete
1566,30,1,6,67,84.6,176.6,93.5,Complete
1567,30,1,7,35,180.8,330.9,48.6,Complete
1568,30,1,8,47,181.4,310.6,53.5,Complete
1569,30,1,9,222,97.0,181.3,100.0,Complete
1570,30,1,10,223,132.7,229.9,71.5,Complete
1571,30,2,1,141,113.3,223.4,79.6,Complete
1572,30,2,2,152,97.1,184.9,89.4,Estimated
1573,30,2,3,131,118.4,234.0,65.9,Complete
1574,30,2,4,188,93.1,201.8,87.0,Complete
1575,30,2,5,158,110.9,185.3,94.8,Complete
1576,30,2,6,239,120.3,208.1,90.6,Complete
1577,30,2,7,83,200.9,344.6,54.7,Complete
1578,30,2,8,60,158.6,277.8,58.7,Complete
1579,30,2,9,83,98.3,202.6,90.2,Complete
1580,30,2,10,240,95.2,173.1,86.8,Complete
1581,30,3,1,208,1.5,2.6,69.6,Complete
1582,30,3,2,187,1.3,2.5,70.3,Complete
1583,30,3,3,259,1.1,2.0,93.9,Complete
1584,30,3,4,189,1.4,2.4,76.4,Complete
1585,30,3,5,224,1.3,2.6,68.3,Complete
1586,30,3,6,248,1.1,2.4,72.2,Complete
1587,30,3,7,290,1.7,3.2,58.4,Complete
1588,30,3,8,141,1.9,3.6,52.9,Complete
1589,30,3,9,311,1.2,2.5,64.5,Complete
1590,30,3,10,274,1.2,2.0,85.7,Partial
1591,30,4,1,125,58.4,115.5,87.5,Complete
1592,30,4,2,188,62.0,128.2,73.6,Partial
1593,30,4,3,103,66.4,132.4,87.8,Complete
1594,30,4,4,78,78.6,137.5,77.3,Complete
1595,30,4,5,56,55.3,110.6,100.0,Complete
1596,30,4,6,100,60.4,123.8,94.4,Complete
1597,30,4,7,78,95.4,202.6,50.2,Complete
1598,30,4,8,133,88.7,168.6,55.4,Complete
1599,30,4,9,58,57.9,106.3,100.0,Complete
1600,30,4,10,184,52.2,109.8,83.0,Partial
1601,30,5,1,183,13.8,30.6,94.0,Complete
1602,30,5,2,140,20.3,35.7,69.7,Complete
1603,30,5,3,140,14.9,32.1,73.7,Complete
1604,30,5,4,162,15.1,29.5,86.8,Complete
1605,30,5,5,75,17.7,31.0,86.4,Complete
1606,30,5,6,133,15.0,31.7,89.0,Complete
1607,30,5,7,52,19.6,41.8,63.2,Complete
1608,30,5,8,105,26.6,48.6,54.0,Complete
1609,30,5,9,155,19.8,33.4,75.9,Complete
1610,30,5,10,287,13.0,27.2,100.0,Complete
1611,30,6,1,129,7.7,14.4,96.7,Complete
1612,30,6,2,228,7.8,15.8,91.4,Complete
1613,30,6,3,159,8.8,17.8,79.3,Complete
1614,30,6,4,236,8.8,18.2,74.7,Partial
1615,30,6,5,150,6.9,14.0,85.0,Complete
1616,30,6,6,184,7.3,15.3,92.7,Complete
1617,30,6,7,245,15.3,25.4,46.1,Complete
1618,30,6,8,204,13.5,23.8,57.3,Partial
1619,30,6,9,327,7.6,13.4,99.3,Complete
1620,30,6,10,309,6.6,13.6,82.6,Complete
1621,30,7,1,278,16.9,31.6,91.2,Complete
1622,30,7,2,203,17.4,32.8,73.9,Complete
1623,30,7,3,157,21.0,35.9,66.2,Complete
1624,30,7,4,209,18.9,37.4,68.2,Complete
1625,30,7,5,209,17.1,34.9,68.8,Complete
1626,30,7,6,208,18.8,37.1,64.8,Complete
1627,30,7,7,107,24.3,45.1,50.9,Complete
1628,30,7,8,42,26.2,45.2,50.2,Complete
1629,30,7,9,257,20.6,34.6,77.9,Complete
1630,30,7,10,190,12.7,27.7,98.0,Complete
1631,30,8,1,132,15.9,32.8,92.6,Complete
1632,30,8,2,217,20.0,35.2,86.9,Complete
1633,30,8,3,222,14.9,31.7,91.2,Complete
1634,30,8,4,163,17.4,37.2,73.9,Complete
1635,30,8,5,130,19.5,34.8,78.7,Complete
1636,30,8,6,227,16.2,30.9,88.4,Estimated
1637,30,8,7,105,31.4,54.2,54.7,Complete
1638,30,8,8,111,29.0,53.1,54.6,Complete
1639,30,8,9,155,16.4,35.7,72.7,Estimated
1640,30,8,10,73,16.5,28.2,100.0,Partial
1641,31,1,1,57,127.2,269.7,64.7,Complete
1642,31,1,2,20,127.5,234.5,74.6,Complete
1643,31,1,3,27,142.7,263.7,65.5,Complete
1644,31,1,4,46,154.1,273.0,56.4,Complete
1645,31,1,5,25,159.2,272.2,69.1,Complete
1646,31,1,6,27,127.1,257.0,68.0,Complete
1647,31,1,7,37,186.6,320.6,56.3,Complete
1648,31,1,8,16,140.5,285.8,65.7,Complete
1649,31,1,9,51,119.1,244.1,78.2,Partial
1650,31,1,10,37,110.0,240.0,75.4,Estimated
1651,31,4,1,32,72.0,135.2,86.8,Complete
1652,31,4,2,17,80.5,134.5,80.1,Complete
1653,31,4,3,49,77.3,168.6,58.1,Partial
1654,31,4,4,29,65.5,129.5,70.0,Complete
1655,31,4,5,18,62.6,130.4,79.3,Complete
1656,31,4,6,24,75.0,156.3,60.6,Complete
1657,31,4,7,12,103.3,178.2,62.2,Complete
1658,31,4,8,25,94.2,187.6,59.3,Complete
1659,31,4,9,20,69.9,139.3,68.4,Complete
1660,31,4,10,37,68.7,123.3,80.7,Complete
1661,31,8,1,24,20.9,37.9,75.4,Complete
1662,31,8,2,54,18.1,38.1,74.2,Complete
1663,31,8,3,50,23.3,44.0,56.2,Complete
1664,31,8,4,42,21.0,44.7,58.9,Complete
1665,31,8,5,41,23.1,40.2,63.9,Complete
1666,31,8,6,60,18.1,33.5,90.3,Complete
1667,31,8,7,20,25.2,55.8,53.4,Complete
1668,31,8,8,10,35.0,61.2,50.6,Complete
1669,31,8,9,38,25.2,43.4,64.8,Complete
1670,31,8,10,23,18.6,33.1,91.6,Estimated
1671,32,2,1,31,167.5,284.9,60.7,Partial
1672,32,2,2,58,144.8,310.2,58.5,Complete
1673,32,2,3,32,142.9,291.2,59.7,Complete
1674,32,2,4,30,148.7,287.7,65.3,Complete
1675,32,2,5,17,152.5,327.9,54.9,Complete
1676,32,2,6,59,126.9,252.0,63.9,Complete
1677,32,2,7,8,179.4,389.0,48.8,Complete
1678,32,2,8,23,206.4,434.7,39.3,Complete
1679,32,2,9,94,119.1,261.6,67.2,Complete
1680,32,2,10,68,165.4,280.0,53.0,Estimated
1681,32,5,1,23,27.2,52.0,50.3,Complete
1682,32,5,2,36,24.1,40.8,70.4,Partial
1683,32,5,3,47,20.1,44.0,55.1,Complete
1684,32,5,4,31,21.9,41.4,54.6,Complete
1685,32,5,5,22,22.9,47.4,55.4,Complete
1686,32,5,6,56,19.8,37.6,69.3,Complete
1687,32,5,7,33,32.2,64.8,34.8,Partial
1688,32,5,8,25,38.4,67.9,36.5,Complete
1689,32,5,9,92,17.8,37.2,64.0,Complete
1690,32,5,10,53,18.0,36.8,72.7,Complete
1691,32,8,1,29,26.8,50.7,56.3,Complete
1692,32,8,2,56,25.3,50.4,50.2,Complete
1693,32,8,3,46,18.1,39.5,62.3,Estimated
1694,32,8,4,29,25.4,48.8,62.5,Complete
1695,32,8,5,40,23.0,50.0,51.9,Complete
1696,32,8,6,35,28.3,48.9,57.2,Complete
1697,32,8,7,17,32.9,67.2,46.8,Complete
1698,32,8,8,9,28.6,60.7,47.5,Complete
1699,32,8,9,27,29.5,49.8,61.8,Complete
1700,32,8,10,72,19.6,39.1,76.8,Complete
1701,33,2,1,68,125.7,219.7,69.1,Complete
1702,33,2,2,55,119.3,199.3,81.5,Complete
1703,33,2,3,73,110.6,194.4,75.7,Complete
1704,33,2,4,46,112.2,213.6,80.7,Complete
1705,33,2,5,58,152.3,256.4,63.6,Complete
1706,33,2,6,61,135.3,229.4,77.9,Complete
1707,33,2,7,38,160.1,350.0,52.5,Complete
1708,33,2,8,19,158.8,290.1,62.0,Estimated
1709,33,2,9,36,119.5,209.1,70.4,Complete
1710,33,2,10,73,89.5,185.1,99.2,Partial
1711,33,7,1,29,20.3,36.0,77.7,Partial
1712,33,7,2,67,19.5,38.1,72.6,Complete
1713,33,7,3,34,17.9,36.7,73.1,Complete
1714,33,7,4,74,16.7,30.3,93.0,Complete
1715,33,7,5,27,20.3,37.6,61.9,Complete
1716,33,7,6,67,17.3,32.1,89.7,Complete
1717,33,7,7,12,19.5,41.5,58.4,Complete
1718,33,7,8,24,29.4,50.3,52.5,Complete
1719,33,7,9,80,19.1,35.3,64.4,Partial
1720,33,7,10,83,21.7,38.6,67.3,Complete
1721,33,8,1,63,17.7,36.6,79.0,Complete
1722,33,8,2,45,20.9,35.4,83.8,Complete
1723,33,8,3,25,20.7,37.3,76.2,Complete
1724,33,8,4,29,21.0,39.3,72.6,Complete
1725,33,8,5,68,18.4,38.3,80.1,Complete
1726,33,8,6,35,18.1,35.2,83.1,Complete
1727,33,8,7,35,28.1,57.0,49.6,Complete
1728,33,8,8,18,27.2,53.3,50.7,Partial
1729,33,8,9,49,18.9,39.4,64.2,Complete
1730,33,8,10,69,22.3,39.8,68.9,Estimated
1731,34,1,1,104,113.9,192.0,95.4,Complete
1732,34,1,2,99,113.3,205.1,82.0,Partial
1733,34,1,3,129,98.9,203.7,79.3,Complete
1734,34,1,4,90,104.6,176.5,91.4,Complete
1735,34,1,5,94,85.4,182.1,99.7,Partial
1736,34,1,6,137,120.8,231.3,67.9,Complete
1737,34,1,7,40,149.9,279.6,66.8,Complete
1738,34,1,8,45,178.9,330.7,49.9,Complete
1739,34,1,9,203,131.2,222.7,69.1,Complete
1740,34,1,10,96,88.3,179.4,100.0,Complete
1741,34,2,1,53,142.5,249.2,58.6,Complete
1742,34,2,2,143,117.7,196.7,82.2,Complete
1743,34,2,3,121,104.7,187.5,83.3,Complete
1744,34,2,4,65,125.9,226.9,78.7,Partial
1745,34,2,5,95,108.7,223.4,82.3,Partial
1746,34,2,6,72,101.8,179.3,100.0,Complete
1747,34,2,7,60,139.8,267.1,58.6,Complete
1748,34,2,8,70,123.9,247.6,63.1,Complete
1749,34,2,9,118,116.0,223.4,67.4,Complete
1750,34,2,10,150,90.5,188.8,84.2,Complete
1751,34,3,1,133,1.4,2.5,76.5,Complete
1752,34,3,2,164,1.2,2.1,80.9,Complete
1753,34,3,3,236,1.3,2.5,81.1,Complete
1754,34,3,4,184,1.3,2.4,74.7,Complete
1755,34,3,5,177,1.0,2.0,100.0,Complete
1756,34,3,6,200,1.1,2.2,82.6,Complete
1757,34,3,7,102,1.3,2.8,68.2,Complete
1758,34,3,8,213,1.4,3.0,61.3,Complete
1759,34,3,9,230,1.2,2.3,88.5,Complete
1760,34,3,10,298,0.9,2.0,80.1,Complete
1761,34,4,1,188,78.0,144.3,78.9,Complete
1762,34,4,2,132,72.1,149.3,60.7,Complete
1763,34,4,3,174,70.4,130.0,81.0,Complete
1764,34,4,4,111,66.9,137.0,72.8,Complete
1765,34,4,5,130,73.6,144.6,75.6,Complete
1766,34,4,6,146,61.1,115.6,80.7,Complete
1767,34,4,7,42,91.9,190.6,60.9,Complete
1768,34,4,8,70,96.7,183.8,51.4,Complete
1769,34,4,9,179,51.2,112.2,80.9,Estimated
1770,34,4,10,53,72.1,129.5,83.0,Complete
1771,34,5,1,76,17.4,30.7,79.9,Complete
1772,34,5,2,80,17.8,30.8,80.8,Partial
1773,34,5,3,94,18.7,32.3,71.0,Complete
1774,34,5,4,157,16.9,30.4,85.5,Complete
1775,34,5,5,97,15.5,29.1,79.4,Partial
1776,34,5,6,57,12.5,26.9,100.0,Complete
1777,34,5,7,25,21.5,42.9,59.7,Complete
1778,34,5,8,103,28.6,51.9,55.0,Complete
1779,34,5,9,129,17.5,31.2,81.4,Complete
1780,34,5,10,118,14.4,29.4,78.4,Complete
1781,34,6,1,159,9.8,18.9,66.0,Complete
1782,34,6,2,256,9.5,17.7,69.0,Complete
1783,34,6,3,166,8.4,18.2,62.7,Complete
1784,34,6,4,170,6.8,14.2,96.2,Complete
1785,34,6,5,158,10.8,17.9,72.6,Complete
1786,34,6,6,149,8.9,18.1,80.9,Complete
1787,34,6,7,218,13.4,26.3,46.7,Complete
1788,34,6,8,122,13.0,26.3,42.9,Complete
1789,34,6,9,221,6.8,14.4,79.9,Complete
1790,34,6,10,213,7.8,13.0,100.0,Complete
1791,34,7,1,187,16.4,31.0,76.2,Partial
1792,34,7,2,97,17.3,36.3,65.0,Estimated
1793,34,7,3,65,17.9,32.7,74.6,Complete
1794,34,7,4,138,17.4,32.1,76.7,Complete
1795,34,7,5,145,16.2,31.6,71.1,Complete
1796,34,7,6,64,18.1,37.1,67.5,Complete
1797,34,7,7,40,28.8,52.7,51.0,Complete
1798,34,7,8,50,25.6,44.1,65.4,Complete
1799,34,7,9,183,14.2,29.7,86.6,Complete
1800,34,7,10,83,13.9,26.5,91.6,Complete
1801,34,8,1,92,22.6,38.8,72.8,Complete
1802,34,8,2,87,21.6,38.8,76.5,Complete
1803,34,8,3,109,18.6,38.3,66.9,Complete
1804,34,8,4,176,15.9,33.8,73.3,Complete
1805,34,8,5,64,20.9,37.8,69.1,Complete
1806,34,8,6,42,15.2,33.2,88.3,Complete
1807,34,8,7,23,22.4,47.7,57.0,Complete
1808,34,8,8,112,27.3,51.3,47.0,Complete
1809,34,8,9,114,14.9,32.2,76.7,Complete
1810,34,8,10,65,17.8,30.6,95.0,Complete
1811,35,4,1,46,54.8,104.1,87.6,Complete
1812,35,4,2,50,63.6,125.5,79.5,Complete
1813,35,4,3,43,58.4,102.2,98.1,Complete
1814,35,4,4,29,67.6,117.2,86.9,Complete
1815,35,4,5,61,58.5,120.3,77.4,Complete
1816,35,4,6,45,65.1,115.9,79.8,Partial
1817,35,4,7,51,105.2,184.2,55.2,Complete
1818,35,4,8,31,97.9,177.1,63.9,Partial
1819,35,4,9,67,69.8,123.4,85.3,Partial
1820,35,4,10,76,68.5,117.8,82.5,Estimated
1821,35,8,1,59,17.7,36.8,85.1,Complete
1822,35,8,2,78,14.4,27.2,99.4,Complete
1823,35,8,3,41,17.2,33.3,83.7,Complete
1824,35,8,4,74,16.4,33.5,77.7,Complete
1825,35,8,5,78,13.9,29.5,81.8,Complete
1826,35,8,6,58,14.8,27.4,100.0,Complete
1827,35,8,7,19,25.4,44.4,64.0,Complete
1828,35,8,8,31,26.8,46.6,53.2,Complete
1829,35,8,9,28,13.9,29.0,100.0,Complete
1830,35,8,10,49,12.7,26.4,100.0,Complete
1831,36,1,1,68,119.8,225.0,81.6,Partial
1832,36,1,2,47,117.9,225.4,64.9,Complete
1833,36,1,3,82,122.6,262.6,70.7,Partial
1834,36,1,4,58,130.4,251.0,68.1,Complete
1835,36,1,5,23,141.5,240.0,67.5,Complete
1836,36,1,6,86,119.4,225.7,82.1,Complete
1837,36,1,7,17,166.0,308.6,61.5,Complete
1838,36,1,8,13,127.4,277.5,67.6,Complete
1839,36,1,9,37,133.6,238.2,63.5,Complete
1840,36,1,10,69,130.5,218.7,83.6,Complete
1841,36,2,1,63,118.3,210.0,72.1,Complete
1842,36,2,2,87,159.2,274.0,64.3,Complete
1843,36,2,3,42,146.4,266.7,67.8,Partial
1844,36,2,4,31,129.9,272.0,63.6,Complete
1845,36,2,5,102,118.5,198.2,87.4,Complete
1846,36,2,6,83,123.6,237.0,73.0,Complete
1847,36,2,7,23,208.8,383.9,44.3,Complete
1848,36,2,8,41,202.9,385.4,47.0,Complete
1849,36,2,9,78,116.4,199.8,75.9,Complete
1850,36,2,10,74,119.8,212.7,72.4,Complete
1851,36,4,1,29,67.2,142.8,66.3,Partial
1852,36,4,2,56,67.7,143.2,79.1,Complete
1853,36,4,3,21,68.4,128.3,72.2,Complete
1854,36,4,4,25,72.4,127.3,79.2,Complete
1855,36,4,5,53,74.8,129.7,84.6,Estimated
1856,36,4,6,55,68.1,128.7,83.9,Complete
1857,36,4,7,32,80.9,175.6,56.3,Complete
1858,36,4,8,22,90.4,179.7,53.7,Complete
1859,36,4,9,100,68.6,124.2,74.8,Partial
1860,36,4,10,80,62.5,130.9,76.7,Estimated
1861,36,5,1,62,19.8,37.3,61.4,Complete
1862,36,5,2,44,22.5,42.5,54.6,Complete
1863,36,5,3,83,19.8,40.2,60.9,Complete
1864,36,5,4,63,18.1,34.8,65.6,Partial
1865,36,5,5,63,17.6,31.9,86.0,Complete
1866,36,5,6,37,18.9,36.9,76.3,Complete
1867,36,5,7,19,25.7,43.9,61.3,Complete
1868,36,5,8,9,25.8,52.8,43.5,Complete
1869,36,5,9,79,16.5,33.8,78.8,Complete
1870,36,5,10,78,21.9,38.4,69.5,Partial
1871,36,7,1,43,22.0,42.2,61.5,Complete
1872,36,7,2,72,19.1,42.1,57.5,Complete
1873,36,7,3,73,21.9,39.7,63.1,Complete
1874,36,7,4,47,18.0,33.9,79.7,Complete
1875,36,7,5,86,21.5,40.9,63.5,Complete
1876,36,7,6,70,19.9,34.5,69.6,Complete
1877,36,7,7,31,30.5,52.1,52.2,Complete
1878,36,7,8,43,23.8,52.6,50.3,Complete
1879,36,7,9,41,19.3,37.2,78.0,Complete
1880,36,7,10,90,16.5,29.8,87.5,Estimated
1881,36,8,1,57,24.4,41.2,66.2,Complete
1882,36,8,2,37,19.8,43.6,63.2,Complete
1883,36,8,3,52,21.9,37.9,67.0,Complete
1884,36,8,4,83,20.8,40.7,74.2,Complete
1885,36,8,5,59,18.9,36.6,76.4,Complete
1886,36,8,6,58,18.3,33.6,79.9,Complete
1887,36,8,7,51,23.2,49.2,55.0,Complete
1888,36,8,8,29,30.6,56.2,45.9,Complete
1889,36,8,9,66,18.9,38.2,79.0,Complete
1890,36,8,10,33,23.2,38.7,70.3,Complete
1891,37,1,1,38,117.9,256.1,57.3,Complete
1892,37,1,2,50,124.2,242.5,70.6,Complete
1893,37,1,3,69,117.7,240.9,68.9,Complete
1894,37,1,4,29,115.5,217.5,72.2,Complete
1895,37,1,5,56,109.1,241.2,70.7,Complete
1896,37,1,6,46,134.0,253.4,63.2,Complete
1897,37,1,7,12,147.8,296.3,62.7,Complete
1898,37,1,8,31,187.2,387.2,45.7,Complete
1899,37,1,9,66,117.0,252.6,64.5,Complete
1900,37,1,10,55,125.9,237.2,62.6,Complete
1901,37,8,1,58,20.0,33.3,88.5,Complete
1902,37,8,2,51,22.1,46.3,58.7,Complete
1903,37,8,3,26,22.1,37.0,78.3,Complete
1904,37,8,4,43,17.2,34.4,88.6,Complete
1905,37,8,5,24,18.4,35.8,82.8,Complete
1906,37,8,6,24,24.6,43.8,59.8,Complete
1907,37,8,7,16,30.9,63.6,48.5,Complete
1908,37,8,8,12,24.9,48.2,53.7,Complete
1909,37,8,9,89,18.3,31.9,96.0,Complete
1910,37,8,10,76,21.5,37.4,83.1,Complete
1911,38,4,1,33,108.0,207.7,49.9,Complete
1912,38,4,2,37,114.9,194.2,50.2,Complete
1913,38,4,3,99,105.6,221.8,51.6,Estimated
1914,38,4,4,58,115.2,207.9,51.0,Complete
1915,38,4,5,61,107.0,228.1,48.0,Complete
1916,38,4,6,27,84.9,164.1,58.6,Complete
1917,38,4,7,31,151.2,255.2,36.0,Complete
1918,38,4,8,37,136.0,234.1,42.2,Complete
1919,38,4,9,101,91.5,188.2,59.3,Complete
1920,38,4,10,25,108.8,201.0,53.0,Complete
1921,38,7,1,53,30.3,50.8,52.3,Complete
1922,38,7,2,81,28.9,55.1,43.9,Complete
1923,38,7,3,75,22.2,45.6,56.1,Complete
1924,38,7,4,45,22.0,43.7,62.5,Complete
1925,38,7,5,75,24.6,41.2,54.7,Complete
1926,38,7,6,56,26.6,56.1,45.8,Complete
1927,38,7,7,54,31.2,63.3,46.2,Complete
1928,38,7,8,25,34.5,70.9,41.2,Partial
1929,38,7,9,68,24.0,53.2,48.5,Complete
1930,38,7,10,35,24.4,45.9,53.1,Complete
1931,38,8,1,53,25.3,52.3,54.2,Estimated
1932,38,8,2,57,28.8,61.8,44.4,Complete
1933,38,8,3,45,21.4,47.0,67.0,Estimated
1934,38,8,4,51,24.0,44.9,55.1,Complete
1935,38,8,5,40,26.6,47.7,54.5,Complete
1936,38,8,6,100,22.1,48.7,57.1,Complete
1937,38,8,7,45,49.0,87.2,30.1,Complete
1938,38,8,8,31,43.4,78.0,35.0,Complete
1939,38,8,9,117,27.8,53.9,48.2,Complete
1940,38,8,10,99,27.4,49.9,61.1,Complete
1941,39,2,1,46,112.8,198.8,73.9,Complete
1942,39,2,2,53,116.5,233.1,79.6,Partial
1943,39,2,3,61,100.0,203.8,91.6,Partial
1944,39,2,4,61,103.9,220.7,72.3,Complete
1945,39,2,5,81,127.8,245.5,61.0,Complete
1946,39,2,6,27,116.6,246.6,77.4,Complete
1947,39,2,7,26,184.5,316.7,46.7,Complete
1948,39,2,8,25,141.1,291.3,54.2,Complete
1949,39,2,9,69,90.5,188.9,96.6,Complete
1950,39,2,10,111,140.2,252.5,74.8,Complete
1951,39,5,1,75,14.4,30.5,91.9,Complete
1952,39,5,2,43,19.4,39.1,58.3,Complete
1953,39,5,3,35,19.6,37.2,69.2,Complete
1954,39,5,4,51,17.5,29.4,88.7,Complete
1955,39,5,5,68,17.7,29.6,87.4,Complete
1956,39,5,6,84,21.4,37.3,62.0,Estimated
1957,39,5,7,39,23.1,49.9,54.0,Complete
1958,39,5,8,20,29.5,50.7,46.3,Complete
1959,39,5,9,96,15.6,29.9,96.0,Complete
1960,39,5,10,26,17.6,30.3,75.4,Complete
1961,39,8,1,63,23.0,41.5,64.6,Complete
1962,39,8,2,54,20.6,40.8,74.3,Complete
1963,39,8,3,29,19.8,37.5,64.2,Complete
1964,39,8,4,58,16.5,31.3,86.3,Partial
1965,39,8,5,41,17.7,34.1,81.4,Complete
1966,39,8,6,65,17.7,34.2,87.8,Complete
1967,39,8,7,33,27.6,52.1,52.3,Complete
1968,39,8,8,17,29.9,56.6,45.8,Complete
1969,39,8,9,90,22.5,37.5,67.8,Complete
1970,39,8,10,22,17.9,37.6,74.3,Partial
1971,40,4,1,66,76.2,134.2,69.1,Complete
1972,40,4,2,19,81.1,140.9,68.1,Complete
1973,40,4,3,50,63.1,122.7,88.5,Complete
1974,40,4,4,53,55.4,114.8,92.4,Complete
1975,40,4,5,69,70.1,126.9,74.1,Complete
1976,40,4,6,31,76.6,128.5,73.1,Complete
1977,40,4,7,22,91.1,178.3,55.2,Complete
1978,40,4,8,35,84.2,152.7,68.7,Partial
1979,40,4,9,44,60.6,124.7,88.6,Complete
1980,40,4,10,108,56.8,123.1,85.7,Complete
1981,40,8,1,28,16.7,36.1,72.4,Complete
1982,40,8,2,70,16.2,29.2,100.0,Partial
1983,40,8,3,23,19.4,36.8,71.0,Partial
1984,40,8,4,49,15.1,30.6,100.0,Complete
1985,40,8,5,44,15.8,34.4,70.9,Estimated
1986,40,8,6,54,16.0,32.4,86.6,Complete
1987,40,8,7,15,27.0,46.8,55.5,Complete
1988,40,8,8,36,21.5,44.5,58.1,Complete
1989,40,8,9,76,16.9,30.0,82.2,Complete
1990,40,8,10,42,15.1,31.5,76.9,Complete
1991,41,8,1,46,24.8,42.5,57.0,Complete
1992,41,8,2,24,20.3,39.8,69.7,Complete
1993,41,8,3,68,20.5,41.9,69.3,Complete
1994,41,8,4,55,25.9,44.4,54.1,Complete
1995,41,8,5,71,23.8,45.8,57.8,Complete
1996,41,8,6,44,22.3,42.8,60.3,Complete
1997,41,8,7,35,39.1,69.0,36.7,Complete
1998,41,8,8,16,33.4,72.0,43.4,Partial
1999,41,8,9,85,22.0,38.3,69.9,Complete
2000,41,8,10,57,23.6,47.0,51.2,Complete
2001,42,8,1,65,17.9,37.0,77.0,Complete
2002,42,8,2,24,21.4,40.6,72.5,Complete
2003,42,8,3,29,23.3,40.4,72.2,Estimated
2004,42,8,4,49,18.7,32.2,83.5,Complete
2005,42,8,5,83,16.5,29.8,100.0,Complete
2006,42,8,6,43,17.7,37.5,66.4,Complete
2007,42,8,7,18,24.2,47.0,51.1,Partial
2008,42,8,8,43,25.1,49.5,56.2,Complete
2009,42,8,9,68,13.5,29.8,100.0,Complete
2010,42,8,10,28,17.3,31.0,89.6,Complete
2011,43,8,1,20,24.8,46.8,66.2,Complete
2012,43,8,2,48,23.7,39.5,73.5,Partial
2013,43,8,3,17,23.0,39.3,77.1,Complete
2014,43,8,4,32,25.0,46.5,55.0,Complete
2015,43,8,5,56,23.1,43.2,64.7,Complete
2016,43,8,6,32,22.9,49.7,53.6,Complete
2017,43,8,7,30,30.3,63.2,41.3,Complete
2018,43,8,8,19,36.0,65.2,40.7,Complete
2019,43,8,9,58,20.9,43.4,58.9,Estimated
2020,43,8,10,56,24.2,44.3,54.9,Estimated
2021,44,1,1,187,130.1,277.6,54.1,Partial
2022,44,1,2,182,126.8,222.8,81.9,Partial
2023,44,1,3,162,127.2,253.5,63.1,Estimated
2024,44,1,4,90,127.3,260.3,66.9,Complete
2025,44,1,5,164,96.0,203.3,81.8,Complete
2026,44,1,6,111,110.1,211.8,85.7,Complete
2027,44,1,7,97,198.2,344.1,44.8,Complete
2028,44,1,8,139,146.9,281.5,67.4,Complete
2029,44,1,9,332,133.9,250.1,73.1,Estimated
2030,44,1,10,264,141.9,240.1,69.3,Estimated
2031,44,2,1,120,155.6,270.7,63.0,Complete
2032,44,2,2,161,111.2,224.7,67.2,Complete
2033,44,2,3,239,124.3,232.2,74.3,Complete
2034,44,2,4,163,104.8,200.1,89.3,Estimated
2035,44,2,5,73,124.2,233.2,66.3,Complete
2036,44,2,6,231,98.4,210.8,86.7,Complete
2037,44,2,7,129,202.4,358.7,51.9,Complete
2038,44,2,8,36,212.8,359.8,42.8,Complete
2039,44,2,9,115,114.3,194.0,81.0,Complete
2040,44,2,10,324,92.6,191.3,80.6,Complete
2041,44,3,1,254,1.4,3.0,57.1,Complete
2042,44,3,2,300,1.6,2.9,63.9,Complete
2043,44,3,3,350,1.1,2.5,67.3,Complete
2044,44,3,4,187,1.3,2.6,66.1,Complete
2045,44,3,5,250,1.4,2.6,79.7,Complete
2046,44,3,6,242,1.5,2.9,70.9,Complete
2047,44,3,7,246,1.8,3.8,53.5,Complete
2048,44,3,8,355,1.6,3.3,61.0,Complete
2049,44,3,9,257,1.1,2.1,86.5,Complete
2050,44,3,10,291,1.7,2.8,73.1,Complete
2051,44,4,1,306,89.2,152.1,69.7,Partial
2052,44,4,2,121,83.0,142.7,73.7,Estimated
2053,44,4,3,115,73.6,136.7,72.1,Complete
2054,44,4,4,76,97.6,165.2,70.0,Complete
2055,44,4,5,234,88.0,163.5,57.4,Complete
2056,44,4,6,228,91.0,154.4,60.9,Complete
2057,44,4,7,100,107.3,208.3,43.8,Partial
2058,44,4,8,71,98.0,170.4,66.0,Partial
2059,44,4,9,314,69.4,119.9,90.1,Complete
2060,44,4,10,249,72.2,123.1,89.8,Complete
2061,44,5,1,133,22.1,38.5,59.3,Complete
2062,44,5,2,113,18.5,31.0,85.4,Complete
2063,44,5,3,86,18.7,34.0,71.8,Complete
2064,44,5,4,204,17.0,33.3,71.3,Complete
2065,44,5,5,75,16.9,31.6,85.8,Complete
2066,44,5,6,73,19.0,36.4,65.1,Complete
2067,44,5,7,61,22.8,43.7,66.9,Complete
2068,44,5,8,145,29.1,48.5,49.5,Complete
2069,44,5,9,177,17.0,34.4,71.2,Partial
2070,44,5,10,122,17.3,32.6,71.4,Complete
2071,44,6,1,250,10.8,19.3,69.1,Partial
2072,44,6,2,255,9.8,19.9,70.4,Complete
2073,44,6,3,205,10.4,20.1,61.2,Complete
2074,44,6,4,302,8.3,15.6,93.7,Complete
2075,44,6,5,260,10.8,19.1,62.7,Complete
2076,44,6,6,250,8.3,17.9,76.6,Complete
2077,44,6,7,272,14.7,26.8,48.6,Complete
2078,44,6,8,211,15.7,28.8,49.3,Complete
2079,44,6,9,203,11.2,20.3,62.3,Complete
2080,44,6,10,426,9.3,19.3,61.3,Complete
2081,44,7,1,95,18.6,32.0,74.9,Complete
2082,44,7,2,249,18.4,33.3,84.1,Complete
2083,44,7,3,304,18.8,31.5,83.6,Partial
2084,44,7,4,248,20.0,36.4,62.3,Complete
2085,44,7,5,125,19.5,34.8,69.5,Complete
2086,44,7,6,228,15.5,31.2,85.7,Complete
2087,44,7,7,99,28.8,55.7,42.5,Complete
2088,44,7,8,56,26.6,57.7,40.7,Partial
2089,44,7,9,337,20.7,37.0,71.4,Complete
2090,44,7,10,205,23.4,39.9,63.3,Complete
2091,44,8,1,131,19.6,38.6,71.1,Complete
2092,44,8,2,241,21.0,36.1,79.8,Complete
2093,44,8,3,118,20.1,39.4,71.6,Complete
2094,44,8,4,208,20.6,39.9,72.8,Complete
2095,44,8,5,120,19.1,33.3,77.5,Complete
2096,44,8,6,165,19.7,36.2,81.5,Complete
2097,44,8,7,36,25.3,51.6,54.3,Complete
2098,44,8,8,65,30.1,54.3,49.1,Complete
2099,44,8,9,213,21.7,39.2,72.9,Estimated
2100,44,8,10,167,23.7,40.2,68.6,Complete
2101,45,1,1,237,117.8,223.8,73.6,Estimated
2102,45,1,2,239,120.8,227.0,66.0,Complete
2103,45,1,3,407,95.2,206.9,83.2,Complete
2104,45,1,4,394,108.8,196.2,83.2,Complete
2105,45,1,5,267,129.8,220.9,76.6,Complete
2106,45,1,6,274,106.3,192.1,78.6,Complete
2107,45,1,7,132,142.9,285.0,63.4,Complete
2108,45,1,8,230,178.4,329.2,44.9,Estimated
2109,45,1,9,145,93.5,185.6,94.8,Complete
2110,45,1,10,357,105.8,182.3,82.6,Complete
2111,45,2,1,397,140.0,233.5,65.9,Complete
2112,45,2,2,290,96.8,193.4,96.2,Complete
2113,45,2,3,199,98.0,193.2,84.9,Complete
2114,45,2,4,159,110.7,237.0,69.9,Complete
2115,45,2,5,286,106.3,203.4,89.7,Complete
2116,45,2,6,103,94.2,174.8,88.8,Complete
2117,45,2,7,155,145.4,277.5,61.8,Complete
2118,45,2,8,69,159.7,340.2,47.8,Complete
2119,45,2,9,195,93.6,169.8,92.8,Complete
2120,45,2,10,380,90.6,194.5,91.7,Complete
2121,45,3,1,378,1.4,2.4,84.8,Complete
2122,45,3,2,318,1.1,2.5,73.0,Partial
2123,45,3,3,413,1.3,2.5,67.9,Complete
2124,45,3,4,352,1.0,2.1,96.8,Complete
2125,45,3,5,405,1.1,2.1,100.0,Complete
2126,45,3,6,514,1.4,2.5,66.0,Complete
2127,45,3,7,372,2.0,3.8,46.6,Complete
2128,45,3,8,294,1.6,3.0,57.7,Complete
2129,45,3,9,499,1.3,2.5,77.0,Complete
2130,45,3,10,388,1.3,2.3,76.9,Complete
2131,45,4,1,280,59.9,116.9,79.2,Complete
2132,45,4,2,254,79.6,148.6,71.3,Complete
2133,45,4,3,243,72.7,132.1,88.5,Complete
2134,45,4,4,191,64.1,142.4,65.8,Partial
2135,45,4,5,260,62.5,106.6,84.4,Complete
2136,45,4,6,339,62.4,122.3,96.0,Complete
2137,45,4,7,202,91.2,191.7,52.2,Partial
2138,45,4,8,82,92.5,167.8,67.4,Complete
2139,45,4,9,297,80.9,143.0,70.8,Complete
2140,45,4,10,137,65.8,135.9,66.7,Complete
2141,45,5,1,290,18.0,30.4,93.0,Complete
2142,45,5,2,139,20.6,35.9,79.8,Complete
2143,45,5,3,239,18.5,33.2,71.5,Complete
2144,45,5,4,241,14.1,27.8,96.0,Complete
2145,45,5,5,121,17.9,34.2,70.3,Complete
2146,45,5,6,175,20.3,36.5,63.8,Complete
2147,45,5,7,184,25.9,48.7,52.6,Complete
2148,45,5,8,98,20.0,44.0,59.4,Partial
2149,45,5,9,324,15.8,35.0,70.7,Complete
2150,45,5,10,131,19.2,32.1,74.6,Partial
2151,45,6,1,399,9.4,18.5,67.8,Complete
2152,45,6,2,585,10.1,17.5,65.3,Complete
2153,45,6,3,519,8.0,17.0,76.8,Complete
2154,45,6,4,373,7.0,14.0,93.2,Partial
2155,45,6,5,381,7.4,13.6,100.0,Complete
2156,45,6,6,268,7.1,15.7,73.0,Complete
2157,45,6,7,312,11.6,21.2,56.2,Complete
2158,45,6,8,364,11.9,21.1,61.4,Partial
2159,45,6,9,319,8.3,14.3,93.6,Complete
2160,45,6,10,484,8.3,16.1,83.7,Complete
2161,45,7,1,283,18.1,31.3,87.7,Complete
2162,45,7,2,335,19.1,35.4,72.4,Complete
2163,45,7,3,89,20.7,35.9,67.6,Complete
2164,45,7,4,369,12.8,27.6,98.4,Complete
2165,45,7,5,124,14.7,29.7,81.7,Complete
2166,45,7,6,106,16.5,30.8,88.5,Complete
2167,45,7,7,128,21.8,42.3,67.5,Complete
2168,45,7,8,153,23.4,50.3,53.9,Estimated
2169,45,7,9,398,17.7,32.9,86.6,Complete
2170,45,7,10,403,16.0,29.8,80.1,Complete
2171,45,8,1,281,17.4,29.6,100.0,Complete
2172,45,8,2,251,22.3,40.2,73.5,Complete
2173,45,8,3,236,14.0,29.5,99.4,Complete
2174,45,8,4,158,14.6,30.6,87.0,Complete
2175,45,8,5,233,16.4,35.9,80.6,Complete
2176,45,8,6,330,13.5,28.3,100.0,Complete
2177,45,8,7,120,28.3,49.5,49.4,Complete
2178,45,8,8,133,20.0,44.5,62.6,Partial
2179,45,8,9,267,15.6,30.1,86.4,Complete
2180,45,8,10,282,15.5,34.3,75.3,Complete
2181,46,1,1,161,108.2,208.0,70.3,Complete
2182,46,1,2,186,114.5,191.1,97.8,Complete
2183,46,1,3,230,93.5,162.2,100.0,Complete
2184,46,1,4,162,110.9,203.3,90.3,Partial
2185,46,1,5,223,91.6,179.6,83.1,Complete
2186,46,1,6,268,99.1,209.9,90.7,Complete
2187,46,1,7,42,149.6,301.1,59.5,Partial
2188,46,1,8,101,137.6,290.8,55.8,Complete
2189,46,1,9,246,96.3,199.0,82.3,Complete
2190,46,1,10,279,89.8,172.9,88.2,Complete
2191,46,2,1,277,82.7,163.6,100.0,Complete
2192,46,2,2,314,105.5,177.3,95.8,Complete
2193,46,2,3,341,115.5,201.9,91.1,Complete
2194,46,2,4,162,104.9,205.1,80.5,Estimated
2195,46,2,5,290,78.2,172.0,96.2,Complete
2196,46,2,6,212,90.6,161.8,100.0,Complete
2197,46,2,7,84,122.7,239.2,72.5,Complete
2198,46,2,8,174,136.3,255.8,71.7,Complete
2199,46,2,9,82,121.4,203.2,86.9,Complete
2200,46,2,10,130,83.7,173.2,100.0,Complete
2201,46,3,1,285,1.4,2.3,76.4,Complete
2202,46,3,2,284,0.9,2.0,96.0,Complete
2203,46,3,3,345,1.1,2.0,96.3,Estimated
2204,46,3,4,286,1.2,2.3,80.1,Complete
2205,46,3,5,303,1.2,2.4,82.5,Complete
2206,46,3,6,256,1.2,2.1,81.7,Complete
2207,46,3,7,340,1.8,3.4,53.0,Complete
2208,46,3,8,322,1.6,3.0,66.6,Complete
2209,46,3,9,436,1.1,2.0,96.3,Complete
2210,46,3,10,502,1.1,2.0,85.4,Complete
2211,46,4,1,305,62.2,136.3,85.5,Complete
2212,46,4,2,261,56.4,103.0,94.3,Complete
2213,46,4,3,261,50.6,100.3,100.0,Complete
2214,46,4,4,115,61.3,131.2,72.8,Complete
2215,46,4,5,243,53.1,108.0,92.8,Complete
2216,46,4,6,256,65.2,113.0,94.2,Complete
2217,46,4,7,148,105.1,190.0,54.5,Complete
2218,46,4,8,191,106.8,183.3,55.7,Estimated
2219,46,4,9,240,47.2,98.2,100.0,Complete
2220,46,4,10,365,50.5,109.7,83.7,Complete
2221,46,5,1,370,14.7,28.1,85.4,Complete
2222,46,5,2,106,13.8,27.0,95.6,Complete
2223,46,5,3,330,12.8,26.1,100.0,Complete
2224,46,5,4,335,11.9,24.5,100.0,Complete
2225,46,5,5,401,15.4,30.3,81.9,Partial
2226,46,5,6,147,17.1,29.3,88.7,Complete
2227,46,5,7,60,23.2,40.7,71.0,Complete
2228,46,5,8,106,21.4,42.3,63.8,Partial
2229,46,5,9,173,15.9,28.5,95.4,Complete
2230,46,5,10,382,13.6,23.4,100.0,Complete
2231,46,6,1,307,8.1,16.4,78.5,Complete
2232,46,6,2,270,7.2,13.3,100.0,Complete
2233,46,6,3,301,6.7,12.4,100.0,Complete
2234,46,6,4,364,9.9,17.0,75.1,Complete
2235,46,6,5,441,7.5,15.0,96.8,Complete
2236,46,6,6,203,8.0,16.6,88.7,Complete
2237,46,6,7,277,9.7,17.3,76.3,Partial
2238,46,6,8,485,10.9,18.4,72.7,Complete
2239,46,6,9,408,7.0,12.3,100.0,Complete
2240,46,6,10,309,6.7,12.9,100.0,Complete
2241,46,7,1,98,13.8,29.3,77.9,Complete
2242,46,7,2,117,17.8,31.6,84.9,Partial
2243,46,7,3,194,12.8,25.8,100.0,Partial
2244,46,7,4,118,16.8,29.7,76.5,Estimated
2245,46,7,5,247,17.8,30.2,77.9,Complete
2246,46,7,6,286,14.3,25.2,100.0,Partial
2247,46,7,7,154,24.2,45.8,59.1,Complete
2248,46,7,8,124,20.8,42.1,67.0,Complete
2249,46,7,9,408,14.8,28.7,86.3,Complete
2250,46,7,10,258,12.6,23.7,100.0,Complete
2251,46,8,1,280,16.3,33.1,89.9,Complete
2252,46,8,2,250,20.0,36.2,66.8,Complete
2253,46,8,3,95,18.3,36.0,87.1,Estimated
2254,46,8,4,145,12.1,26.4,91.6,Complete
2255,46,8,5,336,16.6,32.5,77.9,Complete
2256,46,8,6,228,18.8,34.9,87.6,Complete
2257,46,8,7,65,18.5,37.5,78.1,Complete
2258,46,8,8,232,30.4,51.5,49.1,Complete
2259,46,8,9,438,18.5,33.0,87.9,Partial
2260,46,8,10,332,19.2,32.6,93.1,Complete
2261,47,1,1,111,100.0,197.7,91.5,Estimated
2262,47,1,2,164,124.2,246.3,70.6,Partial
2263,47,1,3,76,116.8,234.1,77.8,Complete
2264,47,1,4,129,120.6,220.1,76.1,Complete
2265,47,1,5,246,103.9,219.3,83.4,Complete
2266,47,1,6,77,104.3,224.3,78.9,Complete
2267,47,1,7,79,193.8,341.4,44.8,Estimated
2268,47,1,8,85,150.9,326.3,57.1,Complete
2269,47,1,9,96,105.0,202.9,91.8,Complete
2270,47,1,10,146,96.6,211.7,88.0,Complete
2271,47,2,1,100,89.3,183.3,96.4,Complete
2272,47,2,2,196,112.1,217.3,76.8,Complete
2273,47,2,3,127,85.9,189.2,83.9,Complete
2274,47,2,4,79,102.6,214.0,71.5,Complete
2275,47,2,5,90,110.3,207.9,82.8,Complete
2276,47,2,6,173,107.4,185.9,93.9,Complete
2277,47,2,7,104,147.8,275.5,60.3,Complete
2278,47,2,8,36,135.6,277.6,63.4,Partial
2279,47,2,9,66,102.0,185.5,100.0,Complete
2280,47,2,10,95,95.1,173.8,91.5,Complete
2281,47,3,1,101,1.3,2.6,65.3,Complete
2282,47,3,2,141,1.4,2.7,65.5,Complete
2283,47,3,3,170,1.3,2.4,81.0,Complete
2284,47,3,4,141,1.2,2.1,90.2,Complete
2285,47,3,5,173,1.4,2.6,66.7,Partial
2286,47,3,6,223,1.4,2.6,66.3,Complete
2287,47,3,7,165,1.5,3.0,56.0,Complete
2288,47,3,8,218,1.4,2.8,74.0,Complete
2289,47,3,9,167,1.2,2.3,81.8,Complete
2290,47,3,10,307,1.1,2.4,78.7,Complete
2291,47,4,1,189,62.2,136.3,67.3,Complete
2292,47,4,2,115,76.2,148.5,70.2,Complete
2293,47,4,3,186,74.5,150.6,70.8,Complete
2294,47,4,4,192,74.2,135.3,71.0,Complete
2295,47,4,5,57,56.7,121.2,74.9,Complete
2296,47,4,6,78,77.4,138.7,80.1,Complete
2297,47,4,7,105,92.4,181.1,54.8,Partial
2298,47,4,8,97,98.3,200.2,48.6,Partial
2299,47,4,9,173,77.0,138.8,66.5,Complete
2300,47,4,10,210,70.7,132.1,68.4,Complete
2301,47,5,1,166,17.2,34.4,77.8,Complete
2302,47,5,2,145,14.4,31.5,89.4,Complete
2303,47,5,3,140,18.9,33.7,68.9,Complete
2304,47,5,4,184,21.8,37.4,73.1,Partial
2305,47,5,5,185,20.4,34.2,78.8,Complete
2306,47,5,6,175,16.2,31.0,93.8,Complete
2307,47,5,7,57,25.7,49.5,48.0,Complete
2308,47,5,8,42,25.8,51.6,47.0,Complete
2309,47,5,9,79,15.1,28.0,100.0,Complete
2310,47,5,10,196,15.0,28.9,96.5,Complete
2311,47,6,1,158,7.0,14.8,76.9,Complete
2312,47,6,2,147,8.3,17.1,66.7,Partial
2313,47,6,3,209,8.8,16.4,71.5,Complete
2314,47,6,4,189,9.0,15.4,89.9,Complete
2315,47,6,5,123,8.3,14.6,85.8,Complete
2316,47,6,6,165,6.6,13.4,100.0,Complete
2317,47,6,7,203,13.0,26.4,52.9,Complete
2318,47,6,8,245,13.0,26.1,51.5,Complete
2319,47,6,9,330,7.0,14.7,92.5,Complete
2320,47,6,10,236,8.1,15.0,96.2,Complete
2321,47,7,1,124,19.9,36.5,68.2,Partial
2322,47,7,2,211,19.6,36.3,67.5,Estimated
2323,47,7,3,105,15.3,27.5,100.0,Complete
2324,47,7,4,59,20.7,37.3,78.8,Complete
2325,47,7,5,110,16.4,34.1,73.0,Complete
2326,47,7,6,141,15.8,28.8,98.9,Complete
2327,47,7,7,76,24.5,53.2,50.6,Partial
2328,47,7,8,79,28.0,50.6,55.7,Complete
2329,47,7,9,142,12.3,26.2,100.0,Complete
2330,47,7,10,111,17.1,30.0,90.2,Complete
2331,47,8,1,158,22.4,40.5,63.5,Complete
2332,47,8,2,219,21.0,36.1,79.3,Partial
2333,47,8,3,182,22.6,39.4,79.8,Complete
2334,47,8,4,78,17.2,36.0,83.1,Complete
2335,47,8,5,59,15.2,28.7,92.3,Complete
2336,47,8,6,115,20.9,38.0,63.2,Complete
2337,47,8,7,108,26.8,49.9,58.4,Complete
2338,47,8,8,126,26.8,49.1,54.5,Partial
2339,47,8,9,126,16.7,36.7,72.7,Complete
2340,47,8,10,143,16.3,33.7,90.0,Complete
2341,48,1,1,307,133.3,233.4,66.7,Complete
2342,48,1,2,109,118.9,247.8,70.6,Complete
2343,48,1,3,259,115.3,192.9,89.0,Complete
2344,48,1,4,258,92.9,181.7,81.5,Complete
2345,48,1,5,319,129.5,225.2,84.4,Complete
2346,48,1,6,383,117.7,206.0,92.5,Complete
2347,48,1,7,99,171.9,350.2,46.1,Complete
2348,48,1,8,82,186.5,342.6,43.2,Complete
2349,48,1,9,146,100.0,220.6,81.5,Complete
2350,48,1,10,167,103.9,197.0,74.3,Complete
2351,48,2,1,296,138.3,257.7,69.8,Complete
2352,48,2,2,300,143.6,243.4,63.9,Complete
2353,48,2,3,154,115.0,214.4,76.7,Complete
2354,48,2,4,321,135.5,234.5,65.7,Complete
2355,48,2,5,283,107.9,210.3,71.5,Complete
2356,48,2,6,296,134.0,239.5,76.2,Complete
2357,48,2,7,190,181.1,360.7,44.6,Partial
2358,48,2,8,158,139.7,276.9,61.8,Complete
2359,48,2,9,162,130.0,236.1,66.4,Complete
2360,48,2,10,387,113.7,229.8,68.2,Complete
2361,48,3,1,202,1.2,2.1,96.5,Complete
2362,48,3,2,367,1.1,2.3,74.0,Complete
2363,48,3,3,266,1.3,2.7,65.2,Complete
2364,48,3,4,444,1.3,2.2,94.1,Complete
2365,48,3,5,391,1.2,2.3,75.7,Complete
2366,48,3,6,316,1.2,2.3,73.4,Complete
2367,48,3,7,540,1.6,3.6,48.9,Complete
2368,48,3,8,343,1.5,3.3,51.2,Partial
2369,48,3,9,541,1.0,2.2,87.2,Complete
2370,48,3,10,413,1.3,2.4,85.1,Complete
2371,48,4,1,215,75.4,148.7,65.3,Complete
2372,48,4,2,187,77.4,138.7,68.4,Partial
2373,48,4,3,101,76.4,132.1,75.2,Complete
2374,48,4,4,85,63.6,135.8,71.7,Complete
2375,48,4,5,261,59.7,119.6,79.5,Complete
2376,48,4,6,191,58.8,124.4,89.8,Complete
2377,48,4,7,98,123.6,212.9,44.2,Complete
2378,48,4,8,155,110.5,211.2,46.4,Complete
2379,48,4,9,249,63.1,120.7,82.0,Complete
2380,48,4,10,248,71.9,133.6,81.5,Complete
2381,48,5,1,389,17.2,30.3,77.5,Complete
2382,48,5,2,208,15.7,33.3,82.4,Complete
2383,48,5,3,194,16.5,28.2,97.0,Complete
2384,48,5,4,275,15.1,32.2,71.5,Complete
2385,48,5,5,228,16.6,30.7,73.1,Complete
2386,48,5,6,237,14.3,28.8,78.1,Complete
2387,48,5,7,85,26.0,49.1,54.7,Partial
2388,48,5,8,205,24.6,42.6,60.5,Complete
2389,48,5,9,465,13.8,27.0,83.0,Complete
2390,48,5,10,307,17.8,34.5,79.8,Complete
2391,48,6,1,369,11.3,19.8,72.4,Complete
2392,48,6,2,396,7.5,14.6,85.1,Partial
2393,48,6,3,382,9.5,17.7,77.2,Partial
2394,48,6,4,447,9.8,17.4,80.5,Complete
2395,48,6,5,420,8.9,16.7,70.0,Complete
2396,48,6,6,392,8.2,14.5,91.0,Complete
2397,48,6,7,581,14.1,25.6,49.8,Complete
2398,48,6,8,403,14.6,25.6,47.7,Complete
2399,48,6,9,445,7.4,15.6,76.0,Complete
2400,48,6,10,510,8.0,15.7,75.1,Complete
2401,48,7,1,108,15.9,30.7,74.1,Complete
2402,48,7,2,446,14.6,31.0,74.1,Complete
2403,48,7,3,271,20.4,37.9,75.9,Complete
2404,48,7,4,95,18.9,33.0,87.2,Complete
2405,48,7,5,150,17.0,35.9,81.4,Partial
2406,48,7,6,317,19.9,38.5,72.6,Complete
2407,48,7,7,118,27.6,47.9,55.3,Complete
2408,48,7,8,97,28.6,47.7,56.2,Complete
2409,48,7,9,587,19.6,33.3,78.1,Complete
2410,48,7,10,278,16.8,33.6,68.9,Complete
2411,48,8,1,117,20.8,37.2,84.6,Partial
2412,48,8,2,362,18.5,40.3,62.4,Complete
2413,48,8,3,214,18.3,35.2,77.8,Complete
2414,48,8,4,187,18.8,37.3,78.8,Complete
2415,48,8,5,141,17.2,31.5,81.4,Complete
2416,48,8,6,101,18.3,38.7,79.4,Estimated
2417,48,8,7,98,32.7,56.0,50.2,Complete
2418,48,8,8,208,27.9,58.4,52.1,Complete
2419,48,8,9,275,20.7,34.6,87.3,Complete
2420,48,8,10,256,15.7,34.5,90.3,Complete
2421,49,2,1,87,106.2,218.9,84.3,Complete
2422,49,2,2,70,112.0,215.9,83.7,Complete
2423,49,2,3,31,108.4,238.2,63.9,Complete
2424,49,2,4,38,140.3,236.1,77.1,Complete
2425,49,2,5,33,105.0,178.1,87.0,Complete
2426,49,2,6,41,85.6,179.7,82.0,Complete
2427,49,2,7,38,183.3,333.3,46.2,Partial
2428,49,2,8,28,184.6,329.7,46.3,Complete
2429,49,2,9,49,127.5,224.4,78.8,Complete
2430,49,2,10,28,123.6,217.2,74.8,Complete
2431,49,4,1,77,75.3,152.1,70.0,Complete
2432,49,4,2,67,70.9,122.5,93.9,Complete
2433,49,4,3,41,54.9,118.6,82.3,Complete
2434,49,4,4,77,65.1,128.7,81.5,Complete
2435,49,4,5,57,71.5,129.9,86.3,Partial
2436,49,4,6,50,72.1,142.5,81.0,Partial
2437,49,4,7,27,91.0,201.1,55.5,Complete
2438,49,4,8,68,94.1,175.8,61.4,Complete
2439,49,4,9,20,57.9,128.2,73.0,Complete
2440,49,4,10,51,74.8,131.1,87.1,Complete
2441,49,7,1,21,15.4,33.7,84.6,Complete
2442,49,7,2,58,15.8,34.1,77.1,Complete
2443,49,7,3,41,16.8,37.2,63.8,Partial
2444,49,7,4,35,19.5,35.5,66.0,Complete
2445,49,7,5,81,14.2,28.4,81.4,Complete
2446,49,7,6,68,13.5,29.0,83.4,Complete
2447,49,7,7,40,22.1,48.8,48.0,Complete
2448,49,7,8,17,22.0,43.0,59.5,Complete
2449,49,7,9,41,16.1,33.9,85.8,Complete
2450,49,7,10,86,13.1,27.7,85.2,Complete
2451,49,8,1,39,15.2,29.5,100.0,Complete
2452,49,8,2,56,16.8,36.5,83.7,Complete
2453,49,8,3,60,19.2,33.5,76.0,Complete
2454,49,8,4,37,18.3,39.1,70.9,Complete
2455,49,8,5,31,20.1,40.0,77.9,Complete
2456,49,8,6,48,16.4,30.3,95.9,Complete
2457,49,8,7,19,27.1,46.8,56.1,Complete
2458,49,8,8,22,28.2,56.4,54.0,Complete
2459,49,8,9,89,14.3,28.4,98.5,Complete
2460,49,8,10,39,18.6,35.0,82.3,Complete
2461,50,1,1,34,110.3,212.4,71.5,Complete
2462,50,1,2,45,81.8,177.5,94.6,Complete
2463,50,1,3,23,116.6,226.3,76.5,Complete
2464,50,1,4,56,118.4,224.1,76.9,Complete
2465,50,1,5,26,115.7,216.4,77.0,Complete
2466,50,1,6,45,90.6,200.8,79.8,Complete
2467,50,1,7,12,138.5,277.8,62.0,Complete
2468,50,1,8,10,174.6,304.9,50.5,Complete
2469,50,1,9,68,99.6,203.2,93.3,Complete
2470,50,1,10,18,108.7,182.0,89.4,Complete
2471,50,5,1,29,17.5,30.7,95.3,Complete
2472,50,5,2,20,16.4,33.2,73.3,Complete
2473,50,5,3,42,19.0,33.3,85.4,Complete
2474,50,5,4,51,15.4,32.9,84.1,Complete
2475,50,5,5,40,21.5,36.1,71.4,Complete
2476,50,5,6,56,16.9,30.7,91.0,Complete
2477,50,5,7,8,24.5,46.5,55.4,Partial
2478,50,5,8,19,23.1,46.7,52.8,Complete
2479,50,5,9,23,14.8,27.8,99.7,Complete
2480,50,5,10,44,17.2,31.8,88.4,Complete
2481,50,7,1,41,18.3,37.7,62.0,Complete
2482,50,7,2,43,19.2,35.2,74.9,Complete
2483,50,7,3,34,19.2,32.3,83.0,Complete
2484,50,7,4,45,15.0,27.8,99.1,Complete
2485,50,7,5,24,14.9,33.0,85.5,Complete
2486,50,7,6,16,17.5,30.0,77.1,Complete
2487,50,7,7,30,18.8,41.5,66.9,Complete
2488,50,7,8,14,28.9,52.0,46.5,Complete
2489,50,7,9,34,17.7,34.4,69.2,Complete
2490,50,7,10,60,18.0,33.1,82.6,Partial
2491,50,8,1,43,20.4,39.9,75.7,Complete
2492,50,8,2,43,18.7,37.2,83.4,Estimated
2493,50,8,3,38,18.6,36.5,75.6,Partial
2494,50,8,4,26,17.4,29.9,81.5,Complete
2495,50,8,5,18,14.3,28.9,100.0,Complete
2496,50,8,6,40,15.2,31.7,87.7,Complete
2497,50,8,7,36,21.4,44.0,60.0,Complete
2498,50,8,8,22,20.4,44.0,59.5,Complete
2499,50,8,9,30,17.7,32.4,79.1,Complete
2500,50,8,10,28,17.1,37.4,74.1,Complete
2501,51,1,1,260,114.8,233.8,80.7,Complete
2502,51,1,2,368,125.5,252.3,65.6,Partial
2503,51,1,3,260,122.5,214.3,81.6,Complete
2504,51,1,4,139,148.4,252.7,66.3,Complete
2505,51,1,5,441,121.0,221.1,78.9,Partial
2506,51,1,6,440,106.7,233.2,78.5,Complete
2507,51,1,7,72,181.9,354.3,42.7,Complete
2508,51,1,8,142,168.7,289.3,53.2,Estimated
2509,51,1,9,290,132.7,227.3,79.2,Complete
2510,51,1,10,633,108.4,206.9,72.5,Complete
2511,51,2,1,199,118.7,243.9,63.9,Complete
2512,51,2,2,218,89.8,185.3,100.0,Complete
2513,51,2,3,181,110.0,194.5,90.0,Complete
2514,51,2,4,209,111.6,195.9,97.5,Complete
2515,51,2,5,308,123.4,216.9,80.3,Complete
2516,51,2,6,277,89.1,191.6,91.8,Complete
2517,51,2,7,118,168.7,305.3,54.2,Complete
2518,51,2,8,341,165.4,284.5,56.1,Estimated
2519,51,2,9,140,89.1,191.9,94.8,Complete
2520,51,2,10,402,116.1,211.5,89.9,Complete
2521,51,3,1,555,1.2,2.3,88.8,Partial
2522,51,3,2,413,1.5,2.6,73.8,Complete
2523,51,3,3,385,1.0,2.2,94.8,Complete
2524,51,3,4,395,1.2,2.0,93.7,Complete
2525,51,3,5,379,1.2,2.4,82.1,Complete
2526,51,3,6,343,1.3,2.5,70.3,Complete
2527,51,3,7,405,1.7,3.1,55.7,Complete
2528,51,3,8,317,2.2,3.9,42.3,Complete
2529,51,3,9,667,1.1,2.3,81.8,Complete
2530,51,3,10,505,1.3,2.6,63.9,Complete
2531,51,4,1,448,92.6,157.3,63.2,Complete
2532,51,4,2,276,79.5,156.3,60.7,Complete
2533,51,4,3,404,76.9,150.3,71.4,Complete
2534,51,4,4,220,75.9,142.7,71.6,Complete
2535,51,4,5,489,54.7,121.5,85.8,Complete
2536,51,4,6,397,68.7,128.9,78.0,Complete
2537,51,4,7,116,115.4,213.9,43.8,Complete
2538,51,4,8,110,99.4,213.2,51.9,Partial
2539,51,4,9,205,77.7,138.2,81.0,Complete
2540,51,4,10,533,62.2,120.5,85.3,Complete
2541,51,5,1,525,14.7,30.5,86.8,Complete
2542,51,5,2,139,15.7,29.4,84.1,Complete
2543,51,5,3,298,17.9,34.4,72.8,Partial
2544,51,5,4,122,15.8,28.6,94.7,Complete
2545,51,5,5,412,15.3,31.3,80.1,Complete
2546,51,5,6,194,21.9,37.9,74.2,Estimated
2547,51,5,7,116,28.3,49.1,50.7,Complete
2548,51,5,8,238,31.4,54.3,52.4,Complete
2549,51,5,9,434,15.2,32.7,78.9,Partial
2550,51,5,10,631,17.6,32.8,73.8,Complete
2551,51,6,1,536,8.3,18.3,75.3,Complete
2552,51,6,2,231,10.0,16.9,84.6,Complete
2553,51,6,3,621,9.0,16.1,89.5,Complete
2554,51,6,4,388,8.7,16.5,88.2,Estimated
2555,51,6,5,405,9.6,16.7,81.2,Complete
2556,51,6,6,434,8.2,15.9,86.1,Complete
2557,51,6,7,410,10.4,21.4,59.5,Partial
2558,51,6,8,483,12.0,22.1,64.2,Complete
2559,51,6,9,658,8.5,18.5,76.7,Complete
2560,51,6,10,576,9.9,17.2,81.3,Complete
2561,51,7,1,251,20.3,36.1,68.6,Complete
2562,51,7,2,237,15.3,29.2,94.7,Estimated
2563,51,7,3,256,15.5,31.3,87.0,Estimated
2564,51,7,4,449,18.0,37.1,63.7,Complete
2565,51,7,5,137,19.3,35.1,80.1,Complete
2566,51,7,6,199,20.1,37.7,74.8,Partial
2567,51,7,7,180,19.4,42.1,61.5,Estimated
2568,51,7,8,214,24.0,47.1,60.4,Complete
2569,51,7,9,155,18.0,36.4,61.8,Complete
2570,51,7,10,472,17.8,34.3,79.2,Complete
2571,51,8,1,341,22.4,40.8,69.7,Complete
2572,51,8,2,147,15.6,34.0,92.1,Complete
2573,51,8,3,203,23.2,41.9,68.8,Complete
2574,51,8,4,430,21.7,39.7,65.1,Complete
2575,51,8,5,313,14.6,29.8,91.9,Complete
2576,51,8,6,353,20.5,39.1,73.7,Complete
2577,51,8,7,111,22.9,45.6,59.7,Complete
2578,51,8,8,138,24.0,48.6,63.1,Complete
2579,51,8,9,354,19.2,35.0,70.1,Complete
2580,51,8,10,519,21.1,37.7,80.1,Complete
2581,52,4,1,37,61.0,130.4,88.7,Complete
2582,52,4,2,37,73.7,153.1,62.1,Complete
2583,52,4,3,38,63.7,109.8,96.4,Complete
2584,52,4,4,77,76.7,135.6,80.4,Complete
2585,52,4,5,36,62.7,132.0,75.6,Complete
2586,52,4,6,57,59.4,118.0,91.2,Complete
2587,52,4,7,46,95.8,206.8,55.8,Complete
2588,52,4,8,12,90.7,177.6,62.8,Complete
2589,52,4,9,70,67.1,135.3,69.2,Complete
2590,52,4,10,24,54.8,107.3,83.8,Complete
2591,52,7,1,61,16.9,30.2,77.7,Complete
2592,52,7,2,30,19.3,32.9,73.5,Complete
2593,52,7,3,48,15.7,29.9,90.8,Complete
2594,52,7,4,41,16.2,34.6,71.2,Complete
2595,52,7,5,31,17.7,35.0,65.0,Complete
2596,52,7,6,38,13.8,28.3,87.5,Complete
2597,52,7,7,27,17.5,38.2,72.3,Complete
2598,52,7,8,39,19.7,39.7,73.5,Complete
2599,52,7,9,40,14.7,28.4,88.1,Complete
2600,52,7,10,56,17.0,29.5,78.6,Complete
2601,52,8,1,71,15.0,32.9,94.7,Complete
2602,52,8,2,84,21.7,37.1,67.0,Complete
2603,52,8,3,34,18.7,39.8,73.0,Complete
2604,52,8,4,45,21.4,38.6,76.2,Complete
2605,52,8,5,60,16.8,30.0,90.4,Partial
2606,52,8,6,23,15.7,33.0,95.1,Complete
2607,52,8,7,32,24.0,43.7,67.4,Partial
2608,52,8,8,28,28.4,53.5,51.4,Complete
2609,52,8,9,44,18.2,31.3,88.1,Complete
2610,52,8,10,97,15.0,27.4,99.0,Partial
2611,53,1,1,42,125.7,239.9,69.0,Complete
2612,53,1,2,123,98.7,186.1,95.0,Complete
2613,53,1,3,98,101.0,189.5,77.4,Complete
2614,53,1,4,131,113.3,235.4,77.9,Complete
2615,53,1,5,123,96.7,199.7,76.2,Complete
2616,53,1,6,77,94.5,184.2,94.6,Complete
2617,53,1,7,19,195.3,342.1,53.3,Complete
2618,53,1,8,30,159.9,286.8,61.4,Complete
2619,53,1,9,43,107.8,181.2,96.6,Complete
2620,53,1,10,68,122.5,217.8,72.9,Complete
2621,53,2,1,73,100.5,193.2,87.9,Complete
2622,53,2,2,75,118.9,204.0,82.0,Partial
2623,53,2,3,81,84.2,178.4,100.0,Complete
2624,53,2,4,107,108.6,225.8,74.0,Complete
2625,53,2,5,94,126.6,234.1,64.9,Complete
2626,53,2,6,54,90.1,179.1,100.0,Complete
2627,53,2,7,35,190.2,318.3,47.6,Complete
2628,53,2,8,56,153.7,310.4,61.2,Complete
2629,53,2,9,64,89.0,182.3,86.1,Estimated
2630,53,2,10,149,99.1,172.8,93.7,Complete
2631,53,3,1,143,1.1,2.1,81.0,Complete
2632,53,3,2,125,1.4,2.6,76.7,Estimated
2633,53,3,3,166,1.0,2.2,95.5,Complete
2634,53,3,4,147,1.4,2.4,87.4,Complete
2635,53,3,5,106,1.4,2.6,63.0,Complete
2636,53,3,6,187,1.2,2.4,83.4,Complete
2637,53,3,7,112,1.9,3.2,60.1,Complete
2638,53,3,8,211,1.8,3.6,53.2,Partial
2639,53,3,9,212,1.1,2.0,92.9,Complete
2640,53,3,10,184,1.2,2.2,89.9,Complete
2641,53,4,1,76,68.8,132.7,75.3,Complete
2642,53,4,2,171,60.1,130.3,76.7,Complete
2643,53,4,3,56,64.3,131.3,78.4,Complete
2644,53,4,4,55,75.1,125.4,85.3,Complete
2645,53,4,5,49,57.7,120.5,80.9,Complete
2646,53,4,6,123,70.4,123.1,93.8,Complete
2647,53,4,7,75,102.6,190.7,53.8,Partial
2648,53,4,8,51,98.2,181.8,50.0,Complete
2649,53,4,9,163,77.4,132.1,76.4,Complete
2650,53,4,10,158,59.6,107.6,100.0,Complete
2651,53,5,1,109,19.6,35.1,74.0,Complete
2652,53,5,2,58,16.0,33.7,82.4,Complete
2653,53,5,3,146,16.1,33.4,72.7,Complete
2654,53,5,4,118,19.6,36.6,76.1,Complete
2655,53,5,5,101,19.2,36.4,66.9,Complete
2656,53,5,6,88,16.3,31.2,83.2,Complete
2657,53,5,7,48,26.4,48.8,55.8,Complete
2658,53,5,8,19,24.7,52.2,49.2,Complete
2659,53,5,9,49,16.6,29.9,90.4,Complete
2660,53,5,10,100,19.6,34.4,69.6,Complete
2661,53,6,1,178,8.1,14.7,89.2,Complete
2662,53,6,2,116,7.1,13.7,98.6,Complete
2663,53,6,3,91,7.4,15.1,86.7,Complete
2664,53,6,4,84,9.0,17.0,78.9,Complete
2665,53,6,5,119,7.8,14.7,77.9,Partial
2666,53,6,6,103,7.5,14.2,93.7,Complete
2667,53,6,7,170,11.7,24.6,55.0,Estimated
2668,53,6,8,115,11.8,26.1,53.6,Complete
2669,53,6,9,128,7.1,14.2,80.2,Complete
2670,53,6,10,149,8.9,17.9,82.1,Complete
2671,53,7,1,105,17.8,29.8,82.2,Complete
2672,53,7,2,70,18.1,37.2,61.2,Complete
2673,53,7,3,47,12.9,27.9,86.4,Complete
2674,53,7,4,106,15.5,33.2,68.3,Complete
2675,53,7,5,91,12.9,26.9,100.0,Complete
2676,53,7,6,106,14.0,27.2,91.7,Complete
2677,53,7,7,60,25.1,43.4,62.3,Complete
2678,53,7,8,92,23.9,51.7,52.0,Complete
2679,53,7,9,56,17.9,35.4,79.6,Complete
2680,53,7,10,117,13.8,25.9,100.0,Complete
2681,53,8,1,90,15.5,30.3,88.9,Partial
2682,53,8,2,45,20.1,37.2,84.2,Complete
2683,53,8,3,81,13.8,28.9,100.0,Complete
2684,53,8,4,53,19.6,36.4,69.6,Complete
2685,53,8,5,104,18.5,38.5,71.9,Complete
2686,53,8,6,104,17.8,30.7,86.0,Complete
2687,53,8,7,69,30.6,52.2,57.1,Complete
2688,53,8,8,33,26.1,46.5,54.7,Complete
2689,53,8,9,116,17.2,31.5,80.6,Complete
2690,53,8,10,98,19.2,34.2,77.1,Complete
2691,54,8,1,12,22.0,41.6,73.9,Complete
2692,54,8,2,38,18.7,40.0,76.9,Partial
2693,54,8,3,51,31.1,53.1,58.3,Complete
2694,54,8,4,25,29.3,49.5,62.1,Complete
2695,54,8,5,18,30.3,53.7,54.5,Complete
2696,54,8,6,47,20.7,43.1,62.4,Complete
2697,54,8,7,25,38.7,69.7,37.0,Complete
2698,54,8,8,19,43.0,73.5,38.6,Complete
2699,54,8,9,47,21.3,40.0,60.6,Complete
2700,54,8,10,52,22.5,47.0,52.1,Complete
2701,55,2,1,55,140.5,279.8,67.8,Complete
2702,55,2,2,53,145.5,249.3,69.7,Complete
2703,55,2,3,71,139.8,249.0,62.9,Complete
2704,55,2,4,49,157.3,266.6,66.7,Complete
2705,55,2,5,22,145.7,251.7,67.0,Partial
2706,55,2,6,56,152.4,315.1,57.5,Complete
2707,55,2,7,57,265.0,456.9,39.6,Complete
2708,55,2,8,12,195.8,383.6,39.0,Complete
2709,55,2,9,85,105.3,232.3,71.5,Complete
2710,55,2,10,67,123.9,260.3,56.8,Complete
2711,55,8,1,36,27.9,49.6,56.1,Complete
2712,55,8,2,35,27.9,48.9,51.6,Complete
2713,55,8,3,44,27.8,52.1,56.8,Complete
2714,55,8,4,44,24.9,45.4,63.9,Complete
2715,55,8,5,71,26.9,50.4,49.2,Partial
2716,55,8,6,64,21.0,41.6,59.6,Complete
2717,55,8,7,36,29.0,56.1,52.8,Complete
2718,55,8,8,63,33.5,67.3,45.5,Complete
2719,55,8,9,57,23.0,42.3,66.2,Complete
2720,55,8,10,64,28.6,47.7,66.0,Complete
2721,56,1,1,131,119.9,216.2,83.4,Partial
2722,56,1,2,127,132.1,252.5,57.8,Complete
2723,56,1,3,129,156.5,273.3,57.0,Complete
2724,56,1,4,120,155.7,265.9,56.5,Complete
2725,56,1,5,166,142.8,246.4,68.5,Complete
2726,56,1,6,72,97.1,211.8,73.6,Complete
2727,56,1,7,74,202.5,344.5,48.9,Complete
2728,56,1,8,85,175.2,321.4,47.7,Complete
2729,56,1,9,150,97.3,203.9,75.3,Complete
2730,56,1,10,198,125.0,210.3,72.9,Complete
2731,56,2,1,133,137.6,251.9,64.2,Estimated
2732,56,2,2,82,153.4,275.5,56.4,Complete
2733,56,2,3,63,92.6,202.9,80.1,Complete
2734,56,2,4,77,126.2,228.1,79.2,Complete
2735,56,2,5,198,120.6,215.1,75.6,Complete
2736,56,2,6,149,113.1,203.3,87.7,Complete
2737,56,2,7,84,189.7,379.3,46.3,Complete
2738,56,2,8,46,211.4,358.6,48.9,Complete
2739,56,2,9,187,132.5,225.6,67.3,Complete
2740,56,2,10,89,91.5,189.0,88.2,Complete
2741,56,3,1,197,1.1,2.4,79.7,Complete
2742,56,3,2,149,1.4,2.7,73.1,Complete
2743,56,3,3,210,1.4,2.9,67.2,Complete
2744,56,3,4,284,1.4,2.7,60.6,Estimated
2745,56,3,5,299,1.2,2.4,79.5,Complete
2746,56,3,6,222,1.6,2.7,66.6,Complete
2747,56,3,7,161,1.7,3.7,53.6,Complete
2748,56,3,8,215,2.3,4.2,48.7,Complete
2749,56,3,9,293,1.6,2.7,75.8,Estimated
2750,56,3,10,305,1.4,2.7,78.2,Complete
2751,56,4,1,83,60.5,133.4,73.2,Complete
2752,56,4,2,203,79.8,135.2,69.9,Complete
2753,56,4,3,140,70.3,139.8,67.9,Complete
2754,56,4,4,260,68.7,142.7,82.3,Complete
2755,56,4,5,88,63.2,124.1,72.8,Complete
2756,56,4,6,138,67.7,135.8,84.3,Complete
2757,56,4,7,115,83.9,182.9,58.2,Complete
2758,56,4,8,82,90.0,182.9,56.9,Complete
2759,56,4,9,76,73.4,137.5,66.9,Complete
2760,56,4,10,242,76.2,141.7,67.1,Complete
2761,56,5,1,194,19.5,40.3,58.2,Complete
2762,56,5,2,149,15.5,32.9,78.3,Complete
2763,56,5,3,218,18.8,39.7,70.5,Complete
2764,56,5,4,111,18.0,36.3,66.0,Complete
2765,56,5,5,72,16.1,31.5,80.6,Complete
2766,56,5,6,188,18.0,30.4,96.3,Complete
2767,56,5,7,45,27.4,48.8,56.8,Complete
2768,56,5,8,104,28.2,53.4,52.8,Complete
2769,56,5,9,150,15.6,34.7,72.0,Partial
2770,56,5,10,72,18.0,31.2,81.9,Complete
2771,56,6,1,211,12.5,21.0,60.9,Complete
2772,56,6,2,166,9.1,18.0,76.6,Complete
2773,56,6,3,217,9.6,17.3,71.0,Complete
2774,56,6,4,162,9.4,20.2,61.1,Complete
2775,56,6,5,132,7.9,15.0,79.5,Complete
2776,56,6,6,188,9.6,19.1,66.9,Partial
2777,56,6,7,218,12.2,21.8,53.0,Complete
2778,56,6,8,221,13.0,23.3,57.4,Complete
2779,56,6,9,198,9.3,17.8,64.4,Complete
2780,56,6,10,274,10.2,18.8,78.1,Estimated
2781,56,7,1,120,19.4,42.3,64.2,Complete
2782,56,7,2,64,16.3,31.4,92.0,Complete
2783,56,7,3,149,20.6,34.4,82.4,Estimated
2784,56,7,4,173,18.4,31.5,72.2,Complete
2785,56,7,5,96,16.6,32.8,74.4,Complete
2786,56,7,6,197,17.0,34.6,72.0,Complete
2787,56,7,7,62,29.7,50.6,53.4,Complete
2788,56,7,8,61,31.1,56.0,44.0,Complete
2789,56,7,9,143,17.9,37.0,72.9,Complete
2790,56,7,10,151,17.0,31.5,72.8,Complete
2791,56,8,1,71,18.4,37.5,72.3,Complete
2792,56,8,2,80,17.4,37.4,81.8,Complete
2793,56,8,3,62,24.2,40.7,71.2,Complete
2794,56,8,4,148,23.5,43.7,68.7,Complete
2795,56,8,5,167,23.6,45.2,68.5,Complete
2796,56,8,6,51,22.8,43.0,62.3,Complete
2797,56,8,7,39,33.2,58.9,42.1,Complete
2798,56,8,8,52,31.0,55.8,51.3,Complete
2799,56,8,9,183,18.0,35.6,69.3,Complete
2800,56,8,10,91,17.6,33.9,74.7,Complete
2801,57,8,1,58,22.3,48.2,63.8,Complete
2802,57,8,2,72,24.1,51.6,53.1,Complete
2803,57,8,3,19,28.5,53.2,56.5,Complete
2804,57,8,4,49,19.8,38.8,62.3,Complete
2805,57,8,5,50,27.8,46.3,55.0,Complete
2806,57,8,6,86,23.1,41.3,71.7,Estimated
2807,57,8,7,31,34.3,63.7,42.5,Complete
2808,57,8,8,33,36.0,72.4,43.2,Complete
2809,57,8,9,81,22.2,41.5,64.6,Partial
2810,57,8,10,84,20.4,43.5,61.1,Complete
2811,58,5,1,41,31.8,54.6,41.8,Partial
2812,58,5,2,25,33.8,56.9,51.4,Complete
2813,58,5,3,34,31.7,55.8,40.7,Complete
2814,58,5,4,40,24.6,41.5,64.2,Complete
2815,58,5,5,56,28.6,55.6,43.5,Complete
2816,58,5,6,54,22.6,49.4,49.6,Complete
2817,58,5,7,10,27.7,58.0,48.7,Partial
2818,58,5,8,19,37.6,78.1,37.4,Complete
2819,58,5,9,60,18.9,40.5,58.7,Complete
2820,58,5,10,63,25.4,44.8,64.0,Complete
2821,58,7,1,21,23.8,44.3,59.3,Complete
2822,58,7,2,45,33.6,57.6,43.7,Complete
2823,58,7,3,56,29.6,52.4,43.7,Complete
2824,58,7,4,45,25.4,43.0,53.7,Complete
2825,58,7,5,28,29.4,56.4,40.3,Estimated
2826,58,7,6,22,24.5,53.8,42.2,Complete
2827,58,7,7,25,31.8,59.7,37.7,Complete
2828,58,7,8,36,34.1,61.8,44.6,Complete
2829,58,7,9,68,20.4,43.6,53.1,Complete
2830,58,7,10,26,22.7,48.6,49.5,Complete
2831,58,8,1,31,29.4,61.2,49.8,Complete
2832,58,8,2,36,27.2,52.4,56.6,Complete
2833,58,8,3,34,25.4,48.1,64.3,Complete
2834,58,8,4,61,25.6,48.4,56.6,Complete
2835,58,8,5,37,25.9,44.9,58.4,Complete
2836,58,8,6,58,29.1,54.5,54.9,Complete
2837,58,8,7,13,42.8,85.8,29.3,Complete
2838,58,8,8,13,49.9,85.0,35.9,Complete
2839,58,8,9,71,30.9,53.9,47.9,Complete
2840,58,8,10,23,28.3,49.1,63.5,Complete
2841,59,1,1,193,111.2,201.8,93.9,Complete
2842,59,1,2,128,94.5,188.3,84.2,Complete
2843,59,1,3,125,108.3,183.7,98.7,Complete
2844,59,1,4,81,101.3,180.2,100.0,Complete
2845,59,1,5,156,95.1,180.3,87.4,Complete
2846,59,1,6,72,112.6,193.7,94.0,Complete
2847,59,1,7,33,149.3,260.7,60.5,Complete
2848,59,1,8,56,127.8,245.5,67.4,Complete
2849,59,1,9,169,112.0,188.2,79.3,Complete
2850,59,1,10,129,124.4,207.6,83.6,Complete
2851,59,2,1,48,128.7,249.0,69.0,Estimated
2852,59,2,2,116,111.0,193.1,85.1,Complete
2853,59,2,3,55,107.5,215.4,81.6,Complete
2854,59,2,4,44,88.2,193.5,78.0,Complete
2855,59,2,5,66,95.1,177.8,100.0,Complete
2856,59,2,6,119,125.5,227.0,83.4,Complete
2857,59,2,7,56,154.4,322.7,57.7,Complete
2858,59,2,8,104,154.8,265.3,71.9,Complete
2859,59,2,9,55,111.3,218.1,80.8,Complete
2860,59,2,10,151,98.8,204.5,84.8,Complete
2861,59,3,1,179,1.3,2.2,73.5,Complete
2862,59,3,2,92,1.1,2.3,68.9,Partial
2863,59,3,3,124,1.2,2.5,66.8,Complete
2864,59,3,4,215,1.5,2.6,61.8,Complete
2865,59,3,5,184,1.0,2.2,81.5,Complete
2866,59,3,6,147,1.0,2.2,94.5,Complete
2867,59,3,7,167,2.1,3.7,51.2,Complete
2868,59,3,8,224,1.6,2.9,65.4,Complete
2869,59,3,9,191,1.2,2.2,74.6,Partial
2870,59,3,10,154,1.0,1.9,91.1,Complete
2871,59,4,1,76,62.6,118.0,95.6,Complete
2872,59,4,2,74,84.0,146.9,68.6,Complete
2873,59,4,3,72,66.8,132.5,85.6,Complete
2874,59,4,4,67,69.1,146.4,63.7,Complete
2875,59,4,5,114,61.2,116.9,82.6,Partial
2876,59,4,6,63,65.1,114.4,89.1,Complete
2877,59,4,7,85,88.3,192.3,59.3,Complete
2878,59,4,8,69,89.6,196.8,58.0,Complete
2879,59,4,9,89,73.8,128.2,88.5,Complete
2880,59,4,10,56,68.6,119.4,82.5,Complete
2881,59,5,1,53,20.2,37.0,76.6,Complete
2882,59,5,2,74,15.9,28.0,97.9,Complete
2883,59,5,3,153,21.5,37.5,66.1,Complete
2884,59,5,4,168,15.0,27.6,100.0,Complete
2885,59,5,5,47,21.1,36.0,70.6,Complete
2886,59,5,6,60,14.3,26.4,100.0,Partial
2887,59,5,7,55,29.5,49.4,48.0,Complete
2888,59,5,8,36,26.9,52.4,49.8,Complete
2889,59,5,9,114,18.8,35.9,67.7,Complete
2890,59,5,10,144,15.7,28.3,100.0,Complete
2891,59,6,1,175,9.8,17.4,76.4,Complete
2892,59,6,2,228,8.8,18.8,64.2,Complete
2893,59,6,3,192,8.0,16.5,78.9,Complete
2894,59,6,4,145,7.7,15.6,75.0,Complete
2895,59,6,5,142,8.0,14.8,80.3,Estimated
2896,59,6,6,187,9.4,16.3,87.7,Complete
2897,59,6,7,194,13.4,24.3,50.4,Complete
2898,59,6,8,153,11.0,23.5,56.4,Complete
2899,59,6,9,219,8.5,14.4,89.5,Complete
2900,59,6,10,153,7.3,13.7,82.4,Complete
2901,59,7,1,134,17.7,31.9,87.3,Complete
2902,59,7,2,116,13.0,27.5,90.8,Complete
2903,59,7,3,134,17.9,36.8,73.0,Complete
2904,59,7,4,113,19.4,36.4,71.7,Complete
2905,59,7,5,127,15.1,26.7,90.4,Complete
2906,59,7,6,193,20.4,35.5,66.9,Complete
2907,59,7,7,81,20.5,45.3,62.5,Complete
2908,59,7,8,58,22.3,38.4,66.7,Complete
2909,59,7,9,77,13.2,27.1,100.0,Complete
2910,59,7,10,71,14.0,25.5,100.0,Complete
2911,59,8,1,107,22.7,38.8,68.8,Complete
2912,59,8,2,82,18.5,35.6,82.6,Complete
2913,59,8,3,91,14.5,32.0,94.0,Complete
2914,59,8,4,134,17.7,37.8,74.3,Complete
2915,59,8,5,130,19.7,33.2,88.9,Complete
2916,59,8,6,144,22.2,39.3,76.6,Complete
2917,59,8,7,45,26.7,51.9,55.8,Complete
2918,59,8,8,25,28.1,49.5,63.3,Complete
2919,59,8,9,79,15.9,28.0,100.0,Partial
2920,59,8,10,127,16.2,35.1,70.0,Complete
2921,60,4,1,38,77.2,141.8,79.9,Complete
2922,60,4,2,64,82.4,139.4,76.4,Complete
2923,60,4,3,30,62.4,123.4,80.6,Complete
2924,60,4,4,32,68.3,126.2,89.6,Complete
2925,60,4,5,50,78.2,154.8,65.9,Complete
2926,60,4,6,36,86.2,153.2,70.2,Partial
2927,60,4,7,9,93.8,187.5,56.5,Complete
2928,60,4,8,7,105.6,193.6,56.6,Complete
2929,60,4,9,63,91.1,158.9,68.4,Partial
2930,60,4,10,29,87.7,157.9,57.1,Complete
2931,60,7,1,35,19.7,33.0,67.8,Complete
2932,60,7,2,61,18.5,35.1,69.3,Complete
2933,60,7,3,22,17.0,31.4,88.6,Complete
2934,60,7,4,42,22.1,37.0,69.7,Complete
2935,60,7,5,29,22.4,40.8,60.7,Partial
2936,60,7,6,56,18.3,36.5,76.8,Complete
2937,60,7,7,8,25.8,50.7,46.7,Complete
2938,60,7,8,9,23.1,44.8,60.6,Complete
2939,60,7,9,60,18.1,39.5,68.8,Complete
2940,60,7,10,26,19.7,33.6,78.3,Complete
2941,60,8,1,35,18.7,34.9,79.2,Complete
2942,60,8,2,60,23.9,42.4,66.3,Complete
2943,60,8,3,30,20.4,41.3,58.3,Complete
2944,60,8,4,19,18.8,32.8,80.9,Complete
2945,60,8,5,25,21.8,41.0,62.8,Partial
2946,60,8,6,12,19.1,38.2,66.0,Complete
2947,60,8,7,10,30.2,59.9,51.4,Partial
2948,60,8,8,13,26.2,49.5,53.0,Complete
2949,60,8,9,61,17.9,32.6,84.9,Complete
2950,60,8,10,37,18.1,32.7,84.8,Complete
2951,61,8,1,75,19.9,40.1,69.5,Complete
2952,61,8,2,104,23.0,45.0,65.4,Complete
2953,61,8,3,48,18.0,39.3,75.0,Complete
2954,61,8,4,99,24.7,42.0,64.1,Complete
2955,61,8,5,34,16.3,33.6,77.0,Complete
2956,61,8,6,107,21.8,38.9,65.9,Complete
2957,61,8,7,49,25.8,55.5,50.2,Complete
2958,61,8,8,28,32.9,57.4,47.6,Complete
2959,61,8,9,101,15.8,32.8,85.5,Complete
2960,61,8,10,128,18.0,32.6,86.6,Partial
2961,62,1,1,202,129.4,235.1,63.5,Partial
2962,62,1,2,170,148.4,269.7,55.1,Complete
2963,62,1,3,127,127.4,259.7,65.1,Complete
2964,62,1,4,155,134.8,232.8,67.7,Estimated
2965,62,1,5,179,97.9,204.7,91.3,Complete
2966,62,1,6,66,142.8,243.5,66.5,Complete
2967,62,1,7,91,193.2,335.3,45.2,Complete
2968,62,1,8,95,175.3,333.9,52.4,Partial
2969,62,1,9,285,149.3,255.8,70.5,Estimated
2970,62,1,10,228,136.4,252.3,62.4,Complete
2971,62,2,1,187,121.1,223.7,69.3,Complete
2972,62,2,2,219,138.4,240.9,72.6,Complete
2973,62,2,3,184,122.6,205.1,88.9,Complete
2974,62,2,4,138,114.5,226.7,65.4,Complete
2975,62,2,5,184,107.4,199.1,73.3,Partial
2976,62,2,6,245,92.5,193.8,89.7,Complete
2977,62,2,7,154,201.2,363.8,48.9,Complete
2978,62,2,8,74,182.6,340.6,47.7,Complete
2979,62,2,9,145,116.3,258.1,64.8,Complete
2980,62,2,10,192,119.2,205.2,74.5,Complete
2981,62,3,1,273,1.5,2.5,73.4,Complete
2982,62,3,2,197,1.4,2.4,84.6,Complete
2983,62,3,3,197,1.5,2.8,57.6,Complete
2984,62,3,4,371,1.3,2.4,87.0,Complete
2985,62,3,5,172,1.3,2.7,76.9,Complete
2986,62,3,6,212,1.1,2.2,77.7,Complete
2987,62,3,7,301,1.6,3.4,47.1,Complete
2988,62,3,8,273,1.8,3.8,51.1,Complete
2989,62,3,9,264,1.4,2.4,77.5,Partial
2990,62,3,10,328,1.5,2.8,58.7,Complete
2991,62,4,1,112,85.3,153.6,70.8,Complete
2992,62,4,2,188,86.2,152.5,74.0,Complete
2993,62,4,3,178,72.4,134.8,70.8,Complete
2994,62,4,4,213,73.4,147.0,72.3,Complete
2995,62,4,5,90,68.0,124.0,84.8,Complete
2996,62,4,6,188,95.4,165.2,64.4,Complete
2997,62,4,7,138,139.5,232.7,46.2,Complete
2998,62,4,8,156,95.1,201.0,44.8,Complete
2999,62,4,9,168,87.2,158.3,67.0,Complete
3000,62,4,10,190,74.3,147.5,62.8,Complete
3001,62,5,1,188,24.0,43.5,53.4,Complete
3002,62,5,2,103,21.4,40.3,67.7,Complete
3003,62,5,3,157,19.8,40.0,66.7,Complete
3004,62,5,4,211,17.7,36.1,76.2,Complete
3005,62,5,5,75,18.5,36.4,66.5,Complete
3006,62,5,6,177,15.0,31.4,81.5,Complete
3007,62,5,7,77,23.0,49.5,58.9,Partial
3008,62,5,8,97,30.1,55.7,48.9,Complete
3009,62,5,9,109,21.1,40.7,68.7,Complete
3010,62,5,10,150,22.5,38.6,67.8,Complete
3011,62,6,1,181,10.2,18.0,69.2,Complete
3012,62,6,2,129,8.5,17.3,77.0,Complete
3013,62,6,3,287,10.8,20.3,59.2,Complete
3014,62,6,4,185,7.5,16.5,87.6,Complete
3015,62,6,5,239,10.0,20.1,59.2,Complete
3016,62,6,6,269,9.1,16.4,76.8,Complete
3017,62,6,7,243,13.4,27.1,52.1,Partial
3018,62,6,8,306,15.6,26.9,51.6,Complete
3019,62,6,9,245,8.5,14.7,84.5,Complete
3020,62,6,10,177,10.9,20.1,68.5,Complete
3021,62,7,1,59,21.0,43.6,52.0,Complete
3022,62,7,2,106,19.2,40.7,58.9,Complete
3023,62,7,3,166,23.1,41.0,70.2,Complete
3024,62,7,4,232,17.1,31.3,87.6,Complete
3025,62,7,5,76,20.0,35.1,66.3,Complete
3026,62,7,6,114,19.8,41.7,69.4,Complete
3027,62,7,7,43,27.7,54.0,48.8,Complete
3028,62,7,8,117,24.6,49.8,56.5,Complete
3029,62,7,9,247,18.9,37.1,79.1,Complete
3030,62,7,10,199,18.8,36.9,70.0,Complete
3031,62,8,1,211,21.6,39.5,69.9,Complete
3032,62,8,2,268,19.8,33.2,93.8,Complete
3033,62,8,3,144,20.9,43.6,66.5,Complete
3034,62,8,4,235,18.5,38.5,63.2,Complete
3035,62,8,5,191,17.7,34.6,78.6,Estimated
3036,62,8,6,134,26.1,44.3,67.6,Complete
3037,62,8,7,103,27.3,51.4,50.6,Complete
3038,62,8,8,151,26.1,49.0,52.7,Complete
3039,62,8,9,128,18.5,40.1,64.6,Complete
3040,62,8,10,162,18.6,38.6,65.5,Estimated
3041,63,1,1,65,113.4,215.2,72.9,Complete
3042,63,1,2,121,125.5,226.8,76.0,Complete
3043,63,1,3,97,114.4,210.1,72.0,Complete
3044,63,1,4,55,111.2,237.4,70.7,Complete
3045,63,1,5,156,93.4,201.5,85.2,Complete
3046,63,1,6,123,120.8,242.9,63.8,Complete
3047,63,1,7,53,162.9,301.0,58.5,Complete
3048,63,1,8,29,182.8,377.9,49.2,Complete
3049,63,1,9,135,122.6,211.6,71.9,Complete
3050,63,1,10,177,139.9,245.5,76.0,Complete
3051,63,2,1,109,156.8,270.3,60.5,Complete
3052,63,2,2,100,112.5,247.4,72.3,Partial
3053,63,2,3,100,119.0,228.7,74.2,Partial
3054,63,2,4,118,99.8,213.4,75.8,Complete
3055,63,2,5,86,151.1,265.7,59.5,Complete
3056,63,2,6,68,120.7,238.8,65.2,Complete
3057,63,2,7,45,186.5,348.8,52.5,Complete
3058,63,2,8,53,191.5,383.7,40.4,Complete
3059,63,2,9,130,114.5,193.8,77.2,Estimated
3060,63,2,10,167,136.2,237.1,69.7,Complete
3061,63,3,1,149,1.6,2.8,60.4,Complete
3062,63,3,2,238,1.6,3.1,52.5,Complete
3063,63,3,3,142,1.2,2.5,83.8,Complete
3064,63,3,4,153,1.5,2.7,68.2,Complete
3065,63,3,5,125,1.4,2.4,80.4,Complete
3066,63,3,6,142,1.4,2.5,70.7,Complete
3067,63,3,7,124,1.9,3.3,57.6,Complete
3068,63,3,8,270,2.3,4.0,45.1,Complete
3069,63,3,9,116,1.3,2.4,66.9,Complete
3070,63,3,10,256,1.5,2.6,67.4,Complete
3071,63,4,1,66,85.7,145.3,62.5,Complete
3072,63,4,2,146,80.6,156.9,62.0,Complete
3073,63,4,3,79,90.2,159.1,69.7,Partial
3074,63,4,4,44,86.7,146.2,72.6,Complete
3075,63,4,5,136,62.2,131.8,81.0,Complete
3076,63,4,6,170,89.3,154.2,62.3,Complete
3077,63,4,7,132,94.1,177.1,60.1,Complete
3078,63,4,8,49,124.6,225.0,42.5,Partial
3079,63,4,9,243,64.6,126.1,75.4,Partial
3080,63,4,10,121,80.9,141.6,77.8,Complete
3081,63,5,1,124,18.7,41.1,61.6,Complete
3082,63,5,2,85,15.7,30.7,79.8,Complete
3083,63,5,3,41,22.4,39.8,66.4,Complete
3084,63,5,4,63,19.4,39.8,66.4,Partial
3085,63,5,5,163,16.5,32.0,86.4,Complete
3086,63,5,6,149,17.5,35.5,73.6,Complete
3087,63,5,7,46,30.4,54.1,42.0,Complete
3088,63,5,8,21,27.0,48.3,59.7,Complete
3089,63,5,9,96,17.3,32.4,75.0,Complete
3090,63,5,10,167,14.7,31.6,80.3,Complete
3091,63,6,1,166,11.7,20.7,56.9,Complete
3092,63,6,2,91,7.9,16.4,71.6,Complete
3093,63,6,3,201,8.1,16.5,73.3,Complete
3094,63,6,4,161,10.4,21.2,57.5,Complete
3095,63,6,5,167,8.2,18.1,71.9,Complete
3096,63,6,6,157,8.7,15.9,90.9,Complete
3097,63,6,7,125,12.8,23.3,56.7,Complete
3098,63,6,8,167,12.5,22.4,65.0,Complete
3099,63,6,9,257,7.0,15.5,79.8,Complete
3100,63,6,10,153,6.7,14.8,91.8,Complete
3101,63,7,1,125,19.8,42.2,67.2,Complete
3102,63,7,2,151,17.6,36.4,69.8,Complete
3103,63,7,3,125,22.3,40.8,65.1,Partial
3104,63,7,4,109,17.8,37.5,60.3,Complete
3105,63,7,5,58,18.6,33.7,86.4,Complete
3106,63,7,6,100,17.8,30.0,93.0,Complete
3107,63,7,7,68,30.3,59.7,48.7,Complete
3108,63,7,8,43,32.6,55.5,47.2,Complete
3109,63,7,9,206,18.0,37.2,78.6,Complete
3110,63,7,10,94,18.2,37.2,72.3,Complete
3111,63,8,1,133,20.3,42.0,65.0,Complete
3112,63,8,2,122,19.5,39.1,67.0,Complete
3113,63,8,3,57,22.7,40.5,70.1,Complete
3114,63,8,4,132,20.4,38.5,79.2,Partial
3115,63,8,5,55,15.8,35.0,71.5,Complete
3116,63,8,6,113,21.3,44.1,64.0,Complete
3117,63,8,7,26,28.6,48.1,53.4,Complete
3118,63,8,8,57,22.5,49.1,49.9,Complete
3119,63,8,9,120,21.9,41.9,66.5,Complete
3120,63,8,10,149,17.9,36.3,80.4,Estimated
3121,64,1,1,46,129.8,266.3,70.7,Complete
3122,64,1,2,106,148.8,248.4,68.8,Complete
3123,64,1,3,79,124.5,230.7,78.6,Complete
3124,64,1,4,97,123.9,253.9,62.0,Partial
3125,64,1,5,60,117.1,258.9,63.1,Complete
3126,64,1,6,82,159.0,279.7,54.9,Complete
3127,64,1,7,23,150.9,333.8,49.5,Complete
3128,64,1,8,52,148.6,312.9,59.6,Complete
3129,64,1,9,125,148.4,249.3,62.7,Complete
3130,64,1,10,208,149.9,271.2,57.0,Complete
3131,64,2,1,75,138.2,261.7,55.7,Complete
3132,64,2,2,129,113.3,238.9,77.3,Complete
3133,64,2,3,88,158.4,275.8,64.2,Complete
3134,64,2,4,52,94.8,210.1,75.1,Complete
3135,64,2,5,106,103.6,209.7,71.6,Estimated
3136,64,2,6,104,149.7,275.2,53.0,Complete
3137,64,2,7,48,199.3,386.5,44.7,Complete
3138,64,2,8,47,191.5,359.9,50.4,Complete
3139,64,2,9,111,107.0,220.1,83.4,Complete
3140,64,2,10,36,112.6,231.2,80.4,Complete
3141,64,3,1,113,1.6,3.1,57.2,Complete
3142,64,3,2,111,1.2,2.6,63.1,Complete
3143,64,3,3,172,1.3,2.6,62.7,Estimated
3144,64,3,4,129,1.7,3.0,68.1,Complete
3145,64,3,5,143,1.6,3.1,67.0,Complete
3146,64,3,6,165,1.2,2.2,84.8,Complete
3147,64,3,7,151,1.9,4.0,50.9,Complete
3148,64,3,8,85,1.5,3.2,55.2,Estimated
3149,64,3,9,189,1.1,2.3,92.1,Complete
3150,64,3,10,140,1.2,2.1,93.3,Complete
3151,64,4,1,135,81.9,180.1,61.3,Complete
3152,64,4,2,85,84.0,177.8,53.7,Complete
3153,64,4,3,44,69.2,128.6,83.3,Complete
3154,64,4,4,62,85.7,167.7,56.1,Complete
3155,64,4,5,64,69.5,127.2,85.5,Complete
3156,64,4,6,56,91.0,152.7,64.3,Complete
3157,64,4,7,80,121.0,210.6,45.2,Complete
3158,64,4,8,42,130.2,245.6,37.3,Complete
3159,64,4,9,35,60.0,125.1,81.9,Complete
3160,64,4,10,121,80.7,138.5,68.9,Complete
3161,64,5,1,56,23.0,43.9,59.9,Complete
3162,64,5,2,56,24.2,40.8,58.5,Partial
3163,64,5,3,78,19.5,39.2,67.2,Complete
3164,64,5,4,31,19.8,40.6,63.3,Complete
3165,64,5,5,45,21.3,42.1,58.6,Complete
3166,64,5,6,106,23.0,43.1,64.5,Complete
3167,64,5,7,68,21.1,46.5,50.6,Complete
3168,64,5,8,61,25.8,45.1,63.8,Complete
3169,64,5,9,39,16.8,36.1,80.8,Partial
3170,64,5,10,136,19.7,37.9,68.2,Complete
3171,64,6,1,110,11.5,21.2,53.7,Complete
3172,64,6,2,110,8.4,18.2,71.5,Complete
3173,64,6,3,137,11.8,21.8,52.7,Complete
3174,64,6,4,106,9.3,20.1,59.6,Complete
3175,64,6,5,115,9.0,15.8,86.8,Complete
3176,64,6,6,115,10.8,21.6,53.7,Complete
3177,64,6,7,72,11.0,22.3,63.3,Complete
3178,64,6,8,154,13.6,25.1,46.8,Complete
3179,64,6,9,147,11.0,19.4,71.2,Complete
3180,64,6,10,118,9.4,18.6,71.7,Complete
3181,64,7,1,90,14.9,32.7,73.9,Complete
3182,64,7,2,83,23.3,40.6,69.8,Complete
3183,64,7,3,61,21.1,37.7,61.0,Complete
3184,64,7,4,46,16.3,35.2,82.4,Complete
3185,64,7,5,67,16.9,36.0,75.4,Estimated
3186,64,7,6,31,18.2,39.6,57.3,Complete
3187,64,7,7,26,21.8,46.1,50.2,Complete
3188,64,7,8,51,27.3,48.4,55.9,Complete
3189,64,7,9,103,18.0,39.1,67.4,Complete
3190,64,7,10,86,17.5,36.0,68.7,Complete
3191,64,8,1,65,26.8,47.1,64.8,Estimated
3192,64,8,2,50,23.3,44.7,67.7,Complete
3193,64,8,3,91,20.4,35.5,69.7,Complete
3194,64,8,4,57,17.5,35.5,77.1,Complete
3195,64,8,5,30,19.3,37.0,82.2,Complete
3196,64,8,6,103,22.0,45.0,63.1,Complete
3197,64,8,7,31,29.4,62.5,42.1,Complete
3198,64,8,8,82,27.2,52.9,52.8,Complete
3199,64,8,9,44,21.3,43.7,62.1,Partial
3200,64,8,10,118,24.7,44.0,69.4,Complete
3201,65,1,1,142,115.5,204.9,90.6,Complete
3202,65,1,2,200,103.5,190.4,98.6,Complete
3203,65,1,3,107,96.8,196.3,91.3,Partial
3204,65,1,4,105,93.7,186.6,81.6,Complete
3205,65,1,5,138,125.8,219.8,74.9,Complete
3206,65,1,6,121,90.1,179.3,82.0,Complete
3207,65,1,7,31,131.4,277.0,66.5,Estimated
3208,65,1,8,120,142.5,299.3,53.9,Complete
3209,65,1,9,163,112.3,210.8,83.8,Complete
3210,65,1,10,187,128.9,224.5,70.0,Complete
3211,65,2,1,139,89.7,192.9,77.3,Complete
3212,65,2,2,145,100.4,178.5,100.0,Complete
3213,65,2,3,54,121.7,225.4,80.4,Partial
3214,65,2,4,101,97.6,198.5,87.8,Complete
3215,65,2,5,211,97.9,173.7,100.0,Complete
3216,65,2,6,197,129.8,237.5,67.6,Complete
3217,65,2,7,115,174.7,318.0,46.2,Estimated
3218,65,2,8,25,128.6,267.5,57.4,Complete
3219,65,2,9,215,126.6,234.9,70.6,Complete
3220,65,2,10,85,125.9,228.3,74.5,Estimated
3221,65,3,1,149,1.3,2.3,86.6,Complete
3222,65,3,2,215,1.3,2.2,88.0,Complete
3223,65,3,3,235,1.2,2.1,79.5,Complete
3224,65,3,4,196,1.2,2.1,88.8,Complete
3225,65,3,5,273,1.2,2.5,75.0,Complete
3226,65,3,6,240,1.1,2.1,94.8,Complete
3227,65,3,7,306,1.4,2.9,57.5,Partial
3228,65,3,8,235,1.7,3.0,56.4,Complete
3229,65,3,9,338,1.0,1.9,82.9,Complete
3230,65,3,10,274,1.0,1.9,100.0,Complete
3231,65,4,1,163,72.7,132.2,78.1,Complete
3232,65,4,2,69,64.1,137.0,79.0,Estimated
3233,65,4,3,134,68.8,140.4,75.1,Complete
3234,65,4,4,126,66.4,140.7,66.1,Complete
3235,65,4,5,76,71.6,126.2,76.9,Complete
3236,65,4,6,231,73.4,134.1,70.5,Partial
3237,65,4,7,87,82.0,160.1,66.7,Partial
3238,65,4,8,59,111.8,197.8,56.4,Complete
3239,65,4,9,198,69.0,143.1,74.2,Complete
3240,65,4,10,103,70.9,119.6,79.2,Complete
3241,65,5,1,72,19.6,35.1,77.6,Complete
3242,65,5,2,142,16.9,29.4,78.8,Complete
3243,65,5,3,79,16.3,31.7,87.4,Partial
3244,65,5,4,64,13.2,29.4,94.9,Complete
3245,65,5,5,96,15.8,28.6,78.9,Complete
3246,65,5,6,121,15.6,28.1,100.0,Partial
3247,65,5,7,51,26.4,46.6,58.1,Complete
3248,65,5,8,82,19.8,43.0,61.3,Complete
3249,65,5,9,76,14.9,28.1,100.0,Estimated
3250,65,5,10,198,20.1,33.6,85.4,Complete
3251,65,6,1,153,9.4,18.0,80.4,Complete
3252,65,6,2,261,8.3,13.8,93.7,Partial
3253,65,6,3,137,8.4,18.3,79.2,Complete
3254,65,6,4,169,8.1,13.7,86.4,Partial
3255,65,6,5,161,7.2,15.0,96.2,Complete
3256,65,6,6,171,9.9,17.7,73.6,Complete
3257,65,6,7,168,10.0,20.7,62.3,Complete
3258,65,6,8,235,13.8,24.5,59.0,Complete
3259,65,6,9,298,6.9,14.4,83.2,Partial
3260,65,6,10,169,10.0,17.4,75.4,Complete
3261,65,7,1,174,19.1,33.9,85.4,Complete
3262,65,7,2,101,14.1,30.4,89.5,Partial
3263,65,7,3,185,18.1,30.2,92.8,Complete
3264,65,7,4,174,16.7,32.3,74.7,Complete
3265,65,7,5,167,21.2,36.6,64.6,Complete
3266,65,7,6,120,21.6,36.7,68.8,Complete
3267,65,7,7,33,25.7,52.0,50.7,Complete
3268,65,7,8,91,24.6,50.4,55.0,Complete
3269,65,7,9,235,17.0,35.6,64.7,Complete
3270,65,7,10,93,17.3,34.8,77.4,Complete
3271,65,8,1,210,14.9,32.4,84.6,Complete
3272,65,8,2,150,19.0,38.1,67.7,Complete
3273,65,8,3,131,18.1,38.7,62.0,Complete
3274,65,8,4,225,14.2,30.5,96.3,Complete
3275,65,8,5,202,19.7,35.1,87.3,Complete
3276,65,8,6,207,12.8,28.3,88.4,Complete
3277,65,8,7,134,29.4,53.0,54.7,Complete
3278,65,8,8,50,26.0,56.5,54.5,Complete
3279,65,8,9,183,19.0,32.1,92.7,Complete
3280,65,8,10,116,13.9,28.7,96.1,Complete
3281,66,4,1,42,68.0,127.3,72.2,Complete
3282,66,4,2,14,64.7,136.3,82.0,Partial
3283,66,4,3,31,87.2,151.8,73.1,Complete
3284,66,4,4,27,70.8,135.6,68.2,Estimated
3285,66,4,5,25,61.7,114.2,97.0,Complete
3286,66,4,6,37,85.4,146.2,72.4,Partial
3287,66,4,7,9,84.3,184.5,53.1,Partial
3288,66,4,8,19,93.0,175.7,57.9,Complete
3289,66,4,9,39,69.0,133.0,69.9,Complete
3290,66,4,10,51,63.1,116.8,94.9,Complete
3291,66,5,1,37,15.0,31.2,83.0,Complete
3292,66,5,2,37,16.8,37.2,75.6,Complete
3293,66,5,3,36,21.7,37.3,74.4,Partial
3294,66,5,4,28,16.1,30.8,94.8,Complete
3295,66,5,5,21,16.3,35.4,69.6,Estimated
3296,66,5,6,42,16.6,28.3,85.2,Complete
3297,66,5,7,21,24.6,52.7,46.4,Complete
3298,66,5,8,34,28.3,49.4,50.0,Complete
3299,66,5,9,54,15.2,26.0,98.8,Complete
3300,66,5,10,50,17.5,32.1,81.6,Estimated
3301,66,8,1,34,16.8,36.2,83.6,Partial
3302,66,8,2,25,16.9,37.5,65.0,Complete
3303,66,8,3,58,16.4,34.0,78.9,Estimated
3304,66,8,4,50,19.0,38.1,74.0,Complete
3305,66,8,5,41,16.8,29.3,100.0,Complete
3306,66,8,6,18,17.7,33.7,80.3,Estimated
3307,66,8,7,29,26.1,54.1,47.5,Estimated
3308,66,8,8,19,27.1,45.9,66.0,Complete
3309,66,8,9,65,17.4,31.4,83.6,Complete
3310,66,8,10,42,19.7,35.4,67.8,Partial
3311,67,8,1,32,23.7,41.3,73.5,Partial
3312,67,8,2,27,22.1,44.9,66.1,Complete
3313,67,8,3,36,21.8,44.3,68.1,Complete
3314,67,8,4,55,19.5,36.5,69.4,Complete
3315,67,8,5,37,22.7,39.3,73.3,Complete
3316,67,8,6,44,21.8,43.0,63.0,Complete
3317,67,8,7,18,37.5,64.1,42.2,Complete
3318,67,8,8,23,30.5,53.2,54.7,Complete
3319,67,8,9,30,18.5,41.0,64.7,Complete
3320,67,8,10,15,18.3,34.2,86.8,Complete
3321,68,1,1,85,123.8,261.2,70.7,Partial
3322,68,1,2,175,124.4,264.5,67.6,Partial
3323,68,1,3,151,111.4,230.1,69.2,Estimated
3324,68,1,4,121,122.3,264.6,67.0,Complete
3325,68,1,5,69,154.3,266.6,59.7,Complete
3326,68,1,6,251,115.2,248.6,66.3,Partial
3327,68,1,7,135,162.6,298.0,56.3,Complete
3328,68,1,8,72,188.4,357.9,43.0,Complete
3329,68,1,9,241,125.9,243.0,69.6,Complete
3330,68,1,10,235,145.8,257.6,72.3,Complete
3331,68,2,1,183,110.2,223.7,66.7,Complete
3332,68,2,2,195,135.9,248.4,62.0,Complete
3333,68,2,3,71,108.1,218.1,81.7,Complete
3334,68,2,4,106,127.1,237.5,71.8,Complete
3335,68,2,5,158,140.3,248.0,61.3,Complete
3336,68,2,6,254,115.2,219.6,85.2,Complete
3337,68,2,7,136,166.7,349.4,46.3,Partial
3338,68,2,8,27,157.1,308.6,57.3,Complete
3339,68,2,9,299,98.4,212.0,78.1,Complete
3340,68,2,10,122,99.8,190.0,79.8,Complete
3341,68,3,1,268,1.3,2.6,70.6,Estimated
3342,68,3,2,178,1.3,2.8,70.2,Complete
3343,68,3,3,301,1.3,2.8,61.2,Partial
3344,68,3,4,232,1.1,2.3,77.6,Complete
3345,68,3,5,144,1.1,2.5,67.6,Complete
3346,68,3,6,212,1.3,2.6,64.7,Complete
3347,68,3,7,295,2.0,3.4,57.7,Complete
3348,68,3,8,183,1.7,3.7,54.4,Complete
3349,68,3,9,222,1.3,2.4,69.5,Complete
3350,68,3,10,237,1.4,2.7,69.5,Estimated
3351,68,4,1,125,70.1,145.6,77.9,Complete
3352,68,4,2,196,79.5,148.4,68.4,Complete
3353,68,4,3,182,82.8,146.4,74.7,Complete
3354,68,4,4,104,76.6,164.6,57.1,Complete
3355,68,4,5,197,64.1,141.5,70.9,Complete
3356,68,4,6,80,78.4,161.2,68.2,Complete
3357,68,4,7,84,126.7,229.2,50.3,Partial
3358,68,4,8,130,95.5,200.9,46.9,Complete
3359,68,4,9,131,85.4,161.1,65.3,Complete
3360,68,4,10,270,64.9,120.8,90.1,Complete
3361,68,5,1,125,24.0,42.0,58.7,Complete
3362,68,5,2,142,16.4,33.9,83.9,Complete
3363,68,5,3,87,19.3,36.9,77.2,Estimated
3364,68,5,4,115,18.7,33.3,71.5,Complete
3365,68,5,5,72,19.3,36.4,72.4,Complete
3366,68,5,6,112,14.6,29.7,85.5,Complete
3367,68,5,7,110,26.0,47.4,50.9,Complete
3368,68,5,8,58,28.4,49.0,47.1,Complete
3369,68,5,9,203,15.7,31.4,72.6,Complete
3370,68,5,10,159,18.2,32.5,75.0,Complete
3371,68,6,1,171,10.2,18.8,62.4,Estimated
3372,68,6,2,237,11.1,19.7,68.2,Complete
3373,68,6,3,259,8.5,15.8,84.1,Complete
3374,68,6,4,284,9.2,16.5,81.9,Complete
3375,68,6,5,187,9.1,16.7,84.1,Complete
3376,68,6,6,247,8.3,17.9,81.5,Estimated
3377,68,6,7,240,15.1,29.3,45.5,Complete
3378,68,6,8,270,15.3,29.2,46.9,Complete
3379,68,6,9,230,8.6,14.8,76.8,Complete
3380,68,6,10,199,7.9,16.1,78.3,Complete
3381,68,7,1,99,19.8,41.0,67.2,Complete
3382,68,7,2,198,21.5,38.0,65.5,Complete
3383,68,7,3,85,20.1,34.1,73.7,Complete
3384,68,7,4,103,19.4,41.0,67.8,Complete
3385,68,7,5,126,18.2,32.8,76.4,Complete
3386,68,7,6,201,22.1,41.7,55.4,Partial
3387,68,7,7,66,25.0,42.7,58.5,Complete
3388,68,7,8,79,30.2,52.7,46.4,Complete
3389,68,7,9,141,21.7,40.4,55.9,Complete
3390,68,7,10,209,22.8,39.9,63.0,Complete
3391,68,8,1,129,22.6,42.6,60.4,Complete
3392,68,8,2,166,20.8,41.5,69.8,Complete
3393,68,8,3,143,15.9,35.1,74.8,Complete
3394,68,8,4,180,21.2,39.8,64.3,Complete
3395,68,8,5,282,24.7,43.4,62.1,Complete
3396,68,8,6,121,18.7,39.5,77.3,Complete
3397,68,8,7,129,32.7,58.5,51.6,Complete
3398,68,8,8,89,24.1,50.0,62.7,Complete
3399,68,8,9,145,20.3,36.7,76.9,Complete
3400,68,8,10,131,20.2,40.7,66.8,Complete
3401,69,2,1,53,139.5,259.1,69.5,Complete
3402,69,2,2,34,140.4,301.5,59.3,Complete
3403,69,2,3,57,172.0,312.6,60.2,Complete
3404,69,2,4,28,153.0,299.8,58.9,Complete
3405,69,2,5,41,138.6,272.0,55.1,Complete
3406,69,2,6,47,122.5,255.9,66.5,Partial
3407,69,2,7,15,266.1,464.4,35.4,Complete
3408,69,2,8,9,179.0,347.6,54.6,Complete
3409,69,2,9,93,146.2,276.4,59.6,Complete
3410,69,2,10,78,161.1,276.8,63.1,Complete
3411,69,4,1,39,92.5,203.8,53.7,Complete
3412,69,4,2,50,90.2,193.5,47.4,Complete
3413,69,4,3,62,94.0,177.8,62.9,Complete
3414,69,4,4,20,93.5,160.9,68.5,Complete
3415,69,4,5,26,95.6,176.5,60.0,Complete
3416,69,4,6,20,89.0,177.9,62.2,Complete
3417,69,4,7,27,130.1,223.0,52.4,Estimated
3418,69,4,8,42,160.0,276.6,39.7,Complete
3419,69,4,9,63,75.2,157.8,57.4,Complete
3420,69,4,10,67,77.5,147.8,69.3,Partial
3421,69,8,1,44,22.5,48.4,55.4,Complete
3422,69,8,2,19,30.9,54.9,46.9,Complete
3423,69,8,3,50,24.3,51.4,59.4,Complete
3424,69,8,4,36,27.4,51.2,59.1,Complete
3425,69,8,5,49,31.2,53.1,48.8,Complete
3426,69,8,6,45,23.5,47.2,56.9,Complete
3427,69,8,7,31,33.0,60.2,45.9,Complete
3428,69,8,8,27,37.4,68.8,43.0,Complete
3429,69,8,9,50,24.2,42.7,57.4,Complete
3430,69,8,10,41,20.8,43.2,64.4,Complete
3431,70,1,1,38,118.6,263.4,72.5,Complete
3432,70,1,2,41,124.7,270.5,62.2,Complete
3433,70,1,3,72,156.6,290.3,59.8,Complete
3434,70,1,4,60,161.1,312.5,56.6,Complete
3435,70,1,5,68,160.0,267.6,70.9,Complete
3436,70,1,6,21,140.8,281.9,62.7,Complete
3437,70,1,7,33,189.9,393.2,40.5,Complete
3438,70,1,8,16,162.0,350.2,43.9,Complete
3439,70,1,9,29,144.1,279.4,55.8,Complete
3440,70,1,10,25,130.6,246.8,66.9,Complete
3441,70,4,1,28,76.5,166.1,68.5,Complete
3442,70,4,2,64,103.3,183.2,59.3,Complete
3443,70,4,3,26,108.7,202.3,45.9,Complete
3444,70,4,4,78,85.8,165.0,70.4,Complete
3445,70,4,5,19,75.1,156.2,66.5,Complete
3446,70,4,6,22,90.0,177.1,57.1,Complete
3447,70,4,7,17,129.8,285.1,33.7,Complete
3448,70,4,8,21,145.7,282.4,40.6,Complete
3449,70,4,9,35,89.2,183.7,61.7,Complete
3450,70,4,10,79,89.2,164.9,58.1,Complete
3451,70,8,1,89,30.8,53.3,49.6,Complete
3452,70,8,2,29,29.8,51.6,56.9,Complete
3453,70,8,3,32,18.4,40.0,73.7,Complete
3454,70,8,4,59,24.1,50.0,54.8,Complete
3455,70,8,5,23,21.9,41.4,67.4,Estimated
3456,70,8,6,69,25.2,42.1,65.4,Estimated
3457,70,8,7,30,37.0,71.7,42.1,Complete
3458,70,8,8,29,40.1,66.9,35.9,Complete
3459,70,8,9,113,28.0,51.9,48.0,Complete
3460,70,8,10,41,21.7,39.5,66.8,Complete
3461,71,1,1,48,98.9,203.9,89.4,Complete
3462,71,1,2,38,124.8,243.4,76.4,Complete
3463,71,1,3,77,91.6,182.1,100.0,Partial
3464,71,1,4,38,81.0,179.4,85.6,Complete
3465,71,1,5,69,95.1,190.1,89.5,Complete
3466,71,1,6,30,102.4,213.6,85.7,Complete
3467,71,1,7,45,116.5,257.8,57.1,Partial
3468,71,1,8,29,176.3,313.4,58.2,Complete
3469,71,1,9,43,84.2,185.3,98.0,Complete
3470,71,1,10,129,121.6,219.9,81.6,Complete
3471,71,2,1,27,87.7,194.9,79.7,Complete
3472,71,2,2,56,97.1,187.0,84.2,Complete
3473,71,2,3,76,105.3,224.0,71.1,Complete
3474,71,2,4,25,99.0,206.9,79.7,Partial
3475,71,2,5,75,86.9,172.7,100.0,Complete
3476,71,2,6,57,127.7,220.8,75.8,Complete
3477,71,2,7,21,127.6,256.6,58.7,Complete
3478,71,2,8,28,164.5,290.3,62.5,Complete
3479,71,2,9,145,98.2,171.6,100.0,Complete
3480,71,2,10,48,110.8,223.6,69.4,Complete
3481,71,4,1,60,71.4,132.4,87.6,Complete
3482,71,4,2,28,68.4,148.6,75.9,Partial
3483,71,4,3,57,80.2,138.6,83.0,Estimated
3484,71,4,4,53,69.0,141.6,67.6,Complete
3485,71,4,5,95,72.7,127.4,86.3,Complete
3486,71,4,6,73,57.5,117.6,85.0,Complete
3487,71,4,7,25,97.4,172.5,65.3,Complete
3488,71,4,8,24,99.4,205.8,48.3,Complete
3489,71,4,9,49,68.3,123.1,88.7,Complete
3490,71,4,10,103,73.2,136.8,78.3,Complete
3491,71,5,1,98,17.9,38.3,61.4,Complete
3492,71,5,2,73,16.7,30.2,85.4,Complete
3493,71,5,3,84,13.4,28.9,83.5,Complete
3494,71,5,4,37,17.8,30.4,94.8,Partial
3495,71,5,5,47,18.7,34.0,68.0,Complete
3496,71,5,6,83,18.7,36.2,71.9,Complete
3497,71,5,7,34,20.6,44.7,54.7,Complete
3498,71,5,8,36,27.9,48.9,52.0,Complete
3499,71,5,9,41,16.3,27.5,100.0,Complete
3500,71,5,10,33,15.2,30.7,75.8,Complete
3501,71,7,1,38,19.2,38.6,58.6,Complete
3502,71,7,2,63,15.1,28.1,100.0,Complete
3503,71,7,3,93,14.7,28.0,82.7,Complete
3504,71,7,4,69,19.6,34.5,72.3,Complete
3505,71,7,5,58,19.0,33.1,71.5,Partial
3506,71,7,6,80,15.3,29.3,87.3,Partial
3507,71,7,7,26,23.1,41.0,66.0,Complete
3508,71,7,8,13,20.9,42.9,64.2,Complete
3509,71,7,9,76,20.0,35.4,74.3,Complete
3510,71,7,10,115,14.6,30.4,81.9,Complete
3511,71,8,1,55,18.7,31.8,86.8,Complete
3512,71,8,2,46,20.0,34.2,72.2,Complete
3513,71,8,3,83,20.2,37.0,77.3,Complete
3514,71,8,4,24,18.8,35.1,82.9,Complete
3515,71,8,5,68,21.1,36.2,85.3,Complete
3516,71,8,6,75,17.6,30.9,98.5,Complete
3517,71,8,7,45,19.9,41.7,68.0,Complete
3518,71,8,8,16,31.5,55.2,52.0,Partial
3519,71,8,9,92,20.4,34.9,77.6,Complete
3520,71,8,10,88,17.0,32.1,91.1,Complete
3521,72,1,1,44,135.6,249.8,73.7,Complete
3522,72,1,2,45,136.3,239.1,67.2,Complete
3523,72,1,3,84,94.2,205.2,90.4,Complete
3524,72,1,4,87,109.7,203.8,91.7,Partial
3525,72,1,5,63,91.5,195.3,80.1,Complete
3526,72,1,6,98,116.5,210.8,90.4,Complete
3527,72,1,7,35,158.6,275.0,53.3,Complete
3528,72,1,8,40,140.1,307.7,58.7,Complete
3529,72,1,9,60,109.3,203.5,86.9,Complete
3530,72,1,10,93,80.5,170.6,100.0,Partial
3531,72,2,1,97,130.3,247.5,72.8,Complete
3532,72,2,2,35,120.3,203.6,90.6,Partial
3533,72,2,3,53,110.6,237.0,75.8,Partial
3534,72,2,4,66,103.5,191.4,94.6,Partial
3535,72,2,5,65,111.1,229.0,70.7,Complete
3536,72,2,6,45,122.2,216.0,81.5,Partial
3537,72,2,7,52,164.1,333.7,54.3,Complete
3538,72,2,8,50,160.6,322.5,48.7,Complete
3539,72,2,9,126,86.3,179.3,100.0,Complete
3540,72,2,10,137,116.9,210.9,80.6,Partial
3541,72,4,1,72,69.2,146.4,62.9,Complete
3542,72,4,2,30,65.0,139.0,80.7,Complete
3543,72,4,3,40,66.2,126.0,79.9,Partial
3544,72,4,4,77,72.0,120.7,89.2,Complete
3545,72,4,5,75,86.8,144.6,76.5,Partial
3546,72,4,6,50,64.8,108.5,100.0,Complete
3547,72,4,7,35,86.0,160.6,57.8,Complete
3548,72,4,8,44,109.3,209.5,43.7,Complete
3549,72,4,9,91,48.9,108.2,100.0,Complete
3550,72,4,10,101,77.3,138.4,73.3,Estimated
3551,72,5,1,64,17.8,36.8,77.7,Partial
3552,72,5,2,48,15.9,33.4,73.2,Complete
3553,72,5,3,90,18.8,34.0,75.3,Complete
3554,72,5,4,74,17.2,32.2,89.5,Complete
3555,72,5,5,103,13.8,30.5,90.6,Complete
3556,72,5,6,80,17.4,30.6,74.2,Complete
3557,72,5,7,67,22.7,42.1,55.4,Complete
3558,72,5,8,35,24.0,52.5,50.7,Complete
3559,72,5,9,42,14.8,31.1,84.0,Complete
3560,72,5,10,50,16.0,32.7,71.6,Partial
3561,72,7,1,52,20.3,38.5,68.7,Complete
3562,72,7,2,93,18.5,31.4,84.7,Complete
3563,72,7,3,56,19.6,36.5,67.4,Complete
3564,72,7,4,42,17.6,33.0,87.2,Complete
3565,72,7,5,37,18.8,36.4,63.3,Complete
3566,72,7,6,35,20.1,34.6,82.8,Complete
3567,72,7,7,17,23.8,43.5,61.2,Estimated
3568,72,7,8,64,22.4,46.7,57.2,Complete
3569,72,7,9,73,15.2,31.6,73.5,Complete
3570,72,7,10,73,17.2,31.3,79.8,Complete
3571,72,8,1,36,14.4,30.5,97.2,Complete
3572,72,8,2,82,18.7,32.8,77.5,Estimated
3573,72,8,3,111,17.5,38.1,66.8,Complete
3574,72,8,4,71,20.2,37.4,70.7,Estimated
3575,72,8,5,84,18.8,32.6,88.7,Complete
3576,72,8,6,71,16.2,28.5,98.0,Complete
3577,72,8,7,42,23.5,43.3,68.9,Complete
3578,72,8,8,34,19.8,40.9,71.4,Complete
3579,72,8,9,36,21.6,37.0,76.8,Partial
3580,72,8,10,88,18.6,35.7,81.9,Complete
3581,73,8,1,51,18.3,34.5,69.9,Estimated
3582,73,8,2,16,23.0,39.5,70.3,Complete
3583,73,8,3,26,15.1,32.1,90.9,Complete
3584,73,8,4,21,15.7,31.3,99.1,Complete
3585,73,8,5,33,13.6,29.6,100.0,Partial
3586,73,8,6,20,17.7,30.2,82.3,Complete
3587,73,8,7,9,24.6,51.2,54.7,Complete
3588,73,8,8,10,26.8,47.4,53.0,Complete
3589,73,8,9,16,15.8,32.6,90.9,Complete
3590,73,8,10,18,17.2,30.0,90.6,Complete
3591,74,2,1,23,166.0,297.9,61.7,Complete
3592,74,2,2,43,164.6,335.6,47.1,Complete
3593,74,2,3,27,150.8,270.2,60.3,Estimated
3594,74,2,4,58,130.7,281.0,64.1,Complete
3595,74,2,5,40,163.5,300.8,54.0,Estimated
3596,74,2,6,30,123.5,262.7,66.5,Complete
3597,74,2,7,12,234.3,446.0,40.6,Complete
3598,74,2,8,19,228.2,449.5,41.8,Complete
3599,74,2,9,65,173.3,291.0,58.8,Complete
3600,74,2,10,51,126.9,260.9,67.9,Complete
3601,74,5,1,59,26.1,47.8,55.7,Complete
3602,74,5,2,55,24.8,48.2,49.8,Complete
3603,74,5,3,42,32.9,57.0,44.3,Complete
3604,74,5,4,36,23.8,47.5,48.4,Complete
3605,74,5,5,57,29.9,52.6,44.7,Complete
3606,74,5,6,63,22.4,40.5,68.0,Complete
3607,74,5,7,48,39.9,69.9,39.6,Complete
3608,74,5,8,13,37.7,72.4,34.7,Complete
3609,74,5,9,38,25.3,46.2,57.6,Complete
3610,74,5,10,69,21.1,42.8,60.4,Complete
3611,74,8,1,77,30.7,55.0,48.9,Complete
3612,74,8,2,58,32.7,56.4,49.4,Complete
3613,74,8,3,46,28.2,51.8,47.3,Complete
3614,74,8,4,22,25.1,44.2,61.4,Complete
3615,74,8,5,61,25.4,50.0,50.9,Complete
3616,74,8,6,45,24.9,49.4,51.1,Complete
3617,74,8,7,28,46.3,82.2,35.0,Complete
3618,74,8,8,38,36.3,78.9,35.6,Complete
3619,74,8,9,41,29.7,53.6,47.0,Estimated
3620,74,8,10,78,21.2,43.9,60.3,Complete
3621,75,5,1,71,12.4,25.8,100.0,Complete
3622,75,5,2,50,13.7,28.8,84.4,Complete
3623,75,5,3,25,20.0,34.4,67.2,Complete
3624,75,5,4,61,17.0,30.8,90.4,Complete
3625,75,5,5,24,11.1,24.4,100.0,Estimated
3626,75,5,6,57,17.4,31.1,87.9,Complete
3627,75,5,7,33,18.6,40.8,72.1,Estimated
3628,75,5,8,38,21.7,48.1,53.0,Complete
3629,75,5,9,41,13.4,26.0,100.0,Estimated
3630,75,5,10,46,13.9,29.7,88.8,Complete
3631,75,8,1,28,13.6,28.8,100.0,Complete
3632,75,8,2,42,15.9,35.2,72.1,Estimated
3633,75,8,3,19,16.5,31.3,88.3,Complete
3634,75,8,4,39,17.2,28.8,100.0,Complete
3635,75,8,5,18,15.4,26.2,100.0,Complete
3636,75,8,6,44,16.0,35.1,78.1,Complete
3637,75,8,7,10,25.9,52.1,48.9,Complete
3638,75,8,8,26,25.7,48.3,60.2,Complete
3639,75,8,9,21,16.1,33.6,93.1,Complete
3640,75,8,10,39,14.0,30.5,92.7,Complete
3641,76,4,1,42,69.1,144.5,70.9,Complete
3642,76,4,2,66,56.9,125.4,72.2,Complete
3643,76,4,3,82,66.1,128.3,74.0,Complete
3644,76,4,4,47,68.0,130.7,85.3,Complete
3645,76,4,5,27,58.6,112.7,87.0,Complete
3646,76,4,6,79,79.8,134.6,79.0,Complete
3647,76,4,7,17,125.7,210.6,51.3,Complete
3648,76,4,8,41,111.2,205.3,50.5,Complete
3649,76,4,9,63,63.9,130.4,85.5,Complete
3650,76,4,10,49,53.5,105.2,100.0,Complete
3651,76,7,1,41,16.4,31.9,89.9,Complete
3652,76,7,2,52,19.8,33.9,67.4,Estimated
3653,76,7,3,55,15.6,31.9,88.4,Complete
3654,76,7,4,26,16.8,35.9,74.1,Complete
3655,76,7,5,62,15.3,27.5,86.9,Complete
3656,76,7,6,25,20.0,33.9,67.2,Complete
3657,76,7,7,40,24.1,52.3,52.7,Complete
3658,76,7,8,16,20.3,38.5,63.5,Complete
3659,76,7,9,68,15.1,29.1,92.5,Complete
3660,76,7,10,85,14.6,26.6,90.1,Complete
3661,76,8,1,26,21.6,37.5,81.2,Complete
3662,76,8,2,62,15.9,31.6,93.5,Complete
3663,76,8,3,29,17.8,35.4,83.4,Complete
3664,76,8,4,29,18.6,37.9,70.4,Estimated
3665,76,8,5,26,14.7,29.0,100.0,Partial
3666,76,8,6,77,14.4,30.3,98.6,Complete
3667,76,8,7,43,22.3,43.0,66.3,Partial
3668,76,8,8,17,19.4,42.0,69.7,Complete
3669,76,8,9,29,17.1,35.0,85.6,Complete
3670,76,8,10,79,18.4,30.7,100.0,Complete
3671,77,1,1,118,109.2,235.9,68.1,Complete
3672,77,1,2,97,121.5,231.1,82.3,Complete
3673,77,1,3,92,120.7,220.6,75.1,Partial
3674,77,1,4,152,106.7,208.9,75.2,Complete
3675,77,1,5,117,100.2,216.4,81.4,Partial
3676,77,1,6,110,123.6,239.0,71.4,Estimated
3677,77,1,7,42,159.7,343.7,46.5,Complete
3678,77,1,8,73,192.5,348.4,45.7,Complete
3679,77,1,9,173,109.4,231.8,65.6,Complete
3680,77,1,10,94,107.5,202.3,92.9,Partial
3681,77,2,1,78,115.2,231.6,72.7,Complete
3682,77,2,2,179,111.8,190.6,82.3,Complete
3683,77,2,3,165,118.2,252.1,68.2,Partial
3684,77,2,4,64,113.7,205.0,79.4,Complete
3685,77,2,5,101,84.2,186.4,99.4,Complete
3686,77,2,6,151,120.1,216.2,75.1,Complete
3687,77,2,7,78,167.0,294.9,56.9,Complete
3688,77,2,8,70,170.5,288.6,51.9,Complete
3689,77,2,9,92,83.7,182.4,100.0,Complete
3690,77,2,10,182,86.2,173.9,89.3,Complete
3691,77,3,1,150,1.4,2.6,74.1,Complete
3692,77,3,2,142,1.2,2.2,78.7,Partial
3693,77,3,3,189,1.1,2.0,83.8,Complete
3694,77,3,4,206,1.3,2.5,81.9,Estimated
3695,77,3,5,213,1.3,2.1,93.4,Complete
3696,77,3,6,158,1.3,2.7,74.7,Complete
3697,77,3,7,205,1.7,3.6,49.6,Complete
3698,77,3,8,181,1.8,3.9,53.3,Complete
3699,77,3,9,257,1.1,2.3,85.2,Complete
3700,77,3,10,189,1.4,2.4,71.9,Complete
3701,77,4,1,124,75.0,150.3,61.5,Complete
3702,77,4,2,155,69.2,143.3,80.7,Complete
3703,77,4,3,125,71.5,134.5,68.8,Complete
3704,77,4,4,139,58.4,121.5,91.5,Complete
3705,77,4,5,82,88.7,148.4,69.8,Complete
3706,77,4,6,167,58.7,118.8,80.1,Complete
3707,77,4,7,46,79.7,158.0,71.9,Complete
3708,77,4,8,80,115.9,216.4,47.9,Estimated
3709,77,4,9,144,80.8,142.1,76.6,Complete
3710,77,4,10,206,54.5,119.6,94.4,Complete
3711,77,5,1,48,17.8,33.8,72.4,Complete
3712,77,5,2,194,21.0,39.3,58.4,Complete
3713,77,5,3,131,20.6,38.7,74.5,Complete
3714,77,5,4,73,19.0,33.9,76.3,Complete
3715,77,5,5,135,14.7,27.7,87.2,Complete
3716,77,5,6,41,18.7,37.0,72.8,Complete
3717,77,5,7,31,26.0,46.3,57.7,Complete
3718,77,5,8,107,21.6,40.4,64.2,Complete
3719,77,5,9,183,16.2,32.4,71.1,Complete
3720,77,5,10,94,14.0,30.2,91.8,Partial
3721,77,6,1,203,7.0,14.7,81.9,Complete
3722,77,6,2,139,7.4,15.0,82.1,Complete
3723,77,6,3,224,8.4,14.3,88.5,Complete
3724,77,6,4,209,8.2,17.8,67.2,Estimated
3725,77,6,5,175,8.2,18.1,71.5,Estimated
3726,77,6,6,141,7.2,15.8,80.1,Complete
3727,77,6,7,106,13.0,27.6,50.1,Complete
3728,77,6,8,155,10.7,23.4,54.8,Complete
3729,77,6,9,186,7.5,13.9,84.4,Complete
3730,77,6,10,274,10.3,17.3,70.8,Complete
3731,77,7,1,41,14.9,31.0,77.8,Complete
3732,77,7,2,101,15.7,31.4,83.7,Complete
3733,77,7,3,82,21.8,36.6,68.6,Complete
3734,77,7,4,136,18.9,32.5,90.2,Complete
3735,77,7,5,201,16.5,36.3,63.0,Partial
3736,77,7,6,60,21.9,36.6,77.7,Complete
3737,77,7,7,101,19.0,40.7,62.3,Complete
3738,77,7,8,50,26.5,46.8,60.4,Complete
3739,77,7,9,154,17.2,30.0,81.4,Complete
3740,77,7,10,126,12.9,27.0,91.2,Complete
3741,77,8,1,63,20.7,37.9,71.4,Complete
3742,77,8,2,158,17.2,34.4,81.2,Complete
3743,77,8,3,137,19.5,37.3,79.3,Complete
3744,77,8,4,76,17.3,33.0,78.9,Complete
3745,77,8,5,159,15.9,30.2,82.0,Complete
3746,77,8,6,95,21.8,38.6,80.9,Complete
3747,77,8,7,123,28.1,58.1,53.2,Complete
3748,77,8,8,100,22.9,43.6,64.2,Partial
3749,77,8,9,109,20.7,39.3,79.4,Complete
3750,77,8,10,130,14.0,28.8,87.6,Complete
3751,78,1,1,164,114.1,216.1,75.2,Complete
3752,78,1,2,191,136.7,234.5,69.3,Partial
3753,78,1,3,54,132.0,233.0,75.6,Estimated
3754,78,1,4,188,114.2,216.2,72.3,Complete
3755,78,1,5,76,111.8,199.1,90.1,Complete
3756,78,1,6,235,123.8,246.2,76.0,Complete
3757,78,1,7,39,151.4,326.4,48.1,Estimated
3758,78,1,8,140,193.7,329.2,48.8,Complete
3759,78,1,9,87,118.1,260.8,59.2,Complete
3760,78,1,10,98,101.8,198.3,93.0,Complete
3761,78,2,1,133,112.6,243.7,66.7,Complete
3762,78,2,2,63,133.5,223.7,84.6,Complete
3763,78,2,3,54,116.2,200.1,75.0,Complete
3764,78,2,4,66,119.5,202.9,78.3,Complete
3765,78,2,5,77,155.7,264.5,64.0,Complete
3766,78,2,6,111,135.0,249.0,59.4,Partial
3767,78,2,7,42,189.8,349.0,53.3,Complete
3768,78,2,8,103,142.7,291.2,63.3,Complete
3769,78,2,9,234,113.8,214.8,76.8,Complete
3770,78,2,10,186,85.1,187.8,84.1,Complete
3771,78,3,1,187,1.8,3.0,68.2,Complete
3772,78,3,2,153,1.6,3.1,68.3,Complete
3773,78,3,3,380,1.3,2.2,80.5,Complete
3774,78,3,4,220,1.2,2.6,64.5,Partial
3775,78,3,5,239,1.7,3.0,56.7,Complete
3776,78,3,6,264,1.7,3.0,68.6,Complete
3777,78,3,7,247,2.1,3.7,54.0,Complete
3778,78,3,8,187,1.5,3.4,51.5,Complete
3779,78,3,9,387,1.4,2.7,73.5,Complete
3780,78,3,10,271,1.3,2.8,67.5,Complete
3781,78,4,1,220,71.4,156.7,69.6,Partial
3782,78,4,2,275,65.3,138.1,83.9,Complete
3783,78,4,3,114,86.6,167.8,61.8,Complete
3784,78,4,4,155,89.7,155.7,66.6,Complete
3785,78,4,5,145,91.9,168.3,60.8,Estimated
3786,78,4,6,191,68.4,129.6,74.1,Complete
3787,78,4,7,104,119.7,216.8,44.8,Complete
3788,78,4,8,65,109.2,191.7,53.0,Complete
3789,78,4,9,205,84.8,148.9,71.9,Complete
3790,78,4,10,278,83.9,145.0,66.4,Complete
3791,78,5,1,82,21.4,35.8,76.4,Complete
3792,78,5,2,97,21.2,38.9,66.2,Complete
3793,78,5,3,200,19.5,40.2,60.7,Complete
3794,78,5,4,153,19.1,32.8,73.2,Complete
3795,78,5,5,88,19.2,33.2,76.9,Complete
3796,78,5,6,140,20.1,40.5,65.1,Complete
3797,78,5,7,51,27.5,49.6,49.1,Complete
3798,78,5,8,73,29.3,51.3,55.7,Complete
3799,78,5,9,92,19.4,34.8,75.8,Complete
3800,78,5,10,187,18.4,31.1,74.5,Complete
3801,78,6,1,212,10.3,19.9,63.6,Complete
3802,78,6,2,240,9.7,20.0,60.6,Complete
3803,78,6,3,233,12.7,21.3,59.8,Complete
3804,78,6,4,130,10.3,17.4,83.6,Complete
3805,78,6,5,174,8.6,16.9,79.6,Complete
3806,78,6,6,161,7.9,16.1,74.1,Estimated
3807,78,6,7,159,15.4,28.1,45.1,Complete
3808,78,6,8,263,15.7,29.5,49.2,Complete
3809,78,6,9,281,8.8,15.9,85.9,Complete
3810,78,6,10,325,7.3,15.2,75.1,Complete
3811,78,7,1,134,24.4,41.0,68.5,Complete
3812,78,7,2,224,19.5,35.5,81.8,Complete
3813,78,7,3,105,17.0,33.3,72.8,Complete
3814,78,7,4,74,16.1,30.5,88.3,Complete
3815,78,7,5,91,18.8,39.8,63.5,Complete
3816,78,7,6,100,17.8,30.6,87.4,Complete
3817,78,7,7,122,27.9,50.3,49.6,Complete
3818,78,7,8,130,26.5,56.4,46.5,Complete
3819,78,7,9,111,17.2,32.3,70.2,Complete
3820,78,7,10,158,17.1,28.9,98.7,Complete
3821,78,8,1,107,22.2,39.5,77.2,Complete
3822,78,8,2,71,23.2,39.4,74.6,Complete
3823,78,8,3,166,19.2,41.5,70.9,Complete
3824,78,8,4,66,19.1,34.2,90.2,Complete
3825,78,8,5,160,24.0,40.2,60.2,Complete
3826,78,8,6,265,24.3,42.1,69.8,Complete
3827,78,8,7,32,22.5,49.5,59.3,Complete
3828,78,8,8,39,35.4,62.8,48.3,Partial
3829,78,8,9,269,21.6,42.2,74.6,Complete
3830,78,8,10,219,19.2,33.4,91.9,Complete
3831,79,2,1,26,155.8,315.0,55.6,Complete
3832,79,2,2,45,168.7,345.8,49.0,Complete
3833,79,2,3,27,174.9,330.8,52.9,Complete
3834,79,2,4,21,199.3,335.7,48.8,Complete
3835,79,2,5,38,164.0,305.4,49.0,Complete
3836,79,2,6,38,181.0,335.4,47.6,Complete
3837,79,2,7,13,225.9,427.4,40.5,Partial
3838,79,2,8,20,267.7,459.9,35.9,Complete
3839,79,2,9,25,148.5,320.5,57.3,Estimated
3840,79,2,10,57,190.2,353.2,44.3,Complete
3841,79,4,1,29,100.6,200.6,51.4,Complete
3842,79,4,2,36,98.9,188.1,52.5,Complete
3843,79,4,3,54,97.9,177.4,52.6,Complete
3844,79,4,4,50,129.3,225.6,50.8,Complete
3845,79,4,5,35,113.6,189.8,54.0,Complete
3846,79,4,6,43,91.8,180.0,64.5,Estimated
3847,79,4,7,22,173.4,291.7,32.1,Estimated
3848,79,4,8,20,145.0,248.4,36.6,Complete
3849,79,4,9,55,99.0,179.7,63.1,Partial
3850,79,4,10,46,94.1,199.4,56.0,Estimated
3851,79,8,1,18,22.7,48.8,57.1,Complete
3852,79,8,2,40,31.6,56.3,51.8,Complete
3853,79,8,3,49,30.6,61.1,49.0,Complete
3854,79,8,4,29,25.5,44.4,56.9,Complete
3855,79,8,5,41,27.3,59.4,43.1,Complete
3856,79,8,6,15,25.4,52.0,51.6,Complete
3857,79,8,7,12,39.1,77.4,35.0,Partial
3858,79,8,8,21,30.4,66.1,38.8,Complete
3859,79,8,9,38,20.6,44.6,69.9,Complete
3860,79,8,10,37,24.1,42.9,62.4,Complete
3861,80,8,1,43,19.8,41.2,71.9,Partial
3862,80,8,2,27,21.4,36.4,69.0,Complete
3863,80,8,3,32,15.9,34.0,89.2,Complete
3864,80,8,4,37,19.7,37.1,72.1,Complete
3865,80,8,5,33,17.0,29.4,98.5,Complete
3866,80,8,6,45,19.8,33.9,85.5,Complete
3867,80,8,7,7,21.0,41.4,62.3,Estimated
3868,80,8,8,11,19.0,41.3,63.1,Estimated
3869,80,8,9,32,15.9,33.8,77.2,Complete
3870,80,8,10,31,14.8,29.5,92.0,Complete
3871,81,1,1,63,91.7,171.2,88.7,Complete
3872,81,1,2,113,103.9,182.8,84.4,Complete
3873,81,1,3,63,109.1,192.4,91.7,Complete
3874,81,1,4,180,119.6,217.3,77.6,Complete
3875,81,1,5,59,99.3,199.6,94.9,Complete
3876,81,1,6,78,85.1,166.0,89.8,Complete
3877,81,1,7,76,122.1,239.6,75.5,Complete
3878,81,1,8,25,131.7,269.0,65.0,Complete
3879,81,1,9,257,101.2,181.3,93.9,Complete
3880,81,1,10,144,86.7,183.8,86.3,Complete
3881,81,2,1,175,92.0,200.6,73.4,Complete
3882,81,2,2,150,86.4,188.5,88.1,Complete
3883,81,2,3,80,99.6,215.1,71.4,Complete
3884,81,2,4,154,102.3,181.6,87.3,Complete
3885,81,2,5,177,95.5,194.0,77.0,Complete
3886,81,2,6,113,89.2,171.2,89.4,Complete
3887,81,2,7,30,158.0,288.9,56.8,Complete
3888,81,2,8,43,132.1,249.2,76.2,Complete
3889,81,2,9,121,99.0,192.7,92.9,Complete
3890,81,2,10,131,91.9,160.2,97.0,Complete
3891,81,3,1,232,1.1,1.8,100.0,Complete
3892,81,3,2,111,0.9,1.9,89.1,Complete
3893,81,3,3,255,1.0,1.8,100.0,Complete
3894,81,3,4,147,0.8,1.8,100.0,Complete
3895,81,3,5,190,1.2,2.3,72.3,Complete
3896,81,3,6,223,1.0,2.0,90.4,Complete
3897,81,3,7,160,1.7,2.8,57.3,Complete
3898,81,3,8,254,1.6,3.2,57.3,Complete
3899,81,3,9,191,1.0,1.7,100.0,Partial
3900,81,3,10,208,1.2,2.3,78.1,Complete
3901,81,4,1,123,81.6,139.7,64.4,Complete
3902,81,4,2,68,52.5,108.0,88.4,Complete
3903,81,4,3,81,57.5,116.9,97.3,Estimated
3904,81,4,4,126,62.9,121.6,83.1,Complete
3905,81,4,5,112,63.2,120.2,94.1,Partial
3906,81,4,6,147,69.3,131.6,71.8,Complete
3907,81,4,7,35,71.1,147.3,66.1,Complete
3908,81,4,8,109,73.5,137.4,65.3,Complete
3909,81,4,9,175,51.4,98.5,100.0,Complete
3910,81,4,10,111,49.1,100.9,94.3,Complete
3911,81,5,1,118,16.0,27.6,100.0,Complete
3912,81,5,2,174,15.2,26.6,89.9,Partial
3913,81,5,3,75,12.6,27.9,91.1,Complete
3914,81,5,4,89,13.7,29.0,80.6,Complete
3915,81,5,5,123,15.9,31.3,83.4,Complete
3916,81,5,6,186,15.4,32.0,91.7,Complete
3917,81,5,7,83,28.8,48.3,48.9,Partial
3918,81,5,8,46,24.6,44.3,63.0,Complete
3919,81,5,9,134,14.5,30.0,77.0,Complete
3920,81,5,10,165,11.9,24.5,100.0,Complete
3921,81,6,1,164,8.2,15.7,73.9,Partial
3922,81,6,2,176,7.0,13.4,97.5,Complete
3923,81,6,3,261,6.5,12.5,100.0,Complete
3924,81,6,4,248,6.9,14.0,89.9,Complete
3925,81,6,5,162,7.8,14.4,80.4,Complete
3926,81,6,6,191,8.2,14.9,79.9,Complete
3927,81,6,7,204,11.2,22.2,59.9,Complete
3928,81,6,8,148,10.9,20.0,69.1,Complete
3929,81,6,9,285,7.4,15.5,79.7,Complete
3930,81,6,10,227,8.6,14.7,97.5,Complete
3931,81,7,1,140,16.6,33.6,67.1,Complete
3932,81,7,2,90,12.4,27.0,100.0,Complete
3933,81,7,3,94,16.3,32.9,86.1,Complete
3934,81,7,4,174,13.5,26.8,94.3,Complete
3935,81,7,5,193,15.8,32.8,76.3,Complete
3936,81,7,6,45,12.4,26.5,98.1,Estimated
3937,81,7,7,110,21.1,42.2,64.1,Complete
3938,81,7,8,47,23.4,46.5,63.0,Complete
3939,81,7,9,132,15.8,29.3,79.6,Complete
3940,81,7,10,135,15.9,31.3,91.1,Complete
3941,81,8,1,185,19.2,33.3,88.9,Complete
3942,81,8,2,149,19.4,35.3,70.0,Estimated
3943,81,8,3,79,17.8,34.3,75.5,Complete
3944,81,8,4,175,18.6,35.3,68.9,Partial
3945,81,8,5,100,16.8,30.6,86.8,Complete
3946,81,8,6,172,13.4,26.2,98.1,Complete
3947,81,8,7,106,18.8,40.6,73.2,Complete
3948,81,8,8,86,28.2,50.7,48.2,Estimated
3949,81,8,9,139,20.7,35.1,88.8,Complete
3950,81,8,10,194,16.0,34.7,69.3,Complete
3951,82,1,1,255,91.7,181.3,93.7,Complete
3952,82,1,2,131,112.1,222.6,74.9,Complete
3953,82,1,3,166,113.7,215.6,68.3,Complete
3954,82,1,4,93,127.7,229.1,73.8,Complete
3955,82,1,5,302,91.7,189.1,89.1,Complete
3956,82,1,6,168,94.5,182.1,85.4,Complete
3957,82,1,7,92,152.6,339.0,46.3,Complete
3958,82,1,8,107,135.5,261.0,67.6,Complete
3959,82,1,9,359,112.1,209.8,89.6,Estimated
3960,82,1,10,156,111.6,201.1,83.6,Complete
3961,82,2,1,100,94.3,199.3,87.4,Complete
3962,82,2,2,161,108.9,230.6,77.9,Complete
3963,82,2,3,156,109.3,190.5,89.5,Complete
3964,82,2,4,190,135.5,243.6,76.2,Complete
3965,82,2,5,210,103.7,176.0,90.1,Complete
3966,82,2,6,69,110.3,215.9,87.3,Complete
3967,82,2,7,97,140.7,260.5,72.1,Complete
3968,82,2,8,48,134.2,263.1,62.0,Complete
3969,82,2,9,134,120.5,214.7,85.0,Complete
3970,82,2,10,125,108.6,226.0,75.9,Complete
3971,82,3,1,327,1.4,2.6,71.5,Complete
3972,82,3,2,258,1.1,2.4,81.8,Partial
3973,82,3,3,393,1.0,1.9,100.0,Complete
3974,82,3,4,265,1.1,2.3,88.0,Complete
3975,82,3,5,246,1.5,2.6,65.9,Partial
3976,82,3,6,203,1.4,2.5,82.8,Complete
3977,82,3,7,334,1.8,3.1,60.9,Complete
3978,82,3,8,332,1.5,2.7,61.4,Complete
3979,82,3,9,396,1.2,2.2,83.9,Complete
3980,82,3,10,409,1.4,2.5,76.6,Complete
3981,82,4,1,133,75.7,149.6,73.1,Partial
3982,82,4,2,231,64.1,110.0,100.0,Complete
3983,82,4,3,293,61.8,126.3,77.0,Complete
3984,82,4,4,103,68.4,140.1,77.5,Partial
3985,82,4,5,122,53.4,116.5,83.6,Complete
3986,82,4,6,83,73.8,123.5,80.1,Complete
3987,82,4,7,82,77.1,153.4,65.7,Complete
3988,82,4,8,69,92.6,180.1,61.5,Complete
3989,82,4,9,231,53.2,109.1,89.7,Complete
3990,82,4,10,267,47.3,102.3,90.5,Complete
3991,82,5,1,119,14.2,29.9,94.5,Complete
3992,82,5,2,309,14.0,27.6,100.0,Complete
3993,82,5,3,83,15.2,32.5,83.3,Complete
3994,82,5,4,230,14.5,31.9,90.1,Complete
3995,82,5,5,183,15.4,26.9,100.0,Partial
3996,82,5,6,193,19.2,36.1,75.6,Complete
3997,82,5,7,75,20.8,42.5,64.2,Complete
3998,82,5,8,38,21.8,41.6,60.9,Partial
3999,82,5,9,276,16.2,28.1,90.4,Complete
4000,82,5,10,343,17.5,33.8,73.1,Complete
4001,82,6,1,213,9.3,16.5,73.7,Complete
4002,82,6,2,307,7.6,14.1,91.7,Estimated
4003,82,6,3,226,7.6,13.5,83.5,Complete
4004,82,6,4,361,10.2,17.7,81.5,Complete
4005,82,6,5,360,8.9,18.2,77.4,Complete
4006,82,6,6,211,7.7,15.3,90.3,Complete
4007,82,6,7,283,13.1,22.0,59.6,Complete
4008,82,6,8,271,11.5,20.0,58.4,Complete
4009,82,6,9,415,9.2,15.9,76.1,Complete
4010,82,6,10,236,8.8,16.2,84.4,Complete
4011,82,7,1,103,14.7,29.7,82.0,Complete
4012,82,7,2,169,14.5,30.3,91.2,Partial
4013,82,7,3,223,16.7,28.7,87.9,Complete
4014,82,7,4,243,15.1,33.1,74.4,Estimated
4015,82,7,5,119,15.1,32.9,83.7,Complete
4016,82,7,6,132,16.4,29.4,77.5,Complete
4017,82,7,7,149,21.1,45.1,57.2,Complete
4018,82,7,8,159,20.5,41.8,63.2,Complete
4019,82,7,9,117,14.4,29.3,93.9,Complete
4020,82,7,10,108,14.7,30.4,91.6,Complete
4021,82,8,1,142,21.3,40.8,62.1,Complete
4022,82,8,2,272,18.3,34.2,71.3,Complete
4023,82,8,3,64,18.0,35.2,75.0,Complete
4024,82,8,4,98,15.6,29.1,88.3,Complete
4025,82,8,5,214,17.7,34.3,86.3,Complete
4026,82,8,6,116,17.9,34.1,78.4,Complete
4027,82,8,7,125,23.8,45.4,65.0,Partial
4028,82,8,8,227,24.4,43.2,67.4,Complete
4029,82,8,9,360,15.9,33.6,93.6,Complete
4030,82,8,10,301,17.0,29.6,86.8,Complete
4031,83,1,1,54,138.0,284.9,64.7,Complete
4032,83,1,2,38,165.2,343.2,46.9,Complete
4033,83,1,3,35,202.0,340.5,53.8,Complete
4034,83,1,4,54,135.9,271.0,60.3,Complete
4035,83,1,5,37,153.0,336.9,50.7,Partial
4036,83,1,6,40,141.0,261.6,69.9,Complete
4037,83,1,7,34,242.3,450.5,38.8,Complete
4038,83,1,8,22,231.1,410.2,38.5,Complete
4039,83,1,9,57,142.5,281.4,63.9,Partial
4040,83,1,10,28,154.7,332.4,48.2,Estimated
4041,83,2,1,44,168.9,357.3,49.9,Complete
4042,83,2,2,25,168.2,372.2,49.1,Complete
4043,83,2,3,29,170.5,326.0,50.5,Complete
4044,83,2,4,30,151.8,280.5,61.7,Complete
4045,83,2,5,36,199.3,354.1,51.9,Complete
4046,83,2,6,62,148.7,272.1,62.9,Complete
4047,83,2,7,14,203.7,388.7,37.7,Complete
4048,83,2,8,25,283.7,477.6,35.5,Complete
4049,83,2,9,60,159.9,280.3,62.5,Complete
4050,83,2,10,40,131.4,257.4,69.2,Complete
4051,83,8,1,30,35.9,61.6,47.6,Complete
4052,83,8,2,29,29.2,60.3,44.7,Complete
4053,83,8,3,26,33.1,55.9,43.7,Partial
4054,83,8,4,40,32.1,58.0,41.5,Complete
4055,83,8,5,36,29.3,50.1,48.1,Partial
4056,83,8,6,32,23.1,50.4,54.7,Complete
4057,83,8,7,9,38.4,75.1,35.6,Complete
4058,83,8,8,8,47.4,82.6,37.7,Complete
4059,83,8,9,22,31.2,55.9,45.5,Complete
4060,83,8,10,39,23.0,48.8,57.6,Complete
4061,84,8,1,70,17.3,36.6,66.9,Complete
4062,84,8,2,38,20.2,36.6,75.3,Complete
4063,84,8,3,98,23.3,41.8,72.2,Complete
4064,84,8,4,81,17.8,38.9,73.0,Complete
4065,84,8,5,23,16.7,32.1,92.7,Complete
4066,84,8,6,91,17.5,32.8,90.3,Complete
4067,84,8,7,12,28.6,49.9,57.3,Complete
4068,84,8,8,26,27.1,50.4,51.6,Complete
4069,84,8,9,80,19.1,41.8,59.7,Complete
4070,84,8,10,39,24.2,40.7,62.8,Complete
4071,85,1,1,175,105.1,202.7,87.3,Complete
4072,85,1,2,344,124.4,232.2,72.7,Complete
4073,85,1,3,175,102.9,197.2,74.8,Complete
4074,85,1,4,481,115.7,224.9,81.0,Complete
4075,85,1,5,322,100.5,179.7,100.0,Complete
4076,85,1,6,449,125.3,220.2,77.7,Complete
4077,85,1,7,196,124.6,253.2,61.4,Complete
4078,85,1,8,90,124.0,272.9,58.6,Complete
4079,85,1,9,613,98.4,201.3,84.1,Complete
4080,85,1,10,159,96.3,209.2,88.3,Complete
4081,85,2,1,337,134.2,241.2,76.3,Complete
4082,85,2,2,246,101.3,180.8,98.1,Complete
4083,85,2,3,335,108.0,189.9,89.9,Complete
4084,85,2,4,416,113.9,217.8,85.5,Partial
4085,85,2,5,252,136.3,232.6,69.5,Complete
4086,85,2,6,194,106.7,196.8,82.1,Complete
4087,85,2,7,136,160.9,328.3,50.5,Complete
4088,85,2,8,114,152.0,285.7,54.6,Partial
4089,85,2,9,224,109.3,213.0,71.3,Complete
4090,85,2,10,417,91.3,177.6,93.1,Complete
4091,85,3,1,479,1.6,2.7,72.8,Complete
4092,85,3,2,400,1.1,2.2,90.8,Complete
4093,85,3,3,499,1.0,2.0,89.9,Complete
4094,85,3,4,386,1.1,2.5,75.7,Complete
4095,85,3,5,528,1.2,2.5,75.0,Complete
4096,85,3,6,561,1.3,2.4,84.6,Complete
4097,85,3,7,459,1.9,3.3,49.4,Complete
4098,85,3,8,407,1.5,3.1,54.4,Complete
4099,85,3,9,533,0.9,2.0,100.0,Complete
4100,85,3,10,400,1.2,2.2,92.0,Complete
4101,85,4,1,409,58.6,113.9,78.9,Complete
4102,85,4,2,286,79.6,148.2,68.8,Complete
4103,85,4,3,318,61.5,119.7,97.4,Complete
4104,85,4,4,259,70.8,145.2,78.9,Complete
4105,85,4,5,490,56.1,114.5,85.7,Complete
4106,85,4,6,458,59.1,127.7,74.5,Complete
4107,85,4,7,166,91.4,181.2,59.0,Complete
4108,85,4,8,110,115.3,205.1,45.7,Complete
4109,85,4,9,409,60.6,117.4,94.2,Complete
4110,85,4,10,547,51.8,110.9,93.4,Complete
4111,85,5,1,333,17.5,29.2,94.0,Complete
4112,85,5,2,186,16.4,29.4,90.3,Complete
4113,85,5,3,405,16.6,34.4,78.2,Complete
4114,85,5,4,173,17.1,33.4,84.3,Complete
4115,85,5,5,404,20.5,34.3,75.9,Complete
4116,85,5,6,303,17.4,33.0,84.1,Complete
4117,85,5,7,78,21.2,45.4,64.3,Partial
4118,85,5,8,63,25.2,42.4,56.1,Complete
4119,85,5,9,141,16.6,28.5,83.5,Complete
4120,85,5,10,180,16.2,28.8,87.8,Partial
4121,85,6,1,464,9.9,17.5,65.5,Partial
4122,85,6,2,508,9.5,16.5,74.3,Complete
4123,85,6,3,446,7.7,16.5,74.3,Complete
4124,85,6,4,455,10.1,17.0,84.4,Complete
4125,85,6,5,402,10.5,18.1,75.0,Complete
4126,85,6,6,599,8.1,15.4,84.4,Complete
4127,85,6,7,403,10.9,20.6,68.5,Estimated
4128,85,6,8,596,11.4,20.1,63.8,Complete
4129,85,6,9,341,7.6,16.4,82.6,Complete
4130,85,6,10,370,7.8,14.3,89.4,Complete
4131,85,7,1,172,17.4,35.1,77.9,Complete
4132,85,7,2,264,17.4,35.9,62.8,Complete
4133,85,7,3,288,16.7,31.5,82.1,Complete
4134,85,7,4,287,14.0,27.1,96.3,Complete
4135,85,7,5,153,17.1,32.4,72.0,Complete
4136,85,7,6,150,21.0,36.3,73.0,Complete
4137,85,7,7,156,19.1,38.2,67.4,Complete
4138,85,7,8,229,22.3,47.3,60.1,Complete
4139,85,7,9,327,17.3,29.3,84.3,Estimated
4140,85,7,10,401,16.4,27.7,100.0,Complete
4141,85,8,1,256,20.2,34.8,75.9,Complete
4142,85,8,2,221,17.4,36.1,70.3,Complete
4143,85,8,3,390,18.4,38.6,77.6,Complete
4144,85,8,4,364,17.0,30.5,99.8,Complete
4145,85,8,5,105,16.5,33.6,80.6,Complete
4146,85,8,6,161,13.4,28.2,91.1,Complete
4147,85,8,7,97,28.0,50.6,59.5,Complete
4148,85,8,8,149,32.0,56.6,50.3,Complete
4149,85,8,9,306,14.6,31.7,94.6,Estimated
4150,85,8,10,434,18.5,35.3,81.5,Complete
4151,86,1,1,264,105.7,230.5,64.6,Complete
4152,86,1,2,182,113.5,229.8,75.5,Complete
4153,86,1,3,588,153.0,277.4,55.1,Complete
4154,86,1,4,545,114.6,218.5,81.3,Complete
4155,86,1,5,274,103.5,218.8,77.7,Partial
4156,86,1,6,216,110.0,240.7,76.6,Complete
4157,86,1,7,125,127.9,279.9,65.1,Complete
4158,86,1,8,155,174.5,293.8,53.5,Partial
4159,86,1,9,341,108.4,200.9,72.8,Complete
4160,86,1,10,606,124.5,232.6,72.3,Complete
4161,86,2,1,337,115.5,209.1,77.2,Complete
4162,86,2,2,500,123.0,272.0,58.2,Complete
4163,86,2,3,592,136.6,276.8,60.8,Complete
4164,86,2,4,290,114.2,240.0,69.2,Complete
4165,86,2,5,483,127.9,221.7,77.6,Complete
4166,86,2,6,207,112.8,230.6,67.1,Complete
4167,86,2,7,357,142.4,305.7,60.2,Complete
4168,86,2,8,169,167.9,293.6,53.7,Complete
4169,86,2,9,451,110.4,221.7,72.2,Complete
4170,86,2,10,550,128.0,254.0,73.6,Complete
4171,86,3,1,627,1.5,2.8,70.4,Complete
4172,86,3,2,736,1.6,2.8,61.8,Complete
4173,86,3,3,636,1.5,2.9,64.3,Complete
4174,86,3,4,594,1.7,3.0,62.6,Complete
4175,86,3,5,732,1.3,2.4,81.0,Complete
4176,86,3,6,418,1.5,2.6,69.5,Complete
4177,86,3,7,555,1.9,3.4,57.1,Complete
4178,86,3,8,898,1.9,4.2,50.3,Complete
4179,86,3,9,918,1.6,2.8,73.6,Complete
4180,86,3,10,489,1.6,2.8,57.9,Complete
4181,86,4,1,219,67.8,141.8,69.1,Complete
4182,86,4,2,502,62.8,135.1,68.3,Complete
4183,86,4,3,628,73.2,138.0,67.4,Estimated
4184,86,4,4,130,90.1,155.8,70.1,Complete
4185,86,4,5,443,81.4,160.8,56.9,Complete
4186,86,4,6,584,76.7,163.7,62.7,Complete
4187,86,4,7,232,109.8,227.9,43.3,Complete
4188,86,4,8,184,86.7,176.0,63.8,Complete
4189,86,4,9,196,74.0,156.2,70.8,Partial
4190,86,4,10,619,90.4,154.2,59.9,Partial
4191,86,5,1,409,22.0,38.2,71.1,Complete
4192,86,5,2,594,22.3,40.4,59.9,Complete
4193,86,5,3,435,16.7,31.6,82.7,Complete
4194,86,5,4,541,19.6,37.7,75.0,Complete
4195,86,5,5,121,21.5,38.1,70.3,Estimated
4196,86,5,6,326,17.3,35.4,73.1,Complete
4197,86,5,7,230,29.2,60.1,39.9,Complete
4198,86,5,8,261,25.4,45.3,55.9,Complete
4199,86,5,9,562,17.9,31.7,76.4,Complete
4200,86,5,10,444,18.0,35.8,72.4,Complete
4201,86,6,1,623,8.9,16.8,70.8,Complete
4202,86,6,2,498,8.6,16.0,79.1,Complete
4203,86,6,3,503,9.6,16.9,71.8,Complete
4204,86,6,4,352,11.4,19.7,59.6,Complete
4205,86,6,5,663,11.0,21.0,60.4,Complete
4206,86,6,6,515,7.8,16.4,75.2,Complete
4207,86,6,7,506,14.4,28.4,49.2,Complete
4208,86,6,8,527,11.8,26.1,49.1,Complete
4209,86,6,9,692,7.7,15.9,83.5,Complete
4210,86,6,10,634,10.5,17.7,80.8,Complete
4211,86,7,1,429,21.9,42.2,67.5,Estimated
4212,86,7,2,122,19.2,33.6,69.6,Partial
4213,86,7,3,328,18.3,31.1,83.2,Complete
4214,86,7,4,349,19.9,41.4,67.2,Complete
4215,86,7,5,535,21.2,39.5,58.9,Complete
4216,86,7,6,164,20.9,41.0,70.6,Complete
4217,86,7,7,76,21.6,46.4,62.7,Complete
4218,86,7,8,185,28.2,51.3,52.1,Partial
4219,86,7,9,509,18.8,38.0,63.4,Complete
4220,86,7,10,629,18.6,34.8,84.0,Complete
4221,86,8,1,199,23.9,44.3,67.6,Partial
4222,86,8,2,127,24.0,44.7,62.2,Complete
4223,86,8,3,177,17.7,36.8,69.9,Complete
4224,86,8,4,520,20.8,44.8,68.0,Complete
4225,86,8,5,471,20.6,42.7,58.0,Complete
4226,86,8,6,181,21.6,43.0,60.6,Complete
4227,86,8,7,242,26.6,49.8,59.4,Complete
4228,86,8,8,132,28.9,61.3,40.9,Complete
4229,86,8,9,532,21.4,43.7,59.7,Estimated
4230,86,8,10,651,17.9,34.9,75.1,Complete
4231,87,1,1,208,100.8,200.4,73.4,Complete
4232,87,1,2,129,107.1,196.8,84.0,Complete
4233,87,1,3,152,132.2,230.6,82.6,Complete
4234,87,1,4,234,99.0,177.3,86.6,Complete
4235,87,1,5,133,126.8,230.6,64.2,Complete
4236,87,1,6,256,107.6,219.1,85.1,Complete
4237,87,1,7,128,147.8,277.1,61.0,Complete
4238,87,1,8,77,158.3,265.1,70.3,Complete
4239,87,1,9,222,104.1,180.6,96.7,Complete
4240,87,1,10,137,97.3,172.9,100.0,Complete
4241,87,2,1,160,127.8,221.4,72.1,Partial
4242,87,2,2,148,100.2,181.7,86.6,Complete
4243,87,2,3,119,108.3,229.4,64.0,Complete
4244,87,2,4,94,82.7,176.7,100.0,Complete
4245,87,2,5,149,91.9,178.7,100.0,Complete
4246,87,2,6,79,90.0,197.3,80.9,Complete
4247,87,2,7,83,114.7,249.7,71.4,Complete
4248,87,2,8,123,147.7,315.5,60.2,Complete
4249,87,2,9,131,114.3,214.7,74.0,Complete
4250,87,2,10,233,91.0,199.6,85.0,Complete
4251,87,3,1,353,1.5,2.6,75.0,Complete
4252,87,3,2,183,1.3,2.4,69.7,Complete
4253,87,3,3,254,1.6,2.7,74.8,Complete
4254,87,3,4,253,1.4,2.7,64.5,Complete
4255,87,3,5,252,1.4,2.3,88.2,Complete
4256,87,3,6,313,1.2,1.9,100.0,Complete
4257,87,3,7,369,1.4,2.9,64.2,Complete
4258,87,3,8,324,1.4,2.8,72.3,Complete
4259,87,3,9,329,1.1,1.9,100.0,Partial
4260,87,3,10,415,1.2,2.4,76.7,Complete
4261,87,4,1,347,77.5,145.8,73.2,Complete
4262,87,4,2,146,59.2,126.3,82.9,Complete
4263,87,4,3,130,73.9,125.8,75.7,Complete
4264,87,4,4,148,83.6,145.3,71.3,Estimated
4265,87,4,5,100,56.1,113.2,88.0,Partial
4266,87,4,6,154,47.8,105.9,97.8,Complete
4267,87,4,7,131,73.2,158.6,60.6,Partial
4268,87,4,8,75,116.2,198.0,55.2,Complete
4269,87,4,9,311,75.0,132.9,70.0,Complete
4270,87,4,10,230,48.5,106.4,93.4,Complete
4271,87,5,1,149,16.7,35.4,65.0,Complete
4272,87,5,2,75,12.7,27.3,90.0,Complete
4273,87,5,3,121,14.1,30.8,89.5,Complete
4274,87,5,4,87,14.3,28.3,98.6,Complete
4275,87,5,5,97,16.9,34.0,73.6,Complete
4276,87,5,6,263,13.7,27.2,95.6,Complete
4277,87,5,7,77,25.6,50.8,57.1,Partial
4278,87,5,8,125,22.4,43.3,58.6,Complete
4279,87,5,9,320,14.0,28.1,100.0,Complete
4280,87,5,10,197,17.0,31.2,91.2,Partial
4281,87,6,1,328,8.9,17.0,75.9,Complete
4282,87,6,2,403,10.1,17.3,73.2,Complete
4283,87,6,3,191,8.4,15.9,78.1,Complete
4284,87,6,4,250,6.5,14.0,84.6,Partial
4285,87,6,5,246,8.9,17.0,81.5,Complete
4286,87,6,6,190,10.2,17.2,84.8,Complete
4287,87,6,7,338,12.2,20.9,68.0,Partial
4288,87,6,8,249,14.7,26.0,51.5,Complete
4289,87,6,9,333,6.0,13.2,89.1,Complete
4290,87,6,10,452,8.5,17.7,74.2,Complete
4291,87,7,1,315,13.6,30.1,86.0,Complete
4292,87,7,2,281,21.5,37.0,61.9,Complete
4293,87,7,3,257,21.9,37.0,64.9,Partial
4294,87,7,4,230,20.2,35.6,70.9,Complete
4295,87,7,5,301,15.6,32.8,82.3,Complete
4296,87,7,6,115,18.1,32.4,86.4,Complete
4297,87,7,7,97,22.7,39.6,72.1,Complete
4298,87,7,8,125,25.2,43.0,64.4,Complete
4299,87,7,9,136,15.6,28.0,84.4,Complete
4300,87,7,10,388,15.4,26.2,97.9,Complete
4301,87,8,1,165,17.4,36.0,67.3,Complete
4302,87,8,2,180,17.8,30.9,88.5,Complete
4303,87,8,3,177,19.9,34.4,84.2,Estimated
4304,87,8,4,277,18.3,35.8,74.8,Complete
4305,87,8,5,189,16.4,33.4,91.8,Complete
4306,87,8,6,322,17.1,29.4,100.0,Complete
4307,87,8,7,86,21.6,45.8,56.4,Complete
4308,87,8,8,128,24.4,50.8,61.0,Complete
4309,87,8,9,152,18.3,34.7,77.4,Complete
4310,87,8,10,178,12.8,28.2,100.0,Complete
4311,88,1,1,111,150.0,255.3,60.4,Complete
4312,88,1,2,77,127.2,216.9,77.8,Complete
4313,88,1,3,149,86.2,187.8,89.0,Complete
4314,88,1,4,156,102.3,204.1,78.8,Complete
4315,88,1,5,49,99.1,215.1,68.4,Complete
4316,88,1,6,109,136.0,231.3,78.5,Partial
4317,88,1,7,71,148.0,265.0,71.6,Complete
4318,88,1,8,29,139.9,257.8,57.0,Complete
4319,88,1,9,88,107.1,231.9,64.3,Complete
4320,88,1,10,182,102.2,193.2,84.6,Complete
4321,88,2,1,161,126.4,259.1,72.3,Complete
4322,88,2,2,151,93.9,195.6,82.2,Complete
4323,88,2,3,81,103.5,206.6,77.0,Complete
4324,88,2,4,106,95.8,182.5,87.6,Complete
4325,88,2,5,74,106.2,180.9,88.5,Partial
4326,88,2,6,102,124.3,251.5,72.6,Complete
4327,88,2,7,77,173.5,355.9,43.8,Complete
4328,88,2,8,85,131.5,271.8,61.2,Partial
4329,88,2,9,306,123.6,222.2,77.9,Estimated
4330,88,2,10,101,106.6,230.1,72.2,Complete
4331,88,3,1,159,1.5,2.7,68.6,Complete
4332,88,3,2,143,1.1,2.3,89.5,Complete
4333,88,3,3,207,1.1,2.4,80.7,Complete
4334,88,3,4,166,1.2,2.4,74.7,Complete
4335,88,3,5,187,1.2,2.1,86.5,Complete
4336,88,3,6,152,1.3,2.4,80.3,Partial
4337,88,3,7,222,1.9,3.4,48.9,Partial
4338,88,3,8,144,1.8,3.8,49.9,Partial
4339,88,3,9,229,1.1,1.9,98.1,Complete
4340,88,3,10,169,1.1,2.0,92.6,Complete
4341,88,4,1,60,56.4,115.5,78.1,Complete
4342,88,4,2,76,66.7,138.6,72.7,Complete
4343,88,4,3,165,72.7,138.7,76.5,Complete
4344,88,4,4,111,69.3,148.1,78.9,Complete
4345,88,4,5,216,76.7,132.1,69.8,Partial
4346,88,4,6,120,58.1,122.2,91.8,Complete
4347,88,4,7,47,91.0,176.8,51.3,Complete
4348,88,4,8,46,117.9,215.7,52.2,Complete
4349,88,4,9,182,54.6,111.8,96.0,Complete
4350,88,4,10,224,56.3,110.9,92.0,Estimated
4351,88,5,1,39,17.3,30.2,82.1,Complete
4352,88,5,2,172,17.8,32.7,86.5,Complete
4353,88,5,3,55,21.8,39.5,64.1,Complete
4354,88,5,4,180,14.0,30.0,95.5,Complete
4355,88,5,5,82,15.7,34.7,65.8,Complete
4356,88,5,6,168,16.2,27.7,87.9,Complete
4357,88,5,7,53,23.0,41.7,65.2,Complete
4358,88,5,8,92,32.0,55.0,45.8,Complete
4359,88,5,9,53,13.4,29.0,97.0,Complete
4360,88,5,10,120,18.8,31.7,87.0,Complete
4361,88,6,1,167,8.4,15.3,86.8,Complete
4362,88,6,2,209,10.8,18.3,73.0,Complete
4363,88,6,3,145,9.7,17.3,78.3,Partial
4364,88,6,4,191,7.7,15.8,74.5,Complete
4365,88,6,5,186,9.4,16.7,84.9,Partial
4366,88,6,6,196,7.8,15.0,89.0,Complete
4367,88,6,7,221,13.2,25.1,50.9,Complete
4368,88,6,8,172,13.0,25.2,57.8,Complete
4369,88,6,9,184,7.8,15.8,77.8,Partial
4370,88,6,10,273,7.9,13.7,88.3,Complete
4371,88,7,1,174,17.3,32.4,70.7,Complete
4372,88,7,2,59,22.1,38.7,67.6,Complete
4373,88,7,3,147,17.9,36.0,64.0,Complete
4374,88,7,4,152,18.3,35.2,71.7,Complete
4375,88,7,5,251,22.7,38.9,61.6,Complete
4376,88,7,6,193,14.6,30.3,93.6,Complete
4377,88,7,7,95,29.4,55.2,51.5,Complete
4378,88,7,8,88,27.9,48.8,58.4,Estimated
4379,88,7,9,110,17.2,29.1,86.9,Partial
4380,88,7,10,159,19.4,35.3,75.9,Complete
4381,88,8,1,54,18.3,34.4,85.6,Complete
4382,88,8,2,112,17.2,31.2,87.3,Complete
4383,88,8,3,147,17.2,38.0,63.3,Complete
4384,88,8,4,142,18.1,36.7,66.2,Complete
4385,88,8,5,115,13.9,30.0,100.0,Estimated
4386,88,8,6,96,16.0,34.4,77.9,Complete
4387,88,8,7,59,21.8,46.8,66.7,Complete
4388,88,8,8,48,20.2,44.7,68.5,Complete
4389,88,8,9,71,20.0,40.4,69.2,Complete
4390,88,8,10,201,15.8,29.6,95.6,Estimated
4391,89,8,1,51,25.2,44.6,67.1,Complete
4392,89,8,2,17,22.7,50.1,55.5,Complete
4393,89,8,3,25,20.1,39.4,66.0,Partial
4394,89,8,4,34,25.3,51.2,49.3,Complete
4395,89,8,5,18,22.7,43.0,69.9,Complete
4396,89,8,6,33,21.9,44.4,55.0,Estimated
4397,89,8,7,29,37.4,70.9,36.0,Complete
4398,89,8,8,40,30.5,56.7,47.4,Complete
4399,89,8,9,26,23.2,42.5,61.5,Complete
4400,89,8,10,49,19.2,38.8,75.5,Complete
4401,90,1,1,49,114.7,197.8,96.0,Complete
4402,90,1,2,73,88.6,192.5,82.4,Complete
4403,90,1,3,35,107.9,209.7,80.6,Complete
4404,90,1,4,29,83.2,182.4,100.0,Complete
4405,90,1,5,28,111.2,206.7,90.3,Complete
4406,90,1,6,51,92.6,179.9,81.2,Complete
4407,90,1,7,32,186.2,335.9,46.4,Partial
4408,90,1,8,28,169.7,301.0,62.2,Complete
4409,90,1,9,34,106.1,225.8,79.0,Partial
4410,90,1,10,22,130.1,222.8,67.0,Complete
4411,90,8,1,31,21.6,39.1,72.4,Complete
4412,90,8,2,24,20.0,33.7,87.5,Partial
4413,90,8,3,32,17.8,39.3,66.3,Estimated
4414,90,8,4,41,21.6,37.3,74.6,Complete
4415,90,8,5,31,17.0,37.6,67.9,Complete
4416,90,8,6,16,16.6,29.6,86.6,Complete
4417,90,8,7,38,27.0,54.6,44.8,Complete
4418,90,8,8,12,21.4,45.9,66.2,Complete
4419,90,8,9,36,16.3,35.7,72.8,Complete
4420,90,8,10,62,17.0,32.7,93.6,Complete
4421,91,2,1,68,93.9,182.0,100.0,Complete
4422,91,2,2,59,95.5,211.3,82.0,Complete
4423,91,2,3,75,100.8,191.1,82.3,Complete
4424,91,2,4,66,106.3,186.6,88.4,Partial
4425,91,2,5,76,122.9,221.2,68.3,Complete
4426,91,2,6,55,108.9,212.7,70.4,Complete
4427,91,2,7,13,159.4,267.5,66.6,Complete
4428,91,2,8,59,194.3,328.6,51.9,Complete
4429,91,2,9,32,135.2,229.8,82.4,Complete
4430,91,2,10,28,105.5,217.5,78.7,Complete
4431,91,8,1,27,20.8,40.2,75.3,Complete
4432,91,8,2,74,17.1,36.6,85.0,Complete
4433,91,8,3,81,14.1,29.2,96.9,Complete
4434,91,8,4,61,18.2,37.4,69.1,Complete
4435,91,8,5,34,16.2,28.9,99.1,Complete
4436,91,8,6,26,19.8,33.3,76.5,Complete
4437,91,8,7,34,29.0,53.3,49.5,Complete
4438,91,8,8,52,23.4,44.4,64.7,Complete
4439,91,8,9,47,17.9,32.3,81.0,Complete
4440,91,8,10,36,14.8,28.8,100.0,Complete
4441,92,1,1,177,114.5,218.1,76.1,Complete
4442,92,1,2,178,127.4,231.1,64.0,Complete
4443,92,1,3,115,104.1,196.5,86.5,Complete
4444,92,1,4,199,111.6,207.2,85.9,Complete
4445,92,1,5,93,126.2,232.6,68.0,Complete
4446,92,1,6,218,119.8,203.5,88.2,Estimated
4447,92,1,7,90,163.8,295.5,64.2,Complete
4448,92,1,8,88,161.2,328.6,55.4,Complete
4449,92,1,9,184,128.6,234.2,71.3,Complete
4450,92,1,10,138,115.8,197.5,79.7,Complete
4451,92,2,1,123,107.7,186.5,80.8,Complete
4452,92,2,2,161,118.0,240.8,71.8,Complete
4453,92,2,3,162,121.0,205.9,91.9,Complete
4454,92,2,4,226,127.8,228.4,71.2,Complete
4455,92,2,5,88,117.2,221.4,67.8,Complete
4456,92,2,6,156,116.8,205.3,74.2,Partial
4457,92,2,7,115,141.7,265.5,56.2,Complete
4458,92,2,8,51,157.3,316.2,57.1,Partial
4459,92,2,9,114,116.2,226.8,66.4,Complete
4460,92,2,10,113,99.0,206.5,90.2,Complete
4461,92,3,1,393,1.3,2.5,71.9,Complete
4462,92,3,2,168,1.0,2.1,89.2,Complete
4463,92,3,3,206,1.0,2.1,93.9,Complete
4464,92,3,4,234,1.2,2.1,98.9,Complete
4465,92,3,5,304,1.2,2.2,91.9,Complete
4466,92,3,6,195,1.1,2.0,100.0,Complete
4467,92,3,7,266,2.0,3.5,51.8,Complete
4468,92,3,8,180,1.6,3.3,62.6,Complete
4469,92,3,9,180,1.2,2.4,69.5,Complete
4470,92,3,10,219,1.3,2.1,84.8,Complete
4471,92,4,1,109,69.9,124.9,83.3,Complete
4472,92,4,2,131,59.6,124.9,79.5,Complete
4473,92,4,3,191,74.0,127.4,84.5,Complete
4474,92,4,4,211,50.0,109.3,87.2,Complete
4475,92,4,5,197,59.6,108.5,100.0,Partial
4476,92,4,6,235,72.2,140.3,72.3,Complete
4477,92,4,7,49,100.8,174.3,55.5,Complete
4478,92,4,8,121,110.1,188.9,49.1,Complete
4479,92,4,9,193,61.5,128.4,82.4,Complete
4480,92,4,10,131,61.8,130.7,80.6,Complete
4481,92,5,1,185,15.5,33.3,82.8,Complete
4482,92,5,2,191,14.8,30.4,83.2,Complete
4483,92,5,3,105,17.5,37.2,70.7,Complete
4484,92,5,4,136,19.2,32.3,76.3,Complete
4485,92,5,5,68,17.1,30.5,92.1,Complete
4486,92,5,6,128,18.0,36.3,75.3,Complete
4487,92,5,7,93,26.2,45.6,54.1,Complete
4488,92,5,8,70,22.3,48.5,47.3,Complete
4489,92,5,9,74,13.2,28.4,100.0,Complete
4490,92,5,10,148,15.2,28.4,80.0,Complete
4491,92,6,1,272,7.0,14.1,100.0,Complete
4492,92,6,2,237,8.9,16.7,82.6,Complete
4493,92,6,3,174,7.8,17.0,84.7,Complete
4494,92,6,4,174,10.5,18.5,68.2,Complete
4495,92,6,5,153,7.5,14.9,89.1,Complete
4496,92,6,6,187,7.9,14.8,89.5,Complete
4497,92,6,7,192,12.6,26.7,44.6,Complete
4498,92,6,8,316,13.4,22.8,64.4,Complete
4499,92,6,9,246,10.2,17.6,67.4,Complete
4500,92,6,10,261,7.0,14.0,92.5,Complete
4501,92,7,1,226,17.7,34.1,83.3,Complete
4502,92,7,2,141,13.4,29.8,95.0,Estimated
4503,92,7,3,159,18.9,33.1,79.6,Complete
4504,92,7,4,87,16.8,34.3,73.1,Complete
4505,92,7,5,140,17.5,30.1,77.9,Complete
4506,92,7,6,98,16.4,35.9,77.1,Complete
4507,92,7,7,128,25.8,51.2,57.2,Complete
4508,92,7,8,42,19.6,40.0,61.6,Complete
4509,92,7,9,272,16.8,29.4,91.3,Partial
4510,92,7,10,198,13.0,28.5,89.7,Complete
4511,92,8,1,199,19.0,40.5,63.1,Complete
4512,92,8,2,65,16.9,33.1,91.6,Complete
4513,92,8,3,152,18.7,36.5,79.2,Complete
4514,92,8,4,140,16.7,35.1,89.6,Complete
4515,92,8,5,111,19.6,33.0,78.2,Complete
4516,92,8,6,86,16.0,31.1,87.5,Complete
4517,92,8,7,97,27.7,47.5,66.1,Complete
4518,92,8,8,54,25.4,44.0,66.7,Complete
4519,92,8,9,246,16.1,32.2,77.4,Complete
4520,92,8,10,103,16.1,32.7,80.5,Complete
4521,93,1,1,158,136.9,267.7,62.2,Complete
4522,93,1,2,137,120.8,233.9,78.8,Complete
4523,93,1,3,178,106.7,211.6,71.7,Complete
4524,93,1,4,130,103.6,201.9,84.2,Complete
4525,93,1,5,140,95.1,204.8,83.1,Estimated
4526,93,1,6,62,98.2,216.0,78.6,Complete
4527,93,1,7,126,171.6,337.7,46.9,Complete
4528,93,1,8,63,151.0,289.8,54.4,Estimated
4529,93,1,9,113,140.4,242.5,67.9,Partial
4530,93,1,10,279,141.1,243.7,65.8,Complete
4531,93,2,1,192,141.1,240.1,62.9,Partial
4532,93,2,2,119,154.0,274.5,62.4,Complete
4533,93,2,3,162,113.1,212.6,80.5,Complete
4534,93,2,4,187,123.9,214.0,73.6,Complete
4535,93,2,5,91,149.1,255.1,63.4,Complete
4536,93,2,6,124,143.6,255.7,57.5,Complete
4537,93,2,7,62,165.6,328.1,52.9,Complete
4538,93,2,8,53,182.8,320.7,53.0,Complete
4539,93,2,9,289,111.6,244.4,74.0,Complete
4540,93,2,10,105,122.1,237.3,69.4,Complete
4541,93,3,1,234,1.3,2.7,64.8,Complete
4542,93,3,2,153,1.5,3.0,56.5,Complete
4543,93,3,3,116,1.7,3.0,64.0,Complete
4544,93,3,4,236,1.3,2.3,73.6,Complete
4545,93,3,5,198,1.3,2.5,64.7,Complete
4546,93,3,6,262,1.1,2.4,80.3,Estimated
4547,93,3,7,211,1.9,3.7,54.9,Complete
4548,93,3,8,165,1.7,3.2,56.2,Complete
4549,93,3,9,211,1.6,2.8,72.7,Complete
4550,93,3,10,230,1.6,2.7,65.3,Partial
4551,93,4,1,74,90.0,164.4,65.3,Complete
4552,93,4,2,216,72.4,148.5,77.0,Partial
4553,93,4,3,146,79.4,164.2,58.5,Complete
4554,93,4,4,224,68.9,142.2,74.7,Complete
4555,93,4,5,71,96.1,167.9,65.4,Partial
4556,93,4,6,66,80.1,138.9,71.7,Complete
4557,93,4,7,173,104.4,209.4,43.9,Complete
4558,93,4,8,29,96.9,183.5,50.7,Complete
4559,93,4,9,177,70.1,125.0,82.1,Complete
4560,93,4,10,92,71.1,155.5,65.1,Complete
4561,93,5,1,221,19.8,36.7,79.0,Complete
4562,93,5,2,168,21.8,42.6,63.6,Complete
4563,93,5,3,172,18.2,32.2,84.9,Complete
4564,93,5,4,92,18.0,37.7,62.4,Complete
4565,93,5,5,129,22.6,41.1,70.7,Complete
4566,93,5,6,169,21.3,36.6,70.2,Complete
4567,93,5,7,114,28.8,56.9,40.6,Partial
4568,93,5,8,71,33.4,56.3,49.3,Complete
4569,93,5,9,237,16.0,34.1,84.5,Complete
4570,93,5,10,97,16.0,34.0,69.7,Complete
4571,93,6,1,269,9.5,20.9,68.4,Complete
4572,93,6,2,195,10.8,18.5,78.6,Complete
4573,93,6,3,213,8.9,16.4,84.5,Estimated
4574,93,6,4,230,7.9,15.9,90.7,Complete
4575,93,6,5,267,7.4,15.7,83.9,Complete
4576,93,6,6,163,7.3,16.0,78.3,Complete
4577,93,6,7,197,13.3,23.1,49.1,Complete
4578,93,6,8,261,11.3,24.0,52.9,Complete
4579,93,6,9,224,7.7,15.4,92.4,Complete
4580,93,6,10,198,8.5,18.0,75.5,Complete
4581,93,7,1,172,15.7,33.0,84.7,Complete
4582,93,7,2,116,16.3,32.2,78.3,Complete
4583,93,7,3,65,20.2,34.8,79.1,Complete
4584,93,7,4,242,17.0,31.2,86.4,Complete
4585,93,7,5,142,16.5,30.9,79.1,Complete
4586,93,7,6,116,19.4,37.0,75.9,Complete
4587,93,7,7,124,32.2,55.4,41.3,Complete
4588,93,7,8,34,28.3,52.8,53.8,Complete
4589,93,7,9,227,16.4,32.3,88.5,Complete
4590,93,7,10,278,15.6,33.2,80.5,Partial
4591,93,8,1,66,24.2,44.3,66.7,Complete
4592,93,8,2,230,22.1,39.2,62.9,Complete
4593,93,8,3,129,23.8,41.3,74.6,Complete
4594,93,8,4,255,16.9,37.6,69.9,Complete
4595,93,8,5,74,23.0,41.5,66.0,Complete
4596,93,8,6,136,21.8,42.3,73.3,Complete
4597,93,8,7,183,31.7,63.2,39.0,Complete
4598,93,8,8,54,28.0,52.4,57.6,Complete
4599,93,8,9,106,21.8,39.4,65.0,Complete
4600,93,8,10,174,15.8,33.1,81.8,Complete
4601,94,1,1,144,102.1,222.7,71.4,Complete
4602,94,1,2,102,132.8,227.1,77.9,Partial
4603,94,1,3,113,105.0,208.6,76.6,Complete
4604,94,1,4,132,111.8,209.7,87.0,Complete
4605,94,1,5,81,115.1,240.4,67.2,Partial
4606,94,1,6,165,131.0,221.6,81.2,Complete
4607,94,1,7,174,152.8,269.2,56.4,Complete
4608,94,1,8,101,155.4,339.5,49.1,Complete
4609,94,1,9,177,120.2,230.6,75.8,Complete
4610,94,1,10,73,125.0,216.6,86.3,Complete
4611,94,2,1,189,110.2,223.9,73.7,Partial
4612,94,2,2,124,103.1,192.9,86.0,Complete
4613,94,2,3,83,128.7,247.1,66.7,Complete
4614,94,2,4,182,101.9,177.9,93.2,Complete
4615,94,2,5,156,102.5,227.5,76.1,Complete
4616,94,2,6,131,104.0,222.0,76.1,Complete
4617,94,2,7,167,169.9,325.9,57.8,Complete
4618,94,2,8,48,142.3,295.7,63.5,Complete
4619,94,2,9,191,108.0,210.2,85.9,Complete
4620,94,2,10,77,99.7,193.6,88.2,Complete
4621,94,3,1,290,1.3,2.7,69.4,Complete
4622,94,3,2,231,0.9,2.0,92.1,Partial
4623,94,3,3,162,1.2,2.0,100.0,Complete
4624,94,3,4,249,1.3,2.4,69.4,Complete
4625,94,3,5,210,1.2,2.0,82.4,Complete
4626,94,3,6,223,1.1,2.5,74.3,Complete
4627,94,3,7,292,1.4,3.0,69.9,Complete
4628,94,3,8,242,2.2,3.7,44.2,Estimated
4629,94,3,9,232,1.2,2.4,81.9,Complete
4630,94,3,10,348,1.3,2.2,95.6,Partial
4631,94,4,1,147,65.5,135.6,80.4,Partial
4632,94,4,2,77,68.4,130.9,83.4,Complete
4633,94,4,3,155,73.6,152.0,60.2,Complete
4634,94,4,4,131,51.0,108.6,87.6,Complete
4635,94,4,5,225,72.1,123.1,73.5,Complete
4636,94,4,6,160,54.2,109.5,85.1,Estimated
4637,94,4,7,107,95.7,161.6,67.8,Complete
4638,94,4,8,115,104.0,192.4,49.4,Complete
4639,94,4,9,229,58.4,102.8,100.0,Complete
4640,94,4,10,135,54.4,102.9,100.0,Complete
4641,94,5,1,121,17.4,37.4,68.2,Complete
4642,94,5,2,203,14.7,28.8,91.0,Complete
4643,94,5,3,174,16.9,34.7,81.2,Estimated
4644,94,5,4,206,14.2,28.8,92.5,Estimated
4645,94,5,5,175,16.6,28.9,86.3,Complete
4646,94,5,6,82,17.6,35.2,80.1,Complete
4647,94,5,7,47,24.8,51.2,49.2,Complete
4648,94,5,8,136,27.6,46.9,54.0,Partial
4649,94,5,9,127,20.0,34.6,66.3,Partial
4650,94,5,10,122,13.9,27.7,100.0,Complete
4651,94,6,1,269,9.9,18.7,73.5,Complete
4652,94,6,2,243,7.4,13.8,97.1,Complete
4653,94,6,3,157,6.8,14.1,91.1,Complete
4654,94,6,4,308,8.7,17.3,84.2,Complete
4655,94,6,5,259,6.5,14.2,99.2,Complete
4656,94,6,6,221,7.4,15.6,80.1,Complete
4657,94,6,7,132,12.1,24.3,55.4,Complete
4658,94,6,8,142,12.6,24.3,54.5,Complete
4659,94,6,9,316,7.4,13.6,100.0,Complete
4660,94,6,10,296,8.3,14.9,76.1,Complete
4661,94,7,1,127,14.7,29.1,85.4,Complete
4662,94,7,2,145,19.6,35.1,81.6,Complete
4663,94,7,3,115,17.1,28.6,94.3,Complete
4664,94,7,4,158,14.2,30.4,88.7,Complete
4665,94,7,5,104,19.6,33.8,86.2,Complete
4666,94,7,6,97,17.2,35.4,77.3,Complete
4667,94,7,7,75,23.4,51.1,43.9,Complete
4668,94,7,8,34,22.0,40.2,56.7,Complete
4669,94,7,9,221,17.0,28.9,96.9,Complete
4670,94,7,10,190,17.4,30.1,92.7,Complete
4671,94,8,1,117,17.2,32.2,84.2,Complete
4672,94,8,2,56,14.4,31.6,83.1,Partial
4673,94,8,3,89,16.4,35.8,75.5,Complete
4674,94,8,4,199,22.8,38.5,81.0,Complete
4675,94,8,5,112,23.5,39.2,67.9,Complete
4676,94,8,6,179,20.2,37.6,69.7,Complete
4677,94,8,7,79,23.8,41.1,65.7,Complete
4678,94,8,8,54,24.7,43.3,70.5,Complete
4679,94,8,9,64,22.2,37.1,77.6,Complete
4680,94,8,10,125,16.7,28.8,99.3,Complete
4681,95,1,1,253,96.5,211.8,84.1,Complete
4682,95,1,2,349,117.5,207.8,91.7,Complete
4683,95,1,3,346,87.8,191.9,96.4,Complete
4684,95,1,4,133,106.6,219.2,82.0,Complete
4685,95,1,5,66,93.8,159.4,100.0,Complete
4686,95,1,6,242,107.6,189.0,94.3,Estimated
4687,95,1,7,158,128.9,255.7,64.2,Complete
4688,95,1,8,124,143.6,275.2,68.3,Complete
4689,95,1,9,166,117.6,210.1,73.5,Complete
4690,95,1,10,144,84.8,151.9,100.0,Complete
4691,95,2,1,220,101.4,173.8,99.6,Complete
4692,95,2,2,138,120.2,201.2,91.4,Complete
4693,95,2,3,200,93.5,183.8,100.0,Complete
4694,95,2,4,246,86.8,185.9,86.2,Complete
4695,95,2,5,189,75.5,163.5,100.0,Partial
4696,95,2,6,185,99.4,169.8,100.0,Partial
4697,95,2,7,151,140.0,255.5,61.3,Complete
4698,95,2,8,101,133.2,270.6,70.0,Complete
4699,95,2,9,205,106.2,185.4,88.3,Complete
4700,95,2,10,322,102.3,178.9,89.6,Complete
4701,95,3,1,272,1.1,2.1,90.3,Complete
4702,95,3,2,284,1.4,2.3,87.5,Complete
4703,95,3,3,230,1.0,1.9,92.6,Complete
4704,95,3,4,284,1.2,2.2,80.5,Complete
4705,95,3,5,324,1.1,2.1,90.8,Estimated
4706,95,3,6,198,1.2,2.2,84.3,Complete
4707,95,3,7,240,1.4,2.8,69.3,Complete
4708,95,3,8,316,1.8,3.3,55.1,Complete
4709,95,3,9,348,0.8,1.8,100.0,Complete
4710,95,3,10,287,1.2,2.3,86.2,Partial
4711,95,4,1,221,66.3,121.5,78.2,Estimated
4712,95,4,2,82,63.9,134.8,74.4,Complete
4713,95,4,3,175,51.2,112.8,96.9,Complete
4714,95,4,4,126,63.7,106.4,100.0,Complete
4715,95,4,5,137,69.7,122.6,94.5,Complete
4716,95,4,6,163,53.8,100.8,100.0,Complete
4717,95,4,7,97,103.0,187.4,61.3,Complete
4718,95,4,8,65,84.3,171.2,61.8,Complete
4719,95,4,9,269,52.7,108.1,100.0,Complete
4720,95,4,10,200,57.2,124.6,89.8,Complete
4721,95,5,1,109,17.3,29.5,89.8,Complete
4722,95,5,2,163,14.7,31.4,79.0,Complete
4723,95,5,3,197,14.8,28.8,89.4,Complete
4724,95,5,4,253,13.5,27.7,88.9,Complete
4725,95,5,5,201,18.4,31.2,78.7,Complete
4726,95,5,6,281,12.1,25.6,94.1,Complete
4727,95,5,7,123,20.6,40.2,69.1,Complete
4728,95,5,8,139,21.0,41.9,68.7,Complete
4729,95,5,9,253,16.0,29.5,84.3,Complete
4730,95,5,10,334,17.1,28.8,86.1,Complete
4731,95,6,1,309,8.3,14.5,98.4,Complete
4732,95,6,2,253,7.7,17.0,84.8,Complete
4733,95,6,3,369,7.0,14.8,95.4,Complete
4734,95,6,4,339,6.6,13.0,100.0,Complete
4735,95,6,5,193,7.4,12.5,100.0,Complete
4736,95,6,6,236,6.0,12.2,100.0,Complete
4737,95,6,7,185,9.8,17.3,77.3,Partial
4738,95,6,8,304,8.6,18.7,68.8,Complete
4739,95,6,9,275,6.8,15.0,76.6,Complete
4740,95,6,10,297,7.7,13.8,90.8,Complete
4741,95,7,1,153,13.7,29.0,93.8,Complete
4742,95,7,2,185,16.4,34.4,65.3,Complete
4743,95,7,3,179,18.8,33.2,77.6,Complete
4744,95,7,4,142,13.8,25.3,100.0,Complete
4745,95,7,5,236,13.2,25.5,100.0,Complete
4746,95,7,6,191,15.2,32.7,71.5,Complete
4747,95,7,7,180,20.1,41.3,60.6,Complete
4748,95,7,8,112,25.9,44.6,55.4,Complete
4749,95,7,9,361,11.0,23.6,100.0,Complete
4750,95,7,10,197,16.1,30.4,75.4,Complete
4751,95,8,1,268,15.9,28.6,100.0,Complete
4752,95,8,2,191,13.6,27.8,87.2,Complete
4753,95,8,3,164,18.3,31.4,80.6,Complete
4754,95,8,4,284,13.6,27.8,100.0,Complete
4755,95,8,5,206,17.5,35.5,68.4,Partial
4756,95,8,6,217,18.2,31.3,85.5,Complete
4757,95,8,7,113,19.1,39.3,65.6,Complete
4758,95,8,8,116,23.3,41.8,70.1,Complete
4759,95,8,9,256,15.6,29.8,100.0,Complete
4760,95,8,10,227,13.6,29.8,88.5,Complete
4761,96,1,1,170,105.1,203.3,80.4,Complete
4762,96,1,2,348,108.6,188.7,82.8,Complete
4763,96,1,3,375,123.9,244.0,62.7,Complete
4764,96,1,4,541,95.6,211.6,79.5,Complete
4765,96,1,5,165,126.0,241.1,74.7,Complete
4766,96,1,6,493,95.2,179.2,100.0,Complete
4767,96,1,7,420,128.6,251.9,71.8,Complete
4768,96,1,8,143,189.3,338.5,44.4,Complete
4769,96,1,9,404,97.9,211.6,73.7,Complete
4770,96,1,10,589,107.6,192.5,75.6,Complete
4771,96,2,1,444,95.5,180.8,99.3,Complete
4772,96,2,2,232,121.6,203.4,86.6,Complete
4773,96,2,3,323,135.8,230.0,64.1,Complete
4774,96,2,4,231,107.5,188.9,93.1,Complete
4775,96,2,5,163,96.0,210.3,83.2,Complete
4776,96,2,6,333,102.2,207.4,80.7,Complete
4777,96,2,7,263,134.1,297.1,60.1,Complete
4778,96,2,8,140,126.5,253.6,72.2,Complete
4779,96,2,9,124,123.0,216.2,77.5,Complete
4780,96,2,10,383,98.5,194.1,89.5,Complete
4781,96,3,1,405,1.1,2.2,94.0,Complete
4782,96,3,2,443,1.1,2.0,82.5,Complete
4783,96,3,3,531,1.1,2.3,81.6,Partial
4784,96,3,4,567,1.1,2.3,89.7,Complete
4785,96,3,5,557,1.1,2.3,81.2,Complete
4786,96,3,6,600,1.3,2.2,84.8,Complete
4787,96,3,7,583,1.8,3.5,52.9,Estimated
4788,96,3,8,476,1.6,3.1,66.1,Complete
4789,96,3,9,658,1.2,2.1,85.4,Complete
4790,96,3,10,471,1.1,2.0,89.6,Complete
4791,96,4,1,187,83.2,149.0,78.6,Estimated
4792,96,4,2,347,57.8,122.8,82.2,Complete
4793,96,4,3,194,73.5,136.3,71.1,Complete
4794,96,4,4,424,77.1,134.7,68.3,Complete
4795,96,4,5,161,54.0,110.7,82.0,Complete
4796,96,4,6,244,57.1,116.7,87.1,Complete
4797,96,4,7,291,96.7,164.8,69.0,Complete
4798,96,4,8,276,88.0,187.8,49.5,Complete
4799,96,4,9,316,59.7,103.0,87.1,Partial
4800,96,4,10,482,63.1,126.6,82.7,Complete
4801,96,5,1,150,17.1,30.7,84.6,Complete
4802,96,5,2,223,15.5,29.7,88.7,Complete
4803,96,5,3,204,15.7,28.4,89.5,Complete
4804,96,5,4,335,19.2,34.5,74.2,Partial
4805,96,5,5,438,15.1,32.5,75.3,Complete
4806,96,5,6,287,16.2,32.8,73.2,Complete
4807,96,5,7,215,24.7,49.2,56.5,Partial
4808,96,5,8,247,25.7,49.4,56.6,Complete
4809,96,5,9,683,14.9,31.3,84.1,Complete
4810,96,5,10,359,17.6,31.4,73.3,Complete
4811,96,6,1,517,7.8,16.9,68.9,Complete
4812,96,6,2,315,9.6,17.1,80.3,Complete
4813,96,6,3,351,8.9,16.1,88.7,Complete
4814,96,6,4,369,8.8,17.6,75.8,Complete
4815,96,6,5,411,7.0,15.1,81.1,Complete
4816,96,6,6,532,7.8,15.3,88.4,Complete
4817,96,6,7,772,9.6,20.5,62.5,Complete
4818,96,6,8,398,11.8,26.1,53.4,Complete
4819,96,6,9,434,7.5,13.7,84.9,Complete
4820,96,6,10,481,9.4,16.2,74.6,Complete
4821,96,7,1,253,18.5,34.6,81.7,Complete
4822,96,7,2,151,13.9,30.6,92.4,Complete
4823,96,7,3,450,14.4,28.4,96.1,Complete
4824,96,7,4,312,18.6,34.1,81.6,Complete
4825,96,7,5,722,16.7,32.0,72.4,Complete
4826,96,7,6,514,17.8,32.8,77.5,Complete
4827,96,7,7,85,28.4,49.0,52.0,Complete
4828,96,7,8,188,19.8,40.7,61.0,Complete
4829,96,7,9,542,16.6,28.6,97.5,Complete
4830,96,7,10,296,19.8,34.3,67.3,Partial
4831,96,8,1,391,18.8,36.8,68.2,Complete
4832,96,8,2,580,16.9,32.8,86.2,Complete
4833,96,8,3,312,20.4,39.2,67.6,Partial
4834,96,8,4,343,16.5,30.5,94.9,Complete
4835,96,8,5,494,22.6,39.8,77.4,Complete
4836,96,8,6,353,15.9,28.2,89.9,Complete
4837,96,8,7,301,28.2,50.0,59.8,Partial
4838,96,8,8,214,20.6,40.2,74.8,Complete
4839,96,8,9,520,14.6,28.1,93.3,Partial
4840,96,8,10,430,18.3,33.0,87.2,Complete
4841,97,8,1,14,28.9,48.6,64.2,Complete
4842,97,8,2,10,22.7,45.2,63.8,Complete
4843,97,8,3,10,34.4,58.7,52.9,Estimated
4844,97,8,4,23,23.8,44.0,65.0,Complete
4845,97,8,5,44,36.3,60.9,45.3,Complete
4846,97,8,6,18,26.0,50.8,52.5,Complete
4847,97,8,7,18,39.8,69.3,41.1,Complete
4848,97,8,8,16,34.5,63.0,49.3,Complete
4849,97,8,9,18,24.8,44.6,59.4,Complete
4850,97,8,10,16,31.6,57.0,43.0,Complete
4851,98,1,1,70,139.8,242.9,71.5,Estimated
4852,98,1,2,85,106.7,233.7,72.2,Complete
4853,98,1,3,90,104.1,206.6,83.7,Complete
4854,98,1,4,77,111.1,203.3,82.4,Partial
4855,98,1,5,61,134.3,236.8,79.5,Complete
4856,98,1,6,59,110.4,199.2,75.1,Partial
4857,98,1,7,28,172.3,309.1,49.4,Complete
4858,98,1,8,76,168.4,351.0,49.6,Complete
4859,98,1,9,135,122.9,260.7,72.5,Complete
4860,98,1,10,49,106.3,210.5,81.4,Complete
4861,98,2,1,101,103.4,204.7,91.1,Complete
4862,98,2,2,86,112.1,230.8,66.1,Partial
4863,98,2,3,70,134.8,273.6,59.3,Complete
4864,98,2,4,100,120.8,227.8,65.6,Estimated
4865,98,2,5,93,128.7,234.3,69.5,Complete
4866,98,2,6,67,95.5,202.4,72.1,Partial
4867,98,2,7,47,131.9,288.5,62.8,Complete
4868,98,2,8,43,159.4,331.1,56.5,Complete
4869,98,2,9,145,107.9,195.2,82.1,Complete
4870,98,2,10,106,108.4,203.5,86.5,Complete
4871,98,3,1,85,1.6,2.8,59.8,Partial
4872,98,3,2,128,1.1,2.5,76.2,Complete
4873,98,3,3,152,1.5,2.8,67.4,Partial
4874,98,3,4,156,1.3,2.8,62.8,Complete
4875,98,3,5,157,1.4,2.6,80.7,Complete
4876,98,3,6,109,1.5,2.8,57.8,Complete
4877,98,3,7,103,1.7,3.5,53.5,Complete
4878,98,3,8,93,2.0,3.4,49.9,Complete
4879,98,3,9,158,1.5,2.9,66.9,Complete
4880,98,3,10,184,1.3,2.9,60.8,Partial
4881,98,4,1,87,93.4,173.7,61.8,Complete
4882,98,4,2,81,94.5,172.8,64.5,Complete
4883,98,4,3,118,69.8,125.8,76.7,Complete
4884,98,4,4,88,73.3,145.1,64.1,Complete
4885,98,4,5,61,79.2,155.9,63.4,Estimated
4886,98,4,6,77,78.5,148.8,63.5,Complete
4887,98,4,7,42,117.3,229.2,43.9,Complete
4888,98,4,8,42,128.4,217.7,51.0,Complete
4889,98,4,9,132,73.0,135.5,84.4,Partial
4890,98,4,10,103,69.2,135.9,75.5,Complete
4891,98,5,1,151,14.4,31.4,76.6,Complete
4892,98,5,2,114,23.3,39.8,59.0,Complete
4893,98,5,3,135,16.8,34.1,73.9,Partial
4894,98,5,4,100,17.3,32.4,84.9,Complete
4895,98,5,5,96,17.6,35.9,64.5,Partial
4896,98,5,6,67,15.4,30.2,92.2,Complete
4897,98,5,7,19,29.2,56.5,44.8,Partial
4898,98,5,8,63,25.9,55.5,47.1,Complete
4899,98,5,9,78,14.4,31.2,79.4,Complete
4900,98,5,10,55,17.9,33.3,72.0,Complete
4901,98,6,1,97,9.7,18.5,72.1,Complete
4902,98,6,2,113,8.6,18.6,73.9,Complete
4903,98,6,3,112,12.4,20.9,58.2,Complete
4904,98,6,4,125,9.5,19.9,72.2,Complete
4905,98,6,5,82,9.6,17.5,71.0,Complete
4906,98,6,6,125,11.5,19.1,68.9,Complete
4907,98,6,7,112,15.4,26.7,45.1,Complete
4908,98,6,8,125,13.3,23.0,61.3,Complete
4909,98,6,9,93,7.9,15.7,80.4,Complete
4910,98,6,10,177,9.4,18.3,70.8,Partial
4911,98,7,1,83,19.1,41.0,63.8,Estimated
4912,98,7,2,122,21.4,38.6,65.5,Complete
4913,98,7,3,116,17.0,32.6,77.7,Complete
4914,98,7,4,86,18.6,31.4,83.5,Complete
4915,98,7,5,106,15.2,33.1,77.2,Complete
4916,98,7,6,120,19.5,37.7,73.0,Complete
4917,98,7,7,24,32.4,54.1,51.1,Complete
4918,98,7,8,33,23.0,47.8,52.0,Complete
4919,98,7,9,86,16.8,32.8,88.6,Estimated
4920,98,7,10,53,22.6,38.8,66.7,Complete
4921,98,8,1,106,17.7,33.5,92.6,Complete
4922,98,8,2,57,18.6,33.1,86.9,Complete
4923,98,8,3,65,26.7,45.2,58.7,Complete
4924,98,8,4,45,23.9,40.7,74.0,Partial
4925,98,8,5,57,26.0,43.6,65.2,Complete
4926,98,8,6,102,22.5,40.0,69.3,Complete
4927,98,8,7,31,25.7,56.2,50.0,Complete
4928,98,8,8,14,26.7,54.2,49.9,Complete
4929,98,8,9,75,20.7,35.9,67.4,Complete
4930,98,8,10,102,17.3,35.1,74.9,Complete
4931,99,1,1,138,104.5,190.2,77.3,Complete
4932,99,1,2,82,109.0,230.1,70.2,Complete
4933,99,1,3,104,115.3,208.8,89.7,Complete
4934,99,1,4,60,103.9,223.5,74.2,Complete
4935,99,1,5,106,82.2,173.6,86.7,Complete
4936,99,1,6,65,89.8,176.5,83.5,Complete
4937,99,1,7,73,124.4,260.6,63.3,Complete
4938,99,1,8,73,163.9,339.0,49.2,Complete
4939,99,1,9,121,83.8,169.1,100.0,Complete
4940,99,1,10,150,99.8,204.1,91.9,Complete
4941,99,2,1,37,91.5,186.6,80.8,Complete
4942,99,2,2,119,128.8,229.2,65.7,Complete
4943,99,2,3,136,132.1,239.3,75.0,Complete
4944,99,2,4,177,102.7,180.6,84.0,Complete
4945,99,2,5,58,104.5,216.9,74.2,Complete
4946,99,2,6,163,102.6,187.8,97.0,Complete
4947,99,2,7,92,188.5,323.9,53.3,Complete
4948,99,2,8,141,142.4,288.6,61.5,Complete
4949,99,2,9,107,99.3,176.9,100.0,Complete
4950,99,2,10,165,87.7,171.3,100.0,Complete
4951,99,3,1,116,1.5,2.4,71.5,Complete
4952,99,3,2,162,1.1,2.1,76.9,Complete
4953,99,3,3,150,1.2,2.5,67.4,Complete
4954,99,3,4,162,1.2,2.2,89.8,Complete
4955,99,3,5,129,1.5,2.6,75.8,Complete
4956,99,3,6,188,1.4,2.6,63.5,Complete
4957,99,3,7,167,1.8,3.3,57.6,Complete
4958,99,3,8,235,1.6,2.9,72.0,Complete
4959,99,3,9,227,1.1,2.1,88.3,Complete
4960,99,3,10,164,0.9,2.0,88.8,Complete
4961,99,4,1,62,60.1,119.4,98.2,Complete
4962,99,4,2,61,61.7,123.2,84.5,Complete
4963,99,4,3,57,60.6,130.0,85.6,Complete
4964,99,4,4,161,54.2,114.7,81.2,Complete
4965,99,4,5,161,72.3,148.8,75.8,Complete
4966,99,4,6,46,78.8,131.8,77.3,Complete
4967,99,4,7,41,84.5,177.5,64.2,Complete
4968,99,4,8,50,77.9,163.1,61.1,Partial
4969,99,4,9,120,74.4,138.2,68.3,Complete
4970,99,4,10,184,66.7,135.7,67.4,Complete
4971,99,5,1,160,17.8,37.3,61.9,Complete
4972,99,5,2,77,20.9,36.1,78.1,Estimated
4973,99,5,3,114,15.6,33.8,66.6,Partial
4974,99,5,4,72,20.6,35.3,80.2,Partial
4975,99,5,5,117,18.5,33.9,84.4,Complete
4976,99,5,6,125,15.7,29.7,79.1,Partial
4977,99,5,7,76,23.6,45.8,59.1,Complete
4978,99,5,8,40,22.4,43.1,65.5,Partial
4979,99,5,9,169,15.1,33.0,73.7,Complete
4980,99,5,10,173,16.0,27.9,100.0,Complete
4981,99,6,1,157,8.5,15.4,85.7,Complete
4982,99,6,2,227,7.5,16.4,86.3,Complete
4983,99,6,3,134,8.3,16.7,78.6,Complete
4984,99,6,4,182,6.4,14.1,82.0,Complete
4985,99,6,5,151,8.1,17.6,79.1,Estimated
4986,99,6,6,262,8.2,15.4,91.1,Complete
4987,99,6,7,235,10.0,21.2,53.0,Complete
4988,99,6,8,224,13.4,25.4,54.5,Complete
4989,99,6,9,299,6.9,15.3,77.0,Complete
4990,99,6,10,243,7.1,12.8,96.3,Complete
4991,99,7,1,49,19.9,36.0,71.2,Complete
4992,99,7,2,134,19.6,33.6,67.5,Complete
4993,99,7,3,43,17.9,35.5,70.5,Complete
4994,99,7,4,152,14.4,30.6,87.6,Complete
4995,99,7,5,186,15.7,30.0,93.3,Partial
4996,99,7,6,43,15.6,33.4,82.5,Partial
4997,99,7,7,45,31.1,52.3,47.0,Complete
4998,99,7,8,39,24.2,49.1,54.1,Complete
4999,99,7,9,78,13.7,28.1,83.2,Complete
5000,99,7,10,171,20.8,35.4,64.3,Complete
5001,99,8,1,102,17.1,33.5,89.4,Partial
5002,99,8,2,91,17.0,37.7,71.4,Complete
5003,99,8,3,53,19.7,34.4,74.0,Complete
5004,99,8,4,146,15.4,31.5,88.5,Estimated
5005,99,8,5,87,19.2,32.0,86.8,Complete
5006,99,8,6,198,18.4,35.6,72.6,Complete
5007,99,8,7,78,29.6,53.0,50.4,Complete
5008,99,8,8,88,26.9,55.7,49.0,Estimated
5009,99,8,9,178,20.1,34.8,75.5,Complete
5010,99,8,10,221,17.9,33.5,75.7,Complete
5011,100,8,1,58,25.8,51.2,48.5,Complete
5012,100,8,2,64,27.1,55.0,45.0,Partial
5013,100,8,3,28,25.3,42.9,71.5,Complete
5014,100,8,4,59,24.0,43.1,62.4,Complete
5015,100,8,5,44,27.9,50.2,53.0,Complete
5016,100,8,6,20,24.9,44.8,60.1,Complete
5017,100,8,7,13,29.0,62.1,38.8,Complete
5018,100,8,8,38,36.3,67.8,43.9,Complete
5019,100,8,9,22,21.1,39.1,79.9,Complete
5020,100,8,10,57,20.9,43.5,67.7,Partial
5021,101,1,1,40,111.1,235.3,69.7,Complete
5022,101,1,2,62,124.0,212.4,73.2,Complete
5023,101,1,3,52,118.0,220.5,82.1,Partial
5024,101,1,4,62,107.4,210.9,75.4,Complete
5025,101,1,5,102,112.3,226.9,71.1,Estimated
5026,101,1,6,58,120.6,214.8,80.4,Complete
5027,101,1,7,21,197.8,331.2,49.9,Complete
5028,101,1,8,39,123.2,257.6,69.2,Complete
5029,101,1,9,85,102.7,223.8,74.6,Partial
5030,101,1,10,88,110.4,200.6,81.2,Complete
5031,101,2,1,64,103.8,181.0,94.6,Complete
5032,101,2,2,104,124.4,225.6,69.1,Complete
5033,101,2,3,52,110.5,195.5,90.6,Complete
5034,101,2,4,45,91.4,192.4,87.5,Complete
5035,101,2,5,72,133.7,228.4,71.7,Complete
5036,101,2,6,47,110.1,192.0,99.4,Complete
5037,101,2,7,31,132.7,268.9,66.4,Complete
5038,101,2,8,22,139.7,245.6,77.0,Complete
5039,101,2,9,91,102.2,171.8,87.8,Partial
5040,101,2,10,51,84.8,181.8,82.1,Complete
5041,101,4,1,62,77.2,145.5,79.8,Complete
5042,101,4,2,54,56.2,109.9,96.5,Complete
5043,101,4,3,75,67.0,136.3,76.8,Complete
5044,101,4,4,81,65.8,131.0,85.4,Complete
5045,101,4,5,48,68.4,131.2,78.9,Complete
5046,101,4,6,121,60.1,125.4,93.6,Complete
5047,101,4,7,36,98.6,193.9,59.6,Complete
5048,101,4,8,14,94.3,169.8,54.7,Complete
5049,101,4,9,31,57.6,117.8,77.9,Complete
5050,101,4,10,76,79.3,137.4,66.4,Partial
5051,101,5,1,66,15.2,28.8,93.0,Complete
5052,101,5,2,66,13.9,27.8,93.4,Complete
5053,101,5,3,87,20.3,35.4,69.0,Complete
5054,101,5,4,107,17.4,37.1,62.6,Complete
5055,101,5,5,113,20.2,34.3,73.2,Complete
5056,101,5,6,92,16.6,33.6,71.5,Complete
5057,101,5,7,33,22.5,38.9,59.5,Complete
5058,101,5,8,32,19.0,40.1,62.3,Complete
5059,101,5,9,39,19.3,33.7,75.1,Complete
5060,101,5,10,98,18.6,35.0,72.1,Complete
5061,101,7,1,28,18.1,35.9,78.1,Complete
5062,101,7,2,84,18.4,31.6,80.9,Complete
5063,101,7,3,25,16.7,34.2,74.0,Complete
5064,101,7,4,137,17.4,34.9,78.1,Complete
5065,101,7,5,21,17.1,33.5,83.1,Estimated
5066,101,7,6,91,15.8,28.0,93.9,Complete
5067,101,7,7,39,27.4,49.5,48.3,Complete
5068,101,7,8,37,26.2,50.9,45.7,Complete
5069,101,7,9,131,14.0,27.7,100.0,Complete
5070,101,7,10,82,12.4,25.6,100.0,Partial
5071,101,8,1,90,20.4,34.3,72.8,Partial
5072,101,8,2,95,20.2,39.2,66.5,Complete
5073,101,8,3,36,18.2,39.3,64.7,Complete
5074,101,8,4,41,16.8,36.0,74.7,Complete
5075,101,8,5,75,18.9,37.3,78.5,Complete
5076,101,8,6,48,17.7,32.5,80.0,Complete
5077,101,8,7,75,24.9,50.2,49.9,Complete
5078,101,8,8,28,31.7,54.1,46.8,Complete
5079,101,8,9,118,18.2,35.5,79.1,Complete
5080,101,8,10,125,15.3,33.3,74.3,Complete
5081,102,1,1,85,114.2,209.2,78.0,Partial
5082,102,1,2,212,105.3,219.4,76.8,Complete
5083,102,1,3,158,104.9,211.1,71.9,Complete
5084,102,1,4,118,117.1,224.4,72.0,Complete
5085,102,1,5,222,88.8,179.4,95.6,Complete
5086,102,1,6,110,112.2,215.2,69.9,Complete
5087,102,1,7,37,168.2,332.0,47.9,Complete
5088,102,1,8,72,172.4,340.8,45.5,Complete
5089,102,1,9,237,88.7,194.3,75.7,Partial
5090,102,1,10,226,84.6,187.0,88.6,Partial
5091,102,2,1,109,117.0,215.3,70.3,Estimated
5092,102,2,2,224,114.5,221.3,67.8,Complete
5093,102,2,3,204,107.9,222.8,65.7,Complete
5094,102,2,4,112,101.7,175.0,84.1,Partial
5095,102,2,5,239,100.2,198.5,81.9,Complete
5096,102,2,6,125,87.5,177.1,100.0,Partial
5097,102,2,7,31,130.2,249.3,73.4,Complete
5098,102,2,8,141,164.8,335.7,51.6,Complete
5099,102,2,9,153,120.1,234.4,71.9,Complete
5100,102,2,10,230,113.4,214.4,78.4,Partial
5101,102,3,1,298,1.0,2.1,80.1,Complete
5102,102,3,2,205,1.4,2.5,63.8,Complete
5103,102,3,3,175,1.4,2.6,69.8,Complete
5104,102,3,4,204,1.1,2.3,91.7,Complete
5105,102,3,5,218,1.2,2.0,90.3,Complete
5106,102,3,6,207,1.4,2.6,66.2,Complete
5107,102,3,7,272,1.7,3.0,58.6,Estimated
5108,102,3,8,226,1.8,3.2,52.3,Estimated
5109,102,3,9,249,0.8,1.8,100.0,Estimated
5110,102,3,10,289,1.0,2.0,94.1,Complete
5111,102,4,1,151,78.5,154.3,62.6,Complete
5112,102,4,2,100,75.5,134.5,68.2,Complete
5113,102,4,3,170,69.6,141.7,66.3,Complete
5114,102,4,4,160,87.4,146.9,76.8,Complete
5115,102,4,5,307,60.2,108.4,91.8,Complete
5116,102,4,6,107,65.2,117.9,80.2,Complete
5117,102,4,7,82,81.5,153.5,66.9,Complete
5118,102,4,8,73,87.9,172.3,54.1,Complete
5119,102,4,9,269,75.8,135.0,68.7,Partial
5120,102,4,10,266,62.4,121.8,75.9,Partial
5121,102,5,1,138,15.3,29.9,96.9,Complete
5122,102,5,2,246,17.9,37.2,63.2,Complete
5123,102,5,3,242,17.4,34.7,64.6,Complete
5124,102,5,4,63,14.6,30.8,83.9,Complete
5125,102,5,5,140,20.8,35.6,72.2,Complete
5126,102,5,6,221,14.1,30.9,90.2,Complete
5127,102,5,7,64,23.5,44.2,58.4,Complete
5128,102,5,8,60,21.3,47.2,53.8,Partial
5129,102,5,9,118,12.9,26.5,100.0,Complete
5130,102,5,10,91,19.3,33.8,69.4,Estimated
5131,102,6,1,250,7.5,14.0,81.1,Partial
5132,102,6,2,271,7.5,16.5,73.5,Complete
5133,102,6,3,167,8.2,17.0,81.9,Complete
5134,102,6,4,138,9.7,16.1,72.0,Complete
5135,102,6,5,238,8.1,17.2,80.7,Complete
5136,102,6,6,145,6.2,13.3,98.9,Complete
5137,102,6,7,187,12.4,20.8,62.7,Complete
5138,102,6,8,360,11.5,25.5,50.7,Complete
5139,102,6,9,230,9.3,16.8,77.5,Partial
5140,102,6,10,346,7.9,13.2,96.4,Partial
5141,102,7,1,112,15.8,28.8,84.0,Complete
5142,102,7,2,67,19.4,32.4,82.6,Complete
5143,102,7,3,115,19.9,35.5,68.1,Partial
5144,102,7,4,153,18.6,34.3,73.8,Complete
5145,102,7,5,122,18.2,34.5,68.7,Complete
5146,102,7,6,163,15.6,30.4,77.0,Complete
5147,102,7,7,113,17.5,38.5,68.2,Complete
5148,102,7,8,46,24.5,51.3,54.4,Complete
5149,102,7,9,279,15.1,31.2,77.6,Complete
5150,102,7,10,187,16.6,30.5,79.2,Complete
5151,102,8,1,217,15.9,33.8,87.3,Complete
5152,102,8,2,167,16.0,33.2,78.3,Complete
5153,102,8,3,189,18.3,32.7,80.8,Complete
5154,102,8,4,117,13.7,29.2,100.0,Complete
5155,102,8,5,151,20.2,37.4,76.8,Estimated
5156,102,8,6,155,23.6,39.4,66.5,Complete
5157,102,8,7,62,26.2,46.5,64.0,Complete
5158,102,8,8,60,20.8,40.7,62.3,Complete
5159,102,8,9,133,15.6,30.0,94.4,Estimated
5160,102,8,10,91,22.0,37.8,72.0,Complete
5161,103,1,1,21,137.8,229.9,80.1,Complete
5162,103,1,2,47,116.0,200.6,76.0,Complete
5163,103,1,3,71,111.9,189.7,95.2,Complete
5164,103,1,4,22,117.5,216.6,79.1,Complete
5165,103,1,5,74,126.2,228.7,72.3,Complete
5166,103,1,6,46,108.3,221.0,85.0,Complete
5167,103,1,7,41,118.2,250.4,69.7,Complete
5168,103,1,8,29,147.3,307.1,56.1,Complete
5169,103,1,9,76,102.3,186.6,96.7,Complete
5170,103,1,10,44,91.5,171.6,96.4,Partial
5171,103,7,1,42,15.0,29.5,97.4,Complete
5172,103,7,2,51,18.8,32.3,90.1,Partial
5173,103,7,3,25,22.3,37.5,67.6,Complete
5174,103,7,4,40,16.0,28.8,85.1,Estimated
5175,103,7,5,35,15.1,31.8,74.0,Partial
5176,103,7,6,74,15.7,26.4,100.0,Estimated
5177,103,7,7,18,22.3,37.9,75.4,Complete
5178,103,7,8,27,25.3,47.3,52.4,Complete
5179,103,7,9,27,15.5,30.5,83.9,Complete
5180,103,7,10,61,16.6,33.0,81.7,Complete
5181,103,8,1,59,16.7,35.5,68.7,Complete
5182,103,8,2,55,21.8,37.4,65.8,Complete
5183,103,8,3,53,21.4,39.8,78.6,Complete
5184,103,8,4,21,15.4,29.2,84.3,Complete
5185,103,8,5,33,16.1,31.1,81.7,Complete
5186,103,8,6,21,19.5,33.3,89.2,Partial
5187,103,8,7,21,27.9,47.6,60.7,Complete
5188,103,8,8,46,27.4,48.2,65.3,Complete
5189,103,8,9,26,18.7,33.2,84.2,Complete
5190,103,8,10,74,16.3,30.1,82.4,Complete
5191,104,8,1,34,20.8,41.3,71.5,Complete
5192,104,8,2,27,22.7,41.0,59.8,Complete
5193,104,8,3,28,18.5,31.5,95.6,Complete
5194,104,8,4,56,18.6,35.9,77.1,Complete
5195,104,8,5,27,17.5,33.8,83.0,Partial
5196,104,8,6,49,15.2,28.9,100.0,Complete
5197,104,8,7,16,26.3,55.5,56.7,Partial
5198,104,8,8,37,21.8,42.2,60.7,Complete
5199,104,8,9,86,16.2,27.7,86.7,Partial
5200,104,8,10,65,16.5,32.2,74.9,Complete
5201,105,1,1,114,116.6,213.7,86.8,Complete
5202,105,1,2,120,133.0,257.4,68.7,Partial
5203,105,1,3,77,156.7,268.0,56.0,Complete
5204,105,1,4,49,131.2,224.2,69.1,Complete
5205,105,1,5,99,105.8,207.6,86.7,Complete
5206,105,1,6,70,113.5,247.6,67.3,Complete
5207,105,1,7,79,202.7,381.3,45.3,Complete
5208,105,1,8,53,209.1,359.4,51.3,Complete
5209,105,1,9,218,90.4,196.8,76.5,Complete
5210,105,1,10,206,133.0,236.7,77.1,Complete
5211,105,2,1,57,132.7,280.0,52.0,Partial
5212,105,2,2,66,149.3,265.6,65.0,Estimated
5213,105,2,3,188,132.7,261.1,70.9,Complete
5214,105,2,4,104,125.7,237.2,79.1,Complete
5215,105,2,5,114,127.5,263.9,64.7,Complete
5216,105,2,6,85,108.1,224.7,82.7,Complete
5217,105,2,7,51,172.0,366.0,41.0,Complete
5218,105,2,8,59,141.5,275.8,63.4,Complete
5219,105,2,9,211,112.5,227.0,72.3,Complete
5220,105,2,10,129,132.9,261.9,55.9,Complete
5221,105,3,1,312,1.5,2.6,65.6,Complete
5222,105,3,2,198,1.5,2.7,63.5,Complete
5223,105,3,3,185,1.4,2.9,59.9,Complete
5224,105,3,4,238,1.1,2.3,86.5,Complete
5225,105,3,5,130,1.4,2.8,71.7,Complete
5226,105,3,6,248,1.3,2.8,61.5,Complete
5227,105,3,7,170,1.7,3.3,56.1,Complete
5228,105,3,8,196,2.0,3.4,60.1,Estimated
5229,105,3,9,163,1.3,2.6,67.8,Complete
5230,105,3,10,235,1.2,2.1,85.1,Partial
5231,105,4,1,190,72.5,124.3,90.0,Complete
5232,105,4,2,137,85.5,154.4,63.5,Complete
5233,105,4,3,131,64.3,131.3,76.3,Complete
5234,105,4,4,64,72.2,145.6,71.5,Partial
5235,105,4,5,74,75.5,143.2,73.1,Complete
5236,105,4,6,105,62.6,138.6,84.5,Complete
5237,105,4,7,44,105.5,216.3,45.5,Complete
5238,105,4,8,98,87.0,183.3,63.5,Complete
5239,105,4,9,91,59.4,123.7,73.1,Estimated
5240,105,4,10,177,66.2,122.0,89.0,Complete
5241,105,5,1,84,19.3,34.3,82.0,Complete
5242,105,5,2,70,23.6,40.6,62.4,Complete
5243,105,5,3,89,20.6,35.3,66.4,Partial
5244,105,5,4,53,18.7,40.7,67.2,Complete
5245,105,5,5,179,18.2,35.1,66.0,Complete
5246,105,5,6,120,22.0,37.8,66.2,Complete
5247,105,5,7,100,29.1,60.0,45.8,Complete
5248,105,5,8,33,29.2,50.5,56.0,Complete
5249,105,5,9,106,16.5,35.0,77.0,Complete
5250,105,5,10,67,19.6,33.3,70.8,Complete
5251,105,6,1,154,10.9,21.8,65.6,Complete
5252,105,6,2,257,9.3,17.3,77.0,Partial
5253,105,6,3,144,11.7,19.5,63.4,Complete
5254,105,6,4,225,9.6,19.1,73.4,Complete
5255,105,6,5,152,7.9,16.3,76.2,Partial
5256,105,6,6,124,8.5,16.7,82.6,Complete
5257,105,6,7,128,14.9,30.1,41.2,Complete
5258,105,6,8,174,12.3,23.3,62.0,Complete
5259,105,6,9,202,10.7,19.3,75.7,Partial
5260,105,6,10,129,8.3,17.2,65.0,Complete
5261,105,7,1,41,18.2,31.4,89.4,Complete
5262,105,7,2,159,22.5,42.2,65.5,Partial
5263,105,7,3,136,22.2,42.6,62.2,Estimated
5264,105,7,4,121,19.1,35.2,66.8,Complete
5265,105,7,5,91,25.1,42.3,57.2,Complete
5266,105,7,6,63,20.0,38.1,67.0,Complete
5267,105,7,7,54,30.0,59.9,46.0,Complete
5268,105,7,8,68,23.0,48.1,52.7,Complete
5269,105,7,9,205,18.0,31.8,76.6,Complete
5270,105,7,10,188,14.5,31.8,84.9,Complete
5271,105,8,1,182,21.6,37.7,78.8,Complete
5272,105,8,2,122,17.9,35.4,72.8,Partial
5273,105,8,3,127,21.6,36.5,83.5,Complete
5274,105,8,4,159,17.3,36.5,84.4,Complete
5275,105,8,5,75,22.3,43.5,63.5,Estimated
5276,105,8,6,131,24.6,43.3,61.5,Complete
5277,105,8,7,50,36.8,63.4,41.8,Complete
5278,105,8,8,58,25.5,46.3,55.7,Complete
5279,105,8,9,158,19.3,37.8,65.9,Estimated
5280,105,8,10,256,16.8,35.4,85.8,Complete
5281,106,2,1,50,179.3,328.9,47.2,Complete
5282,106,2,2,32,185.8,327.3,52.7,Complete
5283,106,2,3,20,194.5,354.0,49.0,Complete
5284,106,2,4,44,186.9,343.0,54.3,Partial
5285,106,2,5,48,209.7,368.0,45.6,Complete
5286,106,2,6,33,184.5,357.2,51.1,Partial
5287,106,2,7,7,197.5,378.6,47.2,Partial
5288,106,2,8,11,207.8,399.6,37.3,Complete
5289,106,2,9,11,196.3,338.2,43.9,Complete
5290,106,2,10,16,133.5,266.3,58.1,Complete
5291,106,5,1,52,25.5,51.6,45.2,Complete
5292,106,5,2,22,31.6,57.6,46.5,Partial
5293,106,5,3,40,33.1,57.6,47.6,Complete
5294,106,5,4,13,26.5,48.2,55.1,Complete
5295,106,5,5,49,26.0,49.5,58.9,Complete
5296,106,5,6,33,21.9,41.6,55.7,Complete
5297,106,5,7,26,33.7,67.8,42.5,Complete
5298,106,5,8,13,34.3,64.3,42.9,Complete
5299,106,5,9,31,24.9,48.9,56.6,Complete
5300,106,5,10,44,25.8,49.7,57.4,Complete
5301,106,8,1,14,25.1,49.2,49.1,Complete
5302,106,8,2,28,27.2,52.7,53.4,Complete
5303,106,8,3,23,33.5,57.2,50.1,Complete
5304,106,8,4,17,23.9,49.4,55.6,Estimated
5305,106,8,5,46,33.5,57.9,49.8,Partial
5306,106,8,6,47,29.5,52.2,53.9,Complete
5307,106,8,7,11,37.2,70.5,44.4,Complete
5308,106,8,8,21,36.3,66.5,40.5,Estimated
5309,106,8,9,25,30.1,50.8,54.3,Complete
5310,106,8,10,19,23.4,49.0,55.2,Complete
5311,107,2,1,34,125.4,278.3,66.0,Complete
5312,107,2,2,21,148.7,320.0,56.7,Complete
5313,107,2,3,43,151.4,283.1,61.3,Complete
5314,107,2,4,50,179.8,330.4,56.3,Complete
5315,107,2,5,39,177.6,299.8,57.9,Complete
5316,107,2,6,50,118.5,242.7,75.4,Complete
5317,107,2,7,14,156.1,334.9,54.0,Partial
5318,107,2,8,20,219.0,405.3,46.1,Complete
5319,107,2,9,53,133.1,258.9,63.6,Partial
5320,107,2,10,28,142.1,272.0,65.7,Complete
5321,107,4,1,48,82.5,159.1,71.4,Complete
5322,107,4,2,58,94.3,171.4,54.8,Complete
5323,107,4,3,31,89.1,183.9,56.7,Complete
5324,107,4,4,60,87.8,184.9,50.8,Complete
5325,107,4,5,54,80.0,147.8,70.6,Complete
5326,107,4,6,35,90.0,185.2,58.0,Complete
5327,107,4,7,16,152.2,262.8,43.8,Complete
5328,107,4,8,26,143.7,252.6,45.8,Estimated
5329,107,4,9,46,87.8,172.0,52.5,Estimated
5330,107,4,10,90,75.4,142.7,64.2,Complete
5331,107,7,1,44,24.0,45.0,51.9,Complete
5332,107,7,2,21,23.9,39.9,72.5,Complete
5333,107,7,3,26,28.9,50.8,49.8,Complete
5334,107,7,4,46,17.9,37.4,60.4,Complete
5335,107,7,5,23,25.3,42.9,62.9,Complete
5336,107,7,6,26,22.6,40.1,58.1,Complete
5337,107,7,7,12,29.3,55.8,49.5,Complete
5338,107,7,8,13,39.8,66.7,38.9,Complete
5339,107,7,9,16,18.4,39.6,60.4,Complete
5340,107,7,10,66,18.6,35.1,83.7,Complete
5341,107,8,1,56,24.2,44.8,66.5,Complete
5342,107,8,2,49,26.4,50.3,60.4,Complete
5343,107,8,3,23,27.6,54.2,52.8,Complete
5344,107,8,4,48,25.6,43.9,55.4,Complete
5345,107,8,5,32,22.2,46.3,61.5,Complete
5346,107,8,6,46,24.8,49.6,49.6,Complete
5347,107,8,7,14,28.6,57.0,45.8,Complete
5348,107,8,8,10,37.0,65.6,43.5,Complete
5349,107,8,9,47,21.5,46.7,58.8,Complete
5350,107,8,10,44,25.6,49.2,63.8,Complete
5351,108,1,1,89,110.6,187.6,86.9,Complete
5352,108,1,2,61,96.4,187.7,94.0,Complete
5353,108,1,3,154,121.8,235.1,72.8,Complete
5354,108,1,4,39,86.6,189.3,84.2,Complete
5355,108,1,5,90,110.4,194.1,77.8,Complete
5356,108,1,6,192,113.5,201.3,73.3,Partial
5357,108,1,7,105,164.1,288.8,58.0,Complete
5358,108,1,8,76,118.6,260.2,67.8,Complete
5359,108,1,9,159,104.2,213.1,84.0,Complete
5360,108,1,10,236,84.5,159.3,100.0,Complete
5361,108,2,1,145,99.3,215.3,70.5,Complete
5362,108,2,2,136,100.2,214.8,74.1,Complete
5363,108,2,3,112,83.8,178.7,100.0,Partial
5364,108,2,4,60,124.0,214.2,81.5,Complete
5365,108,2,5,174,123.2,224.9,72.9,Complete
5366,108,2,6,206,119.5,218.4,69.4,Complete
5367,108,2,7,102,144.9,291.5,60.5,Estimated
5368,108,2,8,58,158.9,307.4,49.4,Complete
5369,108,2,9,223,99.8,220.5,76.3,Complete
5370,108,2,10,134,76.7,161.5,92.4,Complete
5371,108,3,1,171,1.0,2.0,100.0,Complete
5372,108,3,2,254,1.2,2.5,72.2,Complete
5373,108,3,3,171,1.1,2.4,83.2,Complete
5374,108,3,4,244,1.0,1.9,89.3,Complete
5375,108,3,5,233,1.1,1.9,87.9,Complete
5376,108,3,6,196,1.1,1.9,100.0,Complete
5377,108,3,7,160,1.4,2.9,66.7,Complete
5378,108,3,8,202,1.4,2.9,64.9,Complete
5379,108,3,9,329,1.3,2.3,71.9,Complete
5380,108,3,10,163,1.3,2.2,93.7,Complete
5381,108,4,1,147,72.3,134.5,75.3,Complete
5382,108,4,2,126,87.9,146.5,77.5,Complete
5383,108,4,3,103,77.3,131.7,73.6,Complete
5384,108,4,4,61,62.4,114.3,91.8,Complete
5385,108,4,5,180,74.0,127.9,72.9,Complete
5386,108,4,6,136,55.1,118.8,76.2,Complete
5387,108,4,7,77,70.8,154.3,64.7,Complete
5388,108,4,8,41,83.2,177.1,58.6,Complete
5389,108,4,9,147,62.1,118.9,93.6,Complete
5390,108,4,10,197,69.0,135.9,77.1,Complete
5391,108,5,1,231,18.5,31.6,88.0,Complete
5392,108,5,2,189,15.9,30.7,77.4,Complete
5393,108,5,3,158,14.2,27.9,99.7,Partial
5394,108,5,4,188,16.2,32.2,82.2,Complete
5395,108,5,5,183,20.9,34.9,75.2,Complete
5396,108,5,6,231,13.3,26.8,100.0,Complete
5397,108,5,7,121,19.9,43.0,66.2,Complete
5398,108,5,8,80,17.9,38.4,69.7,Complete
5399,108,5,9,86,13.9,29.8,75.6,Complete
5400,108,5,10,107,16.1,30.2,88.1,Complete
5401,108,6,1,142,8.0,17.5,73.2,Complete
5402,108,6,2,210,8.1,15.9,73.0,Estimated
5403,108,6,3,178,8.9,17.3,67.0,Complete
5404,108,6,4,166,7.3,12.8,95.9,Complete
5405,108,6,5,226,7.4,13.3,100.0,Complete
5406,108,6,6,213,8.3,17.7,71.1,Complete
5407,108,6,7,155,12.0,20.8,60.8,Complete
5408,108,6,8,360,11.6,20.5,64.0,Complete
5409,108,6,9,257,7.7,14.5,85.8,Complete
5410,108,6,10,204,9.2,16.6,76.6,Complete
5411,108,7,1,68,19.9,36.4,70.1,Complete
5412,108,7,2,220,19.1,33.0,78.4,Complete
5413,108,7,3,190,16.9,29.3,79.5,Complete
5414,108,7,4,95,14.8,32.5,73.5,Complete
5415,108,7,5,151,17.0,29.8,88.9,Complete
5416,108,7,6,106,15.8,30.6,74.2,Complete
5417,108,7,7,24,26.3,45.0,57.6,Complete
5418,108,7,8,32,20.9,36.4,79.0,Complete
5419,108,7,9,128,17.1,29.6,97.6,Partial
5420,108,7,10,129,17.4,33.5,73.2,Complete
5421,108,8,1,69,18.1,35.1,77.5,Estimated
5422,108,8,2,64,17.6,37.5,76.1,Complete
5423,108,8,3,78,18.8,35.3,80.1,Complete
5424,108,8,4,153,20.8,36.7,76.3,Complete
5425,108,8,5,130,20.8,38.1,81.9,Complete
5426,108,8,6,156,16.1,35.0,70.4,Estimated
5427,108,8,7,39,23.8,44.9,66.7,Estimated
5428,108,8,8,39,26.5,47.8,60.2,Partial
5429,108,8,9,159,16.5,31.6,89.9,Complete
5430,108,8,10,97,17.2,33.5,82.7,Complete
5431,109,1,1,166,102.1,224.6,75.5,Complete
5432,109,1,2,62,107.5,226.5,78.0,Complete
5433,109,1,3,87,125.3,226.5,67.6,Complete
5434,109,1,4,105,101.6,191.7,84.2,Complete
5435,109,1,5,64,110.4,217.4,74.2,Complete
5436,109,1,6,108,112.8,215.3,80.9,Complete
5437,109,1,7,27,140.0,280.8,67.0,Complete
5438,109,1,8,75,167.7,326.6,51.9,Complete
5439,109,1,9,206,107.9,213.7,84.2,Complete
5440,109,1,10,186,120.6,204.9,72.1,Estimated
5441,109,2,1,84,138.7,241.5,63.5,Complete
5442,109,2,2,70,126.6,248.2,71.2,Complete
5443,109,2,3,74,128.4,234.5,69.9,Complete
5444,109,2,4,82,106.2,203.4,75.6,Complete
5445,109,2,5,98,113.9,231.0,73.7,Complete
5446,109,2,6,116,135.4,230.9,65.6,Complete
5447,109,2,7,78,151.3,273.0,69.1,Estimated
5448,109,2,8,31,130.6,246.9,61.2,Complete
5449,109,2,9,82,90.5,172.3,96.8,Complete
5450,109,2,10,115,114.4,226.0,71.8,Complete
5451,109,3,1,146,1.3,2.6,67.0,Complete
5452,109,3,2,192,1.0,2.1,77.4,Partial
5453,109,3,3,188,1.4,2.5,83.7,Complete
5454,109,3,4,169,1.3,2.4,78.7,Estimated
5455,109,3,5,210,1.3,2.4,81.0,Complete
5456,109,3,6,193,1.0,2.0,100.0,Complete
5457,109,3,7,176,2.2,3.7,49.9,Complete
5458,109,3,8,135,1.5,2.7,61.3,Partial
5459,109,3,9,269,1.3,2.2,87.4,Complete
5460,109,3,10,222,1.0,1.8,100.0,Complete
5461,109,4,1,86,76.2,137.1,73.0,Complete
5462,109,4,2,60,66.7,118.8,91.5,Complete
5463,109,4,3,50,64.8,110.5,100.0,Complete
5464,109,4,4,173,65.3,119.1,85.4,Complete
5465,109,4,5,49,84.7,145.6,72.4,Complete
5466,109,4,6,101,62.7,119.8,77.0,Complete
5467,109,4,7,105,78.5,155.8,72.1,Complete
5468,109,4,8,38,74.6,161.5,58.1,Complete
5469,109,4,9,164,65.8,131.2,75.1,Complete
5470,109,4,10,208,76.4,134.7,79.6,Estimated
5471,109,5,1,122,15.9,33.0,69.4,Complete
5472,109,5,2,127,15.8,29.7,94.8,Complete
5473,109,5,3,69,16.4,29.7,82.9,Partial
5474,109,5,4,152,18.7,36.7,72.2,Complete
5475,109,5,5,132,15.9,30.5,77.0,Partial
5476,109,5,6,163,13.8,29.1,85.0,Complete
5477,109,5,7,59,20.9,41.8,64.0,Partial
5478,109,5,8,107,22.1,48.0,54.7,Complete
5479,109,5,9,85,16.6,29.7,83.5,Complete
5480,109,5,10,68,16.9,33.9,76.7,Complete
5481,109,6,1,248,8.0,17.1,86.1,Complete
5482,109,6,2,122,7.7,16.8,85.9,Complete
5483,109,6,3,214,8.4,15.5,74.2,Estimated
5484,109,6,4,214,8.8,16.5,81.4,Complete
5485,109,6,5,178,8.8,18.0,76.3,Complete
5486,109,6,6,125,7.9,16.3,73.8,Complete
5487,109,6,7,193,14.5,25.2,55.9,Partial
5488,109,6,8,112,10.6,18.9,63.2,Complete
5489,109,6,9,194,6.5,14.3,96.8,Complete
5490,109,6,10,160,9.6,16.2,73.6,Partial
5491,109,7,1,118,16.4,31.2,77.0,Complete
5492,109,7,2,144,15.1,30.5,80.0,Complete
5493,109,7,3,184,19.9,33.7,83.8,Complete
5494,109,7,4,117,17.5,36.7,65.4,Complete
5495,109,7,5,47,15.9,28.0,82.8,Complete
5496,109,7,6,127,15.3,33.6,80.8,Complete
5497,109,7,7,53,21.3,40.9,70.1,Partial
5498,109,7,8,132,23.7,50.8,51.8,Complete
5499,109,7,9,206,14.3,28.3,85.2,Complete
5500,109,7,10,214,16.1,35.2,69.1,Complete
5501,109,8,1,74,19.9,34.3,71.2,Complete
5502,109,8,2,213,18.3,35.9,76.3,Complete
5503,109,8,3,198,15.4,30.4,81.3,Complete
5504,109,8,4,132,23.4,40.3,62.3,Complete
5505,109,8,5,125,18.8,36.2,66.8,Complete
5506,109,8,6,172,22.7,38.7,72.8,Complete
5507,109,8,7,42,26.2,50.6,54.6,Complete
5508,109,8,8,42,21.1,45.2,57.0,Complete
5509,109,8,9,123,17.3,29.1,98.1,Complete
5510,109,8,10,122,16.6,32.8,92.0,Complete
5511,110,1,1,146,147.8,282.1,62.1,Complete
5512,110,1,2,211,137.3,259.9,73.1,Complete
5513,110,1,3,159,145.2,258.1,65.6,Complete
5514,110,1,4,58,121.9,241.4,65.7,Partial
5515,110,1,5,140,133.9,236.3,73.9,Complete
5516,110,1,6,158,100.1,217.6,86.2,Complete
5517,110,1,7,55,136.5,291.3,58.6,Complete
5518,110,1,8,33,203.0,356.7,45.2,Complete
5519,110,1,9,209,117.0,247.3,65.4,Partial
5520,110,1,10,179,130.4,223.2,79.6,Complete
5521,110,2,1,150,120.0,254.6,71.6,Complete
5522,110,2,2,129,119.3,209.0,86.2,Complete
5523,110,2,3,129,121.0,261.1,65.4,Complete
5524,110,2,4,117,119.5,202.4,81.3,Complete
5525,110,2,5,151,111.3,197.5,74.6,Complete
5526,110,2,6,104,119.9,221.2,74.1,Complete
5527,110,2,7,97,165.9,341.6,43.5,Complete
5528,110,2,8,56,196.4,354.7,53.4,Complete
5529,110,2,9,164,145.4,255.7,69.4,Complete
5530,110,2,10,141,104.0,211.1,74.1,Complete
5531,110,3,1,222,1.7,2.9,66.0,Complete
5532,110,3,2,132,1.1,2.3,74.5,Complete
5533,110,3,3,236,1.3,2.6,80.4,Complete
5534,110,3,4,301,1.8,3.0,68.7,Complete
5535,110,3,5,179,1.4,2.5,81.9,Complete
5536,110,3,6,250,1.2,2.3,85.6,Partial
5537,110,3,7,169,2.0,3.7,52.7,Complete
5538,110,3,8,195,1.9,3.3,59.7,Complete
5539,110,3,9,165,1.1,2.2,86.8,Partial
5540,110,3,10,338,1.3,2.8,65.4,Partial
5541,110,4,1,130,77.3,161.6,64.0,Complete
5542,110,4,2,142,80.1,166.4,62.0,Complete
5543,110,4,3,194,94.7,161.9,70.4,Complete
5544,110,4,4,63,78.9,139.5,69.1,Complete
5545,110,4,5,113,72.3,129.9,79.7,Complete
5546,110,4,6,203,73.0,141.3,64.6,Complete
5547,110,4,7,42,117.5,236.5,43.6,Complete
5548,110,4,8,117,98.9,209.9,53.1,Complete
5549,110,4,9,86,53.7,117.5,90.5,Complete
5550,110,4,10,177,70.6,147.8,62.0,Complete
5551,110,5,1,52,17.7,31.7,76.7,Complete
5552,110,5,2,150,16.8,36.6,70.8,Complete
5553,110,5,3,86,18.7,35.3,79.7,Complete
5554,110,5,4,73,20.3,42.3,55.2,Estimated
5555,110,5,5,161,14.4,31.7,86.7,Complete
5556,110,5,6,158,18.1,38.1,73.8,Complete
5557,110,5,7,110,32.5,54.7,53.0,Partial
5558,110,5,8,114,26.2,47.5,51.1,Complete
5559,110,5,9,80,13.8,30.4,87.1,Complete
5560,110,5,10,186,19.1,38.0,65.8,Complete
5561,110,6,1,168,9.1,17.6,63.8,Complete
5562,110,6,2,233,10.1,20.4,55.1,Complete
5563,110,6,3,211,11.2,21.5,64.6,Complete
5564,110,6,4,205,9.6,20.4,65.5,Complete
5565,110,6,5,248,8.8,15.7,89.9,Complete
5566,110,6,6,189,8.4,17.0,68.0,Complete
5567,110,6,7,139,15.5,28.1,44.6,Complete
5568,110,6,8,232,12.3,27.1,49.4,Complete
5569,110,6,9,300,9.4,18.0,66.6,Complete
5570,110,6,10,246,8.1,17.6,71.1,Complete
5571,110,7,1,89,17.0,34.8,64.4,Complete
5572,110,7,2,193,22.0,40.8,71.7,Complete
5573,110,7,3,122,21.5,41.8,61.9,Complete
5574,110,7,4,216,16.6,35.6,67.5,Complete
5575,110,7,5,72,21.0,40.9,58.0,Complete
5576,110,7,6,90,20.5,36.7,76.1,Complete
5577,110,7,7,82,31.8,59.9,47.2,Complete
5578,110,7,8,93,25.1,46.7,54.1,Complete
5579,110,7,9,86,23.7,40.5,61.2,Complete
5580,110,7,10,68,21.4,40.1,56.3,Complete
5581,110,8,1,151,16.7,36.3,70.8,Complete
5582,110,8,2,139,23.5,40.5,64.7,Estimated
5583,110,8,3,171,16.0,34.6,76.5,Complete
5584,110,8,4,171,20.1,44.2,62.4,Complete
5585,110,8,5,87,19.8,42.8,71.1,Complete
5586,110,8,6,235,20.6,37.7,66.8,Complete
5587,110,8,7,86,28.3,58.0,50.8,Partial
5588,110,8,8,58,33.4,59.7,47.6,Complete
5589,110,8,9,235,21.7,39.8,63.0,Complete
5590,110,8,10,173,17.5,34.4,76.0,Complete
5591,111,2,1,58,87.1,180.3,86.4,Complete
5592,111,2,2,41,110.7,190.7,80.0,Complete
5593,111,2,3,50,131.9,226.9,69.0,Complete
5594,111,2,4,25,110.6,205.3,81.1,Complete
5595,111,2,5,97,126.4,225.5,70.7,Complete
5596,111,2,6,56,108.4,218.0,86.1,Complete
5597,111,2,7,60,167.8,297.0,53.1,Complete
5598,111,2,8,37,157.3,286.2,65.6,Complete
5599,111,2,9,85,118.9,205.4,82.3,Complete
5600,111,2,10,122,86.9,165.1,100.0,Complete
5601,111,8,1,96,20.5,35.0,88.0,Complete
5602,111,8,2,82,18.7,31.5,87.4,Complete
5603,111,8,3,25,16.6,29.6,89.4,Complete
5604,111,8,4,69,19.0,36.7,78.9,Complete
5605,111,8,5,47,21.7,38.2,78.4,Complete
5606,111,8,6,103,20.4,36.4,69.3,Partial
5607,111,8,7,35,22.2,42.3,61.7,Complete
5608,111,8,8,24,22.7,46.0,59.8,Complete
5609,111,8,9,80,15.3,32.7,75.6,Complete
5610,111,8,10,80,18.6,33.3,93.2,Complete
5611,112,1,1,41,103.3,182.2,100.0,Complete
5612,112,1,2,28,108.9,231.7,76.9,Complete
5613,112,1,3,53,98.4,193.0,78.5,Complete
5614,112,1,4,39,99.0,215.2,79.8,Complete
5615,112,1,5,59,99.7,203.8,86.0,Complete
5616,112,1,6,30,104.3,209.6,82.4,Complete
5617,112,1,7,23,178.6,311.2,50.8,Complete
5618,112,1,8,40,162.2,332.4,56.1,Complete
5619,112,1,9,58,119.8,214.6,86.7,Complete
5620,112,1,10,64,112.3,192.8,77.9,Complete
5621,112,8,1,53,19.7,33.2,94.6,Complete
5622,112,8,2,35,17.0,36.8,66.0,Complete
5623,112,8,3,26,20.5,39.9,61.9,Complete
5624,112,8,4,30,20.4,39.0,80.2,Complete
5625,112,8,5,23,18.0,31.2,93.0,Complete
5626,112,8,6,50,16.6,32.7,80.8,Complete
5627,112,8,7,28,22.3,47.0,66.0,Complete
5628,112,8,8,7,23.5,42.0,74.1,Complete
5629,112,8,9,57,21.5,37.8,77.4,Complete
5630,112,8,10,47,13.8,29.0,98.8,Complete
5631,113,1,1,142,113.3,222.5,85.4,Partial
5632,113,1,2,128,109.8,206.9,89.0,Complete
5633,113,1,3,162,81.7,165.4,100.0,Complete
5634,113,1,4,163,130.6,218.3,75.4,Complete
5635,113,1,5,125,95.1,180.9,88.5,Complete
5636,113,1,6,136,124.4,216.4,81.1,Complete
5637,113,1,7,79,157.4,297.0,62.9,Complete
5638,113,1,8,94,174.1,291.0,56.1,Complete
5639,113,1,9,63,79.9,169.2,88.0,Complete
5640,113,1,10,234,75.4,164.3,100.0,Complete
5641,113,2,1,138,94.0,168.5,87.3,Complete
5642,113,2,2,88,82.2,167.8,100.0,Complete
5643,113,2,3,172,99.4,193.8,92.2,Complete
5644,113,2,4,188,83.3,167.6,100.0,Complete
5645,113,2,5,73,86.6,167.7,91.2,Complete
5646,113,2,6,160,111.3,217.4,70.2,Complete
5647,113,2,7,67,166.9,310.0,50.1,Complete
5648,113,2,8,76,155.0,267.2,70.0,Estimated
5649,113,2,9,129,82.2,152.2,100.0,Complete
5650,113,2,10,99,107.0,188.0,80.3,Complete
5651,113,3,1,275,1.2,2.1,90.0,Partial
5652,113,3,2,277,1.1,2.2,77.6,Complete
5653,113,3,3,207,1.2,2.2,77.6,Complete
5654,113,3,4,239,1.2,2.0,95.9,Complete
5655,113,3,5,146,0.8,1.8,100.0,Complete
5656,113,3,6,146,1.1,2.1,81.1,Complete
5657,113,3,7,250,1.6,3.2,50.2,Complete
5658,113,3,8,191,1.9,3.3,49.3,Complete
5659,113,3,9,228,1.2,2.3,70.3,Complete
5660,113,3,10,210,1.1,1.9,89.5,Complete
5661,113,4,1,160,49.2,105.6,92.9,Partial
5662,113,4,2,91,81.0,135.8,73.7,Complete
5663,113,4,3,157,54.1,105.6,88.6,Complete
5664,113,4,4,224,59.0,118.8,92.5,Estimated
5665,113,4,5,96,56.1,117.3,81.4,Complete
5666,113,4,6,79,52.0,112.8,80.7,Complete
5667,113,4,7,53,90.2,164.0,69.6,Complete
5668,113,4,8,47,95.2,189.2,60.3,Complete
5669,113,4,9,192,65.3,118.5,93.0,Partial
5670,113,4,10,159,66.0,121.7,81.8,Complete
5671,113,5,1,123,14.3,25.9,100.0,Complete
5672,113,5,2,156,16.6,32.0,85.6,Complete
5673,113,5,3,205,16.0,33.8,85.8,Complete
5674,113,5,4,92,17.0,33.5,79.5,Complete
5675,113,5,5,117,13.2,27.7,93.2,Complete
5676,113,5,6,113,19.0,33.2,69.0,Partial
5677,113,5,7,124,25.5,46.7,52.3,Complete
5678,113,5,8,104,19.8,39.6,64.2,Complete
5679,113,5,9,89,14.4,24.9,100.0,Complete
5680,113,5,10,75,15.5,31.4,73.2,Complete
5681,113,6,1,203,9.8,16.5,68.5,Complete
5682,113,6,2,274,7.8,15.5,87.2,Complete
5683,113,6,3,209,6.0,12.5,95.1,Complete
5684,113,6,4,204,6.8,13.1,100.0,Complete
5685,113,6,5,171,7.3,12.3,100.0,Complete
5686,113,6,6,247,9.6,16.3,81.2,Complete
5687,113,6,7,209,9.9,18.2,73.6,Complete
5688,113,6,8,236,10.5,19.0,63.3,Complete
5689,113,6,9,215,7.2,12.4,100.0,Complete
5690,113,6,10,194,8.1,15.9,85.6,Complete
5691,113,7,1,166,16.5,27.7,95.1,Complete
5692,113,7,2,179,16.6,33.3,87.5,Complete
5693,113,7,3,112,16.7,33.6,81.8,Complete
5694,113,7,4,70,13.8,27.7,100.0,Complete
5695,113,7,5,145,14.2,28.8,85.2,Complete
5696,113,7,6,118,14.3,29.1,94.6,Complete
5697,113,7,7,86,17.7,36.0,78.8,Complete
5698,113,7,8,34,21.9,38.6,64.2,Estimated
5699,113,7,9,107,13.5,25.1,100.0,Complete
5700,113,7,10,123,14.4,27.8,94.7,Complete
5701,113,8,1,77,14.0,27.4,100.0,Complete
5702,113,8,2,164,17.4,33.7,74.4,Partial
5703,113,8,3,156,16.2,34.5,90.3,Complete
5704,113,8,4,163,17.9,30.9,90.7,Complete
5705,113,8,5,173,14.8,30.5,83.3,Complete
5706,113,8,6,86,17.7,35.0,78.4,Complete
5707,113,8,7,41,27.0,49.2,61.6,Complete
5708,113,8,8,54,20.6,40.5,60.2,Complete
5709,113,8,9,211,14.8,27.5,100.0,Complete
5710,113,8,10,153,18.6,31.9,86.3,Estimated
5711,114,8,1,12,21.8,40.3,62.3,Partial
5712,114,8,2,24,23.5,40.7,61.3,Partial
5713,114,8,3,37,16.2,34.1,74.4,Complete
5714,114,8,4,51,21.2,36.3,70.2,Complete
5715,114,8,5,49,16.1,33.6,87.9,Estimated
5716,114,8,6,19,16.4,30.1,90.3,Complete
5717,114,8,7,8,29.5,52.3,59.7,Complete
5718,114,8,8,23,27.9,50.3,51.7,Estimated
5719,114,8,9,26,17.0,29.5,100.0,Complete
5720,114,8,10,66,19.0,36.2,78.8,Complete
5721,115,1,1,26,102.8,219.1,70.6,Estimated
5722,115,1,2,53,115.5,215.9,74.3,Complete
5723,115,1,3,54,107.8,192.7,84.8,Complete
5724,115,1,4,62,85.2,175.9,96.1,Complete
5725,115,1,5,33,84.4,164.3,100.0,Complete
5726,115,1,6,46,84.9,157.8,100.0,Partial
5727,115,1,7,15,152.7,291.5,60.4,Complete
5728,115,1,8,22,116.5,240.0,70.5,Complete
5729,115,1,9,20,87.1,159.1,100.0,Complete
5730,115,1,10,27,91.1,165.9,100.0,Complete
5731,115,8,1,41,20.1,35.1,81.2,Complete
5732,115,8,2,48,19.3,34.6,82.1,Complete
5733,115,8,3,30,15.7,28.7,100.0,Complete
5734,115,8,4,41,17.4,34.8,89.8,Complete
5735,115,8,5,41,13.4,29.4,85.5,Complete
5736,115,8,6,42,14.8,30.2,81.1,Complete
5737,115,8,7,26,23.6,42.8,69.3,Complete
5738,115,8,8,15,24.1,41.8,72.3,Complete
5739,115,8,9,24,19.7,33.2,75.9,Complete
5740,115,8,10,35,14.6,28.1,100.0,Complete
5741,116,1,1,43,127.0,248.4,75.7,Complete
5742,116,1,2,133,108.6,240.3,71.0,Complete
5743,116,1,3,110,107.9,198.9,86.8,Complete
5744,116,1,4,102,122.9,233.1,73.9,Complete
5745,116,1,5,43,100.3,195.3,80.1,Complete
5746,116,1,6,127,127.9,222.6,76.1,Partial
5747,116,1,7,72,170.9,285.3,64.2,Complete
5748,116,1,8,52,199.7,340.2,50.4,Complete
5749,116,1,9,112,108.8,208.3,78.4,Complete
5750,116,1,10,141,106.7,230.1,82.3,Complete
5751,116,2,1,80,128.4,262.5,61.9,Complete
5752,116,2,2,61,135.4,263.8,65.7,Complete
5753,116,2,3,128,135.0,267.4,60.6,Complete
5754,116,2,4,107,138.9,261.7,66.4,Complete
5755,116,2,5,143,107.6,199.5,78.6,Complete
5756,116,2,6,152,131.5,230.6,81.1,Partial
5757,116,2,7,63,206.7,345.0,53.7,Complete
5758,116,2,8,63,166.9,333.5,52.1,Complete
5759,116,2,9,133,133.3,230.7,80.9,Complete
5760,116,2,10,53,104.2,210.2,87.7,Complete
5761,116,3,1,105,1.3,2.7,75.9,Complete
5762,116,3,2,137,1.3,2.6,69.5,Complete
5763,116,3,3,131,1.3,2.9,65.4,Partial
5764,116,3,4,136,1.6,2.9,58.8,Complete
5765,116,3,5,85,1.1,2.5,69.0,Complete
5766,116,3,6,146,1.6,2.9,58.4,Complete
5767,116,3,7,124,2.0,3.5,56.5,Complete
5768,116,3,8,144,2.0,4.3,44.8,Complete
5769,116,3,9,151,1.3,2.3,68.8,Complete
5770,116,3,10,167,1.1,2.1,93.2,Partial
5771,116,4,1,48,73.2,146.2,67.3,Complete
5772,116,4,2,117,59.8,132.1,77.3,Partial
5773,116,4,3,42,72.4,141.0,75.4,Complete
5774,116,4,4,129,78.7,162.1,56.1,Complete
5775,116,4,5,68,77.9,141.3,79.5,Estimated
5776,116,4,6,57,70.8,136.5,67.5,Complete
5777,116,4,7,47,113.2,240.1,44.4,Complete
5778,116,4,8,47,122.1,227.7,47.1,Partial
5779,116,4,9,77,91.7,158.6,66.5,Complete
5780,116,4,10,164,93.8,157.2,69.5,Complete
5781,116,5,1,80,18.8,33.0,80.8,Complete
5782,116,5,2,94,19.1,33.5,79.2,Complete
5783,116,5,3,137,15.9,33.1,79.6,Complete
5784,116,5,4,104,20.5,37.1,77.9,Complete
5785,116,5,5,60,24.1,41.7,60.8,Complete
5786,116,5,6,116,18.5,37.8,65.7,Complete
5787,116,5,7,81,19.8,43.9,58.2,Partial
5788,116,5,8,38,28.4,57.4,44.0,Complete
5789,116,5,9,77,17.8,35.6,74.3,Partial
5790,116,5,10,113,21.9,36.6,65.6,Complete
5791,116,6,1,143,7.8,16.9,75.6,Complete
5792,116,6,2,103,11.1,18.9,70.4,Complete
5793,116,6,3,145,10.5,21.3,68.7,Complete
5794,116,6,4,114,10.4,18.1,74.8,Complete
5795,116,6,5,130,10.8,20.8,68.0,Complete
5796,116,6,6,185,8.6,18.4,65.7,Partial
5797,116,6,7,159,15.1,26.9,52.1,Complete
5798,116,6,8,182,14.6,29.0,48.9,Complete
5799,116,6,9,206,7.7,16.0,82.2,Complete
5800,116,6,10,195,9.3,17.0,81.3,Complete
5801,116,7,1,48,22.7,38.6,65.7,Complete
5802,116,7,2,62,25.3,42.5,64.3,Complete
5803,116,7,3,78,16.4,31.0,73.8,Complete
5804,116,7,4,110,19.0,33.7,80.0,Complete
5805,116,7,5,93,19.6,36.7,71.1,Complete
5806,116,7,6,85,20.1,40.1,61.2,Complete
5807,116,7,7,30,29.7,54.6,51.2,Complete
5808,116,7,8,25,32.9,56.5,45.7,Estimated
5809,116,7,9,97,15.7,33.1,68.9,Complete
5810,116,7,10,168,17.0,28.7,83.2,Complete
5811,116,8,1,74,21.6,41.7,63.1,Partial
5812,116,8,2,184,25.4,45.2,56.5,Partial
5813,116,8,3,107,15.3,33.1,91.5,Complete
5814,116,8,4,89,23.9,41.5,62.9,Estimated
5815,116,8,5,115,20.8,43.6,60.8,Complete
5816,116,8,6,80,18.6,32.8,96.0,Complete
5817,116,8,7,41,27.7,50.5,58.4,Partial
5818,116,8,8,87,24.6,54.3,44.6,Estimated
5819,116,8,9,65,22.3,38.4,80.4,Partial
5820,116,8,10,88,23.6,42.6,59.5,Partial
5821,117,1,1,114,118.9,225.7,80.1,Partial
5822,117,1,2,73,102.4,187.6,87.7,Complete
5823,117,1,3,166,107.0,206.6,82.3,Complete
5824,117,1,4,75,123.0,231.8,81.8,Partial
5825,117,1,5,92,90.0,180.7,93.1,Complete
5826,117,1,6,58,127.8,231.0,75.8,Complete
5827,117,1,7,59,138.6,263.9,58.1,Complete
5828,117,1,8,59,195.9,341.2,45.4,Partial
5829,117,1,9,98,99.1,191.4,86.5,Complete
5830,117,1,10,119,100.9,190.7,92.9,Complete
5831,117,2,1,75,123.7,230.3,75.2,Complete
5832,117,2,2,161,118.1,255.7,74.7,Complete
5833,117,2,3,168,139.5,246.7,61.4,Complete
5834,117,2,4,191,110.4,240.1,76.6,Complete
5835,117,2,5,125,108.7,208.8,90.6,Complete
5836,117,2,6,129,118.3,247.7,63.2,Partial
5837,117,2,7,76,146.0,317.8,60.0,Complete
5838,117,2,8,28,195.1,345.8,45.6,Complete
5839,117,2,9,67,129.6,225.4,78.0,Complete
5840,117,2,10,103,129.0,230.8,75.7,Complete
5841,117,3,1,176,1.5,2.9,65.6,Complete
5842,117,3,2,174,1.3,2.6,79.7,Complete
5843,117,3,3,195,1.5,2.7,72.6,Partial
5844,117,3,4,200,1.0,2.1,82.1,Complete
5845,117,3,5,147,1.4,2.6,69.1,Complete
5846,117,3,6,229,1.1,2.3,89.3,Complete
5847,117,3,7,119,1.9,3.6,48.5,Complete
5848,117,3,8,157,2.1,3.5,46.3,Complete
5849,117,3,9,247,1.2,2.1,95.7,Complete
5850,117,3,10,188,1.5,2.6,62.1,Complete
5851,117,4,1,154,71.9,152.9,64.0,Complete
5852,117,4,2,107,57.4,119.6,80.3,Complete
5853,117,4,3,52,78.0,130.5,87.1,Complete
5854,117,4,4,180,57.5,115.8,100.0,Partial
5855,117,4,5,152,64.9,122.6,94.2,Complete
5856,117,4,6,81,75.5,131.7,69.4,Complete
5857,117,4,7,40,92.3,199.4,50.0,Complete
5858,117,4,8,77,82.8,182.5,64.0,Complete
5859,117,4,9,210,80.3,150.5,75.6,Complete
5860,117,4,10,94,60.1,128.8,88.8,Complete
5861,117,5,1,137,20.3,37.3,70.9,Complete
5862,117,5,2,72,20.7,36.7,77.4,Complete
5863,117,5,3,147,18.9,37.5,69.6,Complete
5864,117,5,4,119,17.3,30.4,81.6,Complete
5865,117,5,5,50,16.3,30.7,85.0,Complete
5866,117,5,6,173,13.9,28.8,97.4,Complete
5867,117,5,7,73,24.2,41.6,68.0,Complete
5868,117,5,8,76,23.2,46.9,57.8,Complete
5869,117,5,9,155,15.8,28.9,83.2,Complete
5870,117,5,10,99,17.2,30.4,74.9,Complete
5871,117,6,1,215,11.1,20.1,71.3,Complete
5872,117,6,2,216,9.3,15.9,78.5,Complete
5873,117,6,3,101,10.3,18.4,76.6,Complete
5874,117,6,4,238,8.0,15.6,77.5,Complete
5875,117,6,5,124,7.2,15.6,77.6,Complete
5876,117,6,6,108,9.4,16.9,80.9,Complete
5877,117,6,7,120,14.8,25.2,48.3,Complete
5878,117,6,8,194,11.6,24.3,47.9,Complete
5879,117,6,9,224,10.2,18.2,66.5,Complete
5880,117,6,10,221,9.2,16.6,85.1,Complete
5881,117,7,1,155,20.5,38.6,68.0,Complete
5882,117,7,2,130,21.4,39.0,58.1,Complete
5883,117,7,3,79,18.8,39.6,70.9,Partial
5884,117,7,4,84,21.4,38.2,74.1,Complete
5885,117,7,5,56,17.2,34.9,84.2,Estimated
5886,117,7,6,65,17.8,36.4,80.4,Complete
5887,117,7,7,29,24.8,50.8,54.7,Complete
5888,117,7,8,99,27.9,49.4,59.2,Complete
5889,117,7,9,172,15.6,33.8,68.7,Complete
5890,117,7,10,222,19.3,37.1,78.5,Complete
5891,117,8,1,98,17.7,30.7,100.0,Complete
5892,117,8,2,47,25.2,42.4,63.5,Complete
5893,117,8,3,58,21.9,39.4,69.2,Partial
5894,117,8,4,64,15.9,30.3,88.8,Complete
5895,117,8,5,88,15.2,32.6,89.8,Complete
5896,117,8,6,127,16.0,31.2,77.7,Complete
5897,117,8,7,112,24.3,49.7,50.5,Complete
5898,117,8,8,46,25.4,55.0,44.1,Complete
5899,117,8,9,184,14.5,31.8,80.2,Complete
5900,117,8,10,70,18.2,36.5,82.3,Complete
5901,118,1,1,100,166.4,309.7,57.1,Complete
5902,118,1,2,51,125.6,274.9,56.4,Complete
5903,118,1,3,87,122.1,237.1,65.0,Complete
5904,118,1,4,75,179.8,305.1,48.2,Complete
5905,118,1,5,87,118.7,224.2,67.6,Complete
5906,118,1,6,62,163.3,298.7,57.9,Complete
5907,118,1,7,48,204.1,363.9,49.3,Complete
5908,118,1,8,24,203.4,393.2,43.2,Complete
5909,118,1,9,43,158.5,273.5,64.6,Complete
5910,118,1,10,139,106.5,235.2,76.6,Partial
5911,118,2,1,117,158.0,290.3,55.7,Complete
5912,118,2,2,89,125.2,274.2,61.8,Complete
5913,118,2,3,89,142.1,286.8,61.0,Partial
5914,118,2,4,69,146.8,273.7,54.2,Complete
5915,118,2,5,88,154.6,286.3,55.8,Complete
5916,118,2,6,44,137.8,240.9,70.3,Partial
5917,118,2,7,40,192.9,326.2,58.4,Complete
5918,118,2,8,26,232.8,440.9,33.5,Complete
5919,118,2,9,89,143.3,277.0,57.8,Complete
5920,118,2,10,53,132.7,238.8,69.7,Partial
5921,118,7,1,64,27.4,46.4,51.1,Estimated
5922,118,7,2,104,17.9,37.5,73.7,Complete
5923,118,7,3,117,22.5,44.7,61.2,Complete
5924,118,7,4,102,21.7,42.4,65.8,Complete
5925,118,7,5,107,19.5,38.5,68.6,Complete
5926,118,7,6,87,25.2,42.4,58.1,Complete
5927,118,7,7,27,29.6,53.9,42.4,Complete
5928,118,7,8,20,35.8,66.3,36.5,Complete
5929,118,7,9,118,19.4,36.2,68.7,Complete
5930,118,7,10,42,23.8,40.5,63.0,Complete
5931,118,8,1,36,23.9,42.8,60.4,Complete
5932,118,8,2,46,26.7,44.8,61.5,Complete
5933,118,8,3,35,26.4,45.8,64.3,Complete
5934,118,8,4,89,23.2,50.3,62.6,Complete
5935,118,8,5,47,18.3,37.8,75.7,Complete
5936,118,8,6,87,21.4,39.0,63.7,Estimated
5937,118,8,7,48,29.0,55.5,47.5,Complete
5938,118,8,8,39,33.0,70.8,37.4,Complete
5939,118,8,9,64,26.0,44.4,58.4,Complete
5940,118,8,10,123,23.2,42.9,60.1,Complete
5941,119,1,1,116,132.0,234.3,81.5,Complete
5942,119,1,2,123,139.5,267.2,69.6,Estimated
5943,119,1,3,92,121.1,252.0,64.0,Estimated
5944,119,1,4,58,135.5,233.4,76.2,Complete
5945,119,1,5,47,109.8,237.9,72.5,Complete
5946,119,1,6,89,107.5,220.8,70.3,Complete
5947,119,1,7,85,144.4,293.8,49.7,Partial
5948,119,1,8,52,168.7,367.1,47.5,Complete
5949,119,1,9,105,136.8,234.9,66.2,Complete
5950,119,1,10,50,118.8,225.4,67.9,Complete
5951,119,2,1,133,146.9,245.1,59.6,Complete
5952,119,2,2,42,120.7,247.4,64.0,Complete
5953,119,2,3,36,124.9,250.6,66.6,Complete
5954,119,2,4,120,113.9,208.8,89.8,Complete
5955,119,2,5,85,129.2,219.3,76.4,Complete
5956,119,2,6,115,119.2,262.1,59.2,Complete
5957,119,2,7,32,183.0,359.2,47.9,Complete
5958,119,2,8,31,180.9,332.9,57.2,Complete
5959,119,2,9,130,130.6,252.0,63.2,Partial
5960,119,2,10,169,100.7,206.3,85.8,Complete
5961,119,3,1,134,1.3,2.8,72.0,Partial
5962,119,3,2,97,1.5,3.0,69.3,Estimated
5963,119,3,3,140,1.4,2.6,64.8,Complete
5964,119,3,4,112,1.2,2.5,69.1,Complete
5965,119,3,5,107,1.4,2.6,63.2,Complete
5966,119,3,6,105,1.2,2.4,76.8,Complete
5967,119,3,7,164,2.1,4.1,46.4,Complete
5968,119,3,8,187,1.7,3.7,53.3,Complete
5969,119,3,9,197,1.5,2.5,73.5,Complete
5970,119,3,10,148,1.5,2.5,81.7,Complete
5971,119,4,1,118,94.6,164.5,58.0,Complete
5972,119,4,2,53,72.5,142.7,73.1,Estimated
5973,119,4,3,134,70.1,143.5,63.2,Complete
5974,119,4,4,110,58.7,127.4,70.4,Complete
5975,119,4,5,91,81.2,154.3,73.4,Complete
5976,119,4,6,62,77.2,149.5,60.8,Complete
5977,119,4,7,52,117.9,206.5,52.8,Complete
5978,119,4,8,44,102.0,183.8,58.8,Complete
5979,119,4,9,37,64.6,127.9,83.4,Complete
5980,119,4,10,101,63.4,127.1,81.0,Complete
5981,119,5,1,82,16.1,32.8,85.0,Complete
5982,119,5,2,61,20.1,39.4,59.8,Complete
5983,119,5,3,56,20.2,37.9,68.4,Complete
5984,119,5,4,72,22.6,39.0,59.7,Complete
5985,119,5,5,62,18.2,31.1,82.7,Complete
5986,119,5,6,50,17.5,33.4,80.5,Complete
5987,119,5,7,47,27.2,49.7,45.8,Complete
5988,119,5,8,58,29.6,57.3,49.5,Complete
5989,119,5,9,198,17.0,35.7,73.8,Complete
5990,119,5,10,50,16.0,30.8,79.0,Complete
5991,119,6,1,124,11.6,20.5,70.4,Complete
5992,119,6,2,101,9.9,17.8,69.3,Partial
5993,119,6,3,186,8.7,18.8,64.7,Complete
5994,119,6,4,166,12.2,20.5,62.0,Complete
5995,119,6,5,115,8.4,17.0,75.9,Complete
5996,119,6,6,115,10.4,18.0,81.1,Complete
5997,119,6,7,145,10.8,22.3,65.1,Complete
5998,119,6,8,142,13.9,24.2,46.6,Partial
5999,119,6,9,206,10.5,19.0,69.8,Complete
6000,119,6,10,120,11.3,20.1,70.7,Complete
6001,119,7,1,113,20.2,38.5,76.3,Complete
6002,119,7,2,140,24.6,41.6,68.7,Complete
6003,119,7,3,76,21.3,36.6,73.7,Complete
6004,119,7,4,45,20.4,37.6,61.4,Complete
6005,119,7,5,66,19.8,36.6,77.3,Complete
6006,119,7,6,96,23.4,40.5,67.0,Complete
6007,119,7,7,39,22.9,50.6,45.4,Complete
6008,119,7,8,70,29.2,56.6,40.4,Complete
6009,119,7,9,54,19.1,32.0,70.1,Complete
6010,119,7,10,118,16.1,32.4,69.4,Complete
6011,119,8,1,52,20.5,42.2,65.7,Complete
6012,119,8,2,108,23.0,45.0,68.6,Estimated
6013,119,8,3,33,26.4,45.1,58.9,Complete
6014,119,8,4,51,17.7,36.0,81.1,Complete
6015,119,8,5,127,24.9,44.4,57.6,Complete
6016,119,8,6,58,20.4,40.7,66.7,Complete
6017,119,8,7,53,21.0,46.4,54.6,Complete
6018,119,8,8,37,35.6,60.7,44.3,Estimated
6019,119,8,9,123,20.7,36.1,72.6,Complete
6020,119,8,10,72,16.7,33.3,74.5,Complete
6021,120,1,1,170,108.5,212.7,87.3,Complete
6022,120,1,2,78,106.9,192.0,92.6,Complete
6023,120,1,3,203,101.3,182.2,81.8,Complete
6024,120,1,4,88,118.9,214.2,74.8,Complete
6025,120,1,5,140,97.3,199.7,84.1,Complete
6026,120,1,6,116,97.1,187.1,78.4,Complete
6027,120,1,7,100,133.1,265.3,63.8,Complete
6028,120,1,8,63,140.7,263.9,70.8,Complete
6029,120,1,9,68,110.2,191.5,89.3,Partial
6030,120,1,10,159,117.8,211.5,82.7,Complete
6031,120,2,1,200,114.1,248.5,74.6,Complete
6032,120,2,2,99,139.2,239.4,72.9,Complete
6033,120,2,3,165,91.9,181.0,82.3,Complete
6034,120,2,4,54,88.5,178.3,88.9,Complete
6035,120,2,5,98,129.7,236.1,79.5,Complete
6036,120,2,6,90,119.4,199.1,91.8,Complete
6037,120,2,7,105,147.2,287.3,53.0,Partial
6038,120,2,8,99,164.5,282.1,57.8,Complete
6039,120,2,9,96,121.0,207.1,80.9,Complete
6040,120,2,10,241,90.5,197.2,87.9,Complete
6041,120,3,1,239,1.2,2.3,85.7,Complete
6042,120,3,2,154,1.4,2.6,70.3,Complete
6043,120,3,3,233,1.0,2.2,84.0,Complete
6044,120,3,4,141,1.1,2.2,85.5,Complete
6045,120,3,5,102,1.3,2.6,67.3,Complete
6046,120,3,6,140,1.0,2.2,77.3,Complete
6047,120,3,7,185,1.4,2.7,59.0,Complete
6048,120,3,8,187,1.6,3.2,53.5,Complete
6049,120,3,9,174,1.2,2.2,78.1,Partial
6050,120,3,10,225,1.1,1.9,100.0,Partial
6051,120,4,1,179,76.4,151.1,77.0,Complete
6052,120,4,2,159,66.6,127.0,83.6,Complete
6053,120,4,3,158,67.8,124.2,81.2,Complete
6054,120,4,4,128,65.8,120.5,74.9,Complete
6055,120,4,5,83,65.1,112.6,99.3,Complete
6056,120,4,6,141,79.4,145.0,68.8,Complete
6057,120,4,7,151,78.7,154.5,65.3,Complete
6058,120,4,8,101,106.8,190.2,60.3,Complete
6059,120,4,9,229,79.9,141.9,80.1,Complete
6060,120,4,10,285,61.2,112.8,79.9,Complete
6061,120,5,1,73,15.1,28.0,83.1,Complete
6062,120,5,2,162,17.3,34.9,64.9,Complete
6063,120,5,3,168,17.3,31.4,86.1,Complete
6064,120,5,4,107,18.4,35.1,66.8,Complete
6065,120,5,5,103,16.5,31.7,77.2,Complete
6066,120,5,6,70,16.0,31.4,81.6,Complete
6067,120,5,7,23,22.7,49.1,53.0,Complete
6068,120,5,8,83,24.9,46.9,59.2,Complete
6069,120,5,9,209,16.4,33.3,70.9,Complete
6070,120,5,10,172,16.9,34.2,80.4,Complete
6071,120,6,1,247,8.7,16.0,80.1,Complete
6072,120,6,2,196,7.0,14.5,99.0,Complete
6073,120,6,3,128,7.8,13.5,97.5,Complete
6074,120,6,4,141,7.6,14.4,90.7,Complete
6075,120,6,5,200,9.7,16.5,75.6,Complete
6076,120,6,6,174,8.3,16.7,69.5,Complete
6077,120,6,7,145,11.9,21.2,61.7,Complete
6078,120,6,8,135,13.1,26.1,52.9,Complete
6079,120,6,9,183,8.6,16.1,90.4,Complete
6080,120,6,10,258,9.2,17.8,65.1,Complete
6081,120,7,1,127,18.9,36.7,61.8,Complete
6082,120,7,2,72,13.7,28.0,95.3,Partial
6083,120,7,3,67,13.2,28.9,97.8,Complete
6084,120,7,4,144,17.3,36.2,78.7,Complete
6085,120,7,5,67,16.1,30.3,79.5,Partial
6086,120,7,6,115,16.3,33.4,75.5,Complete
6087,120,7,7,66,24.1,48.6,59.9,Complete
6088,120,7,8,77,18.6,37.5,66.3,Complete
6089,120,7,9,157,13.0,26.2,97.7,Partial
6090,120,7,10,342,16.9,29.4,86.4,Complete
6091,120,8,1,170,17.4,37.8,83.0,Complete
6092,120,8,2,154,20.6,37.8,77.0,Complete
6093,120,8,3,78,19.9,34.5,81.0,Complete
6094,120,8,4,192,18.5,32.8,73.1,Complete
6095,120,8,5,143,20.4,38.4,80.4,Partial
6096,120,8,6,111,16.1,29.2,100.0,Partial
6097,120,8,7,97,32.1,56.2,42.8,Complete
6098,120,8,8,90,27.7,47.3,52.0,Complete
6099,120,8,9,60,18.1,30.2,94.1,Complete
6100,120,8,10,169,15.1,31.8,91.6,Complete
6101,121,1,1,212,103.1,189.1,81.2,Complete
6102,121,1,2,306,122.1,236.3,72.8,Complete
6103,121,1,3,318,124.4,217.0,69.8,Estimated
6104,121,1,4,260,118.0,239.9,71.8,Partial
6105,121,1,5,154,111.9,205.6,74.4,Partial
6106,121,1,6,147,103.5,224.2,75.6,Complete
6107,121,1,7,147,148.9,297.1,56.2,Estimated
6108,121,1,8,44,151.7,292.2,63.0,Complete
6109,121,1,9,456,90.1,190.7,84.1,Estimated
6110,121,1,10,209,81.5,180.8,83.1,Partial
6111,121,2,1,112,123.1,216.4,70.3,Complete
6112,121,2,2,167,123.0,213.3,86.0,Complete
6113,121,2,3,128,112.0,232.3,65.4,Complete
6114,121,2,4,89,116.1,202.8,85.8,Complete
6115,121,2,5,164,93.1,205.8,74.6,Complete
6116,121,2,6,227,116.3,228.3,70.6,Complete
6117,121,2,7,76,184.8,338.8,49.7,Complete
6118,121,2,8,96,165.7,284.1,64.7,Complete
6119,121,2,9,329,129.0,239.2,64.3,Complete
6120,121,2,10,178,88.7,185.6,85.0,Complete
6121,121,3,1,220,1.0,2.0,84.3,Complete
6122,121,3,2,340,1.5,2.7,72.7,Complete
6123,121,3,3,328,1.1,2.3,70.9,Complete
6124,121,3,4,238,1.6,2.8,67.4,Complete
6125,121,3,5,382,1.1,2.1,91.7,Complete
6126,121,3,6,361,1.0,2.3,78.2,Complete
6127,121,3,7,321,2.0,3.6,49.1,Partial
6128,121,3,8,296,1.6,3.3,54.3,Complete
6129,121,3,9,258,1.3,2.3,84.2,Complete
6130,121,3,10,443,1.2,2.4,67.5,Complete
6131,121,4,1,240,62.8,128.5,74.0,Complete
6132,121,4,2,194,78.7,139.6,76.9,Complete
6133,121,4,3,187,74.6,148.5,75.7,Complete
6134,121,4,4,256,72.6,134.2,72.4,Complete
6135,121,4,5,167,84.9,150.8,72.7,Complete
6136,121,4,6,112,67.3,125.2,86.6,Partial
6137,121,4,7,116,98.8,202.6,54.9,Complete
6138,121,4,8,120,104.9,204.4,55.7,Partial
6139,121,4,9,125,73.1,138.9,67.7,Complete
6140,121,4,10,105,75.2,143.2,77.5,Complete
6141,121,5,1,114,22.6,39.1,60.8,Complete
6142,121,5,2,119,14.3,29.4,77.7,Complete
6143,121,5,3,164,16.2,33.9,71.2,Complete
6144,121,5,4,155,16.5,35.9,66.9,Complete
6145,121,5,5,166,17.4,33.5,67.7,Complete
6146,121,5,6,120,18.1,32.4,72.0,Complete
6147,121,5,7,171,25.4,55.5,41.9,Complete
6148,121,5,8,143,25.1,42.4,53.2,Complete
6149,121,5,9,273,20.4,35.7,76.9,Complete
6150,121,5,10,188,19.0,34.8,65.9,Partial
6151,121,6,1,244,7.7,15.6,83.5,Complete
6152,121,6,2,245,10.1,17.2,83.3,Complete
6153,121,6,3,270,7.8,14.7,83.3,Complete
6154,121,6,4,213,8.8,16.0,83.1,Complete
6155,121,6,5,358,7.9,15.0,82.8,Complete
6156,121,6,6,189,10.8,19.1,72.5,Complete
6157,121,6,7,249,14.9,25.2,51.8,Complete
6158,121,6,8,323,12.8,27.0,41.8,Complete
6159,121,6,9,300,7.6,16.5,70.2,Complete
6160,121,6,10,264,7.5,13.7,83.8,Complete
6161,121,7,1,160,21.9,40.3,63.0,Complete
6162,121,7,2,170,21.3,36.8,75.6,Complete
6163,121,7,3,242,14.3,29.5,83.4,Partial
6164,121,7,4,289,21.1,35.4,65.1,Complete
6165,121,7,5,93,20.3,34.5,72.0,Complete
6166,121,7,6,117,13.5,29.2,80.9,Complete
6167,121,7,7,122,19.9,44.0,59.9,Complete
6168,121,7,8,141,26.5,44.9,57.1,Estimated
6169,121,7,9,357,18.7,32.6,78.4,Complete
6170,121,7,10,221,16.1,34.8,80.0,Complete
6171,121,8,1,196,19.0,34.6,83.7,Complete
6172,121,8,2,191,20.1,39.2,63.6,Complete
6173,121,8,3,99,14.7,30.7,100.0,Complete
6174,121,8,4,304,15.4,31.0,96.5,Partial
6175,121,8,5,291,22.0,40.9,61.5,Complete
6176,121,8,6,177,18.4,39.6,76.7,Complete
6177,121,8,7,59,26.8,59.0,44.4,Estimated
6178,121,8,8,202,21.0,45.3,54.4,Complete
6179,121,8,9,190,17.0,35.2,88.9,Complete
6180,121,8,10,249,18.7,34.5,85.0,Complete
6181,122,1,1,544,91.8,195.5,77.2,Estimated
6182,122,1,2,360,135.2,240.0,65.6,Complete
6183,122,1,3,261,98.1,207.8,91.7,Complete
6184,122,1,4,513,93.6,199.6,85.8,Complete
6185,122,1,5,550,101.2,219.8,70.7,Complete
6186,122,1,6,178,116.5,203.7,85.4,Complete
6187,122,1,7,247,166.4,338.1,46.7,Complete
6188,122,1,8,150,122.4,268.3,69.2,Complete
6189,122,1,9,674,117.4,240.7,64.8,Complete
6190,122,1,10,938,136.6,234.5,71.1,Complete
6191,122,2,1,430,108.4,240.3,74.4,Complete
6192,122,2,2,664,114.0,225.1,68.8,Complete
6193,122,2,3,284,106.7,187.5,100.0,Complete
6194,122,2,4,668,102.6,216.3,82.8,Complete
6195,122,2,5,214,112.6,243.1,75.6,Complete
6196,122,2,6,720,88.6,190.5,85.2,Complete
6197,122,2,7,187,143.5,308.4,61.6,Complete
6198,122,2,8,352,118.0,255.1,62.4,Complete
6199,122,2,9,810,103.8,182.9,95.0,Complete
6200,122,2,10,416,115.5,194.1,81.1,Complete
6201,122,3,1,809,1.1,2.1,92.5,Partial
6202,122,3,2,492,1.6,2.8,60.3,Complete
6203,122,3,3,733,1.3,2.7,61.2,Complete
6204,122,3,4,769,1.1,2.4,72.4,Complete
6205,122,3,5,697,1.3,2.7,69.6,Complete
6206,122,3,6,342,1.2,2.6,66.6,Complete
6207,122,3,7,740,2.0,3.6,53.6,Partial
6208,122,3,8,804,1.9,3.4,57.7,Complete
6209,122,3,9,573,1.0,1.9,95.8,Partial
6210,122,3,10,683,1.4,2.4,76.3,Estimated
6211,122,4,1,224,63.5,134.4,73.6,Complete
6212,122,4,2,354,53.0,113.6,97.8,Complete
6213,122,4,3,384,62.9,122.5,75.4,Complete
6214,122,4,4,727,72.1,124.4,81.2,Complete
6215,122,4,5,331,73.8,144.1,78.4,Complete
6216,122,4,6,595,73.5,147.0,76.6,Partial
6217,122,4,7,221,118.7,201.3,55.6,Complete
6218,122,4,8,298,113.1,201.6,46.1,Complete
6219,122,4,9,560,65.1,124.3,90.1,Complete
6220,122,4,10,440,85.8,143.4,72.1,Complete
6221,122,5,1,761,20.5,35.6,68.8,Complete
6222,122,5,2,470,19.0,37.4,74.3,Complete
6223,122,5,3,419,21.4,38.5,65.8,Complete
6224,122,5,4,459,18.5,32.7,72.9,Complete
6225,122,5,5,490,17.9,31.0,93.0,Complete
6226,122,5,6,441,19.3,35.7,74.0,Complete
6227,122,5,7,172,25.1,53.5,44.2,Complete
6228,122,5,8,70,21.2,43.0,68.2,Complete
6229,122,5,9,209,18.7,32.3,73.8,Estimated
6230,122,5,10,429,15.7,26.7,98.2,Complete
6231,122,6,1,722,6.9,14.6,99.7,Partial
6232,122,6,2,586,8.5,14.4,98.6,Complete
6233,122,6,3,498,10.3,18.6,76.4,Complete
6234,122,6,4,591,10.1,17.2,66.8,Complete
6235,122,6,5,548,10.8,18.8,73.2,Complete
6236,122,6,6,453,6.9,15.3,86.1,Complete
6237,122,6,7,584,11.2,21.8,65.3,Complete
6238,122,6,8,534,10.2,22.4,51.2,Complete
6239,122,6,9,924,10.4,18.5,73.0,Estimated
6240,122,6,10,693,9.4,16.0,79.1,Complete
6241,122,7,1,461,15.4,34.3,77.4,Complete
6242,122,7,2,426,18.2,34.7,68.8,Complete
6243,122,7,3,663,17.1,28.4,91.2,Complete
6244,122,7,4,773,19.9,37.9,74.0,Complete
6245,122,7,5,386,19.4,34.7,72.7,Estimated
6246,122,7,6,511,12.9,27.5,100.0,Complete
6247,122,7,7,255,24.2,50.6,47.6,Complete
6248,122,7,8,353,29.5,52.0,44.6,Complete
6249,122,7,9,629,20.6,36.0,69.9,Complete
6250,122,7,10,403,13.0,26.7,100.0,Partial
6251,122,8,1,314,16.5,30.8,96.3,Complete
6252,122,8,2,201,19.5,36.7,83.5,Complete
6253,122,8,3,564,18.1,34.9,71.0,Complete
6254,122,8,4,291,17.7,33.7,83.5,Complete
6255,122,8,5,605,18.9,39.5,64.0,Complete
6256,122,8,6,624,19.0,41.2,70.1,Complete
6257,122,8,7,352,23.7,43.1,66.4,Complete
6258,122,8,8,244,28.1,53.7,51.3,Complete
6259,122,8,9,680,19.6,37.6,77.2,Complete
6260,122,8,10,727,16.1,34.9,69.6,Complete
6261,123,5,1,72,14.0,30.8,80.1,Complete
6262,123,5,2,30,19.9,34.7,79.1,Complete
6263,123,5,3,40,11.8,25.8,92.4,Partial
6264,123,5,4,20,14.9,26.2,100.0,Complete
6265,123,5,5,45,17.5,32.3,76.2,Complete
6266,123,5,6,47,13.6,27.2,82.9,Complete
6267,123,5,7,40,17.2,37.2,72.7,Complete
6268,123,5,8,18,18.7,37.0,63.4,Complete
6269,123,5,9,28,14.5,31.5,91.7,Complete
6270,123,5,10,62,13.9,24.4,100.0,Complete
6271,123,8,1,78,18.1,32.2,94.8,Complete
6272,123,8,2,26,17.0,30.8,88.5,Complete
6273,123,8,3,37,16.9,33.5,71.8,Complete
6274,123,8,4,35,15.8,29.2,100.0,Complete
6275,123,8,5,22,17.8,35.2,79.4,Complete
6276,123,8,6,19,19.0,31.9,78.9,Complete
6277,123,8,7,24,27.0,50.3,47.9,Partial
6278,123,8,8,28,20.3,41.9,62.1,Complete
6279,123,8,9,51,15.4,26.5,100.0,Complete
6280,123,8,10,53,16.0,28.2,99.7,Complete
6281,124,1,1,82,136.0,229.5,80.3,Complete
6282,124,1,2,218,105.3,190.0,98.8,Complete
6283,124,1,3,132,122.5,226.3,73.1,Complete
6284,124,1,4,185,118.8,201.6,92.6,Complete
6285,124,1,5,102,121.6,208.9,82.9,Complete
6286,124,1,6,124,86.3,176.5,100.0,Complete
6287,124,1,7,62,146.9,252.3,59.7,Complete
6288,124,1,8,93,191.5,321.7,57.6,Complete
6289,124,1,9,166,117.0,219.6,73.9,Partial
6290,124,1,10,91,102.0,180.6,81.2,Complete
6291,124,2,1,158,126.9,225.9,71.0,Complete
6292,124,2,2,43,104.3,193.9,84.0,Complete
6293,124,2,3,219,90.4,177.8,93.1,Complete
6294,124,2,4,134,101.5,209.8,74.3,Complete
6295,124,2,5,57,81.8,179.1,99.0,Complete
6296,124,2,6,147,102.6,222.3,75.7,Complete
6297,124,2,7,57,137.3,270.9,67.1,Complete
6298,124,2,8,45,132.2,254.4,66.9,Partial
6299,124,2,9,115,102.5,182.3,93.5,Complete
6300,124,2,10,98,102.1,211.6,80.4,Complete
6301,124,3,1,220,1.4,2.6,62.7,Complete
6302,124,3,2,224,1.5,2.6,70.8,Partial
6303,124,3,3,299,1.1,2.4,73.5,Complete
6304,124,3,4,234,1.3,2.4,77.4,Complete
6305,124,3,5,132,1.1,2.4,71.7,Partial
6306,124,3,6,266,1.0,1.9,100.0,Complete
6307,124,3,7,246,2.1,3.6,51.0,Complete
6308,124,3,8,181,1.8,3.3,58.0,Complete
6309,124,3,9,280,1.1,1.9,83.9,Complete
6310,124,3,10,242,1.1,2.1,91.5,Complete
6311,124,4,1,219,67.4,140.7,67.0,Complete
6312,124,4,2,85,75.9,128.5,84.2,Complete
6313,124,4,3,246,64.3,125.5,92.8,Partial
6314,124,4,4,211,67.1,112.2,89.9,Complete
6315,124,4,5,230,68.6,139.1,83.7,Complete
6316,124,4,6,86,72.2,121.0,85.3,Complete
6317,124,4,7,62,117.4,210.4,43.2,Complete
6318,124,4,8,32,93.0,162.1,59.3,Complete
6319,124,4,9,169,59.9,103.8,88.7,Complete
6320,124,4,10,127,66.1,122.9,77.7,Complete
6321,124,5,1,159,13.6,29.2,89.8,Complete
6322,124,5,2,99,15.5,29.2,91.7,Complete
6323,124,5,3,72,15.1,28.6,78.4,Complete
6324,124,5,4,201,21.2,37.6,68.0,Complete
6325,124,5,5,100,19.3,35.0,67.9,Complete
6326,124,5,6,115,15.4,27.5,90.8,Complete
6327,124,5,7,33,25.2,50.9,49.0,Complete
6328,124,5,8,20,20.4,44.6,64.7,Partial
6329,124,5,9,103,18.1,34.0,75.3,Partial
6330,124,5,10,229,18.3,33.5,70.0,Complete
6331,124,6,1,273,10.7,18.0,66.8,Complete
6332,124,6,2,175,6.1,13.6,100.0,Complete
6333,124,6,3,140,7.9,16.0,80.6,Complete
6334,124,6,4,190,10.1,17.5,78.8,Complete
6335,124,6,5,268,7.1,15.7,91.9,Complete
6336,124,6,6,189,8.1,17.2,80.5,Complete
6337,124,6,7,206,9.6,19.4,61.4,Complete
6338,124,6,8,116,10.6,22.1,59.5,Complete
6339,124,6,9,288,6.7,13.4,97.4,Complete
6340,124,6,10,201,10.2,17.2,71.5,Complete
6341,124,7,1,162,17.8,32.7,84.0,Complete
6342,124,7,2,65,17.1,30.2,79.8,Partial
6343,124,7,3,179,16.9,32.0,88.2,Complete
6344,124,7,4,185,15.6,28.2,100.0,Complete
6345,124,7,5,148,15.9,29.0,97.9,Complete
6346,124,7,6,145,19.5,35.3,81.7,Complete
6347,124,7,7,33,28.6,49.1,49.6,Complete
6348,124,7,8,95,22.8,45.4,60.7,Complete
6349,124,7,9,157,14.9,25.6,93.3,Complete
6350,124,7,10,164,15.8,32.9,71.0,Partial
6351,124,8,1,161,21.1,39.0,62.3,Complete
6352,124,8,2,139,19.5,34.1,75.8,Complete
6353,124,8,3,112,13.7,30.2,98.0,Partial
6354,124,8,4,158,14.2,31.3,98.1,Complete
6355,124,8,5,149,13.5,29.9,100.0,Complete
6356,124,8,6,199,15.9,32.2,92.0,Complete
6357,124,8,7,103,24.3,51.4,53.2,Complete
6358,124,8,8,83,23.1,42.6,68.5,Complete
6359,124,8,9,145,18.3,31.3,82.0,Complete
6360,124,8,10,65,16.9,28.5,97.9,Complete
6361,125,1,1,262,138.4,243.8,69.1,Complete
6362,125,1,2,278,97.8,216.0,79.3,Complete
6363,125,1,3,246,85.1,175.3,90.9,Complete
6364,125,1,4,186,115.3,199.7,88.9,Complete
6365,125,1,5,256,89.4,175.3,89.7,Complete
6366,125,1,6,442,102.7,210.5,73.6,Complete
6367,125,1,7,192,156.3,300.9,61.7,Complete
6368,125,1,8,183,190.6,339.2,48.1,Complete
6369,125,1,9,519,127.5,227.4,73.6,Partial
6370,125,1,10,165,122.7,211.3,80.9,Complete
6371,125,2,1,279,106.8,198.9,95.6,Complete
6372,125,2,2,306,130.2,234.1,81.4,Partial
6373,125,2,3,537,111.4,191.3,94.6,Complete
6374,125,2,4,152,101.0,219.9,78.0,Complete
6375,125,2,5,479,122.0,217.0,81.3,Complete
6376,125,2,6,195,102.9,227.8,76.5,Complete
6377,125,2,7,142,153.9,291.4,64.1,Complete
6378,125,2,8,213,133.8,250.1,62.6,Complete
6379,125,2,9,216,82.0,171.3,100.0,Complete
6380,125,2,10,857,95.4,177.0,100.0,Complete
6381,125,3,1,651,1.1,2.4,84.0,Estimated
6382,125,3,2,702,1.1,2.3,82.2,Complete
6383,125,3,3,610,1.2,2.1,90.7,Complete
6384,125,3,4,636,1.0,2.2,90.4,Complete
6385,125,3,5,449,1.1,2.0,95.3,Complete
6386,125,3,6,672,1.1,2.1,86.1,Complete
6387,125,3,7,403,1.7,2.9,65.5,Complete
6388,125,3,8,473,1.7,3.2,52.3,Complete
6389,125,3,9,862,1.1,2.1,94.0,Complete
6390,125,3,10,809,1.1,1.9,100.0,Partial
6391,125,4,1,297,65.8,124.0,79.7,Complete
6392,125,4,2,404,69.9,134.5,81.7,Complete
6393,125,4,3,151,83.5,139.6,71.9,Estimated
6394,125,4,4,237,84.2,147.3,76.2,Complete
6395,125,4,5,129,66.1,139.6,83.0,Complete
6396,125,4,6,212,72.7,126.4,76.2,Complete
6397,125,4,7,296,86.4,184.8,61.6,Complete
6398,125,4,8,332,90.7,187.0,54.5,Complete
6399,125,4,9,308,72.0,122.1,95.9,Complete
6400,125,4,10,504,69.5,128.8,88.6,Partial
6401,125,5,1,390,21.4,36.9,64.5,Complete
6402,125,5,2,290,20.9,36.7,70.5,Partial
6403,125,5,3,342,19.6,35.9,74.8,Complete
6404,125,5,4,251,15.1,30.4,87.4,Complete
6405,125,5,5,203,15.4,30.5,81.2,Complete
6406,125,5,6,193,21.5,36.4,62.4,Complete
6407,125,5,7,291,21.7,46.8,48.1,Complete
6408,125,5,8,268,21.9,38.2,68.9,Complete
6409,125,5,9,362,18.4,33.4,86.9,Partial
6410,125,5,10,337,15.9,27.2,100.0,Estimated
6411,125,6,1,626,9.0,19.2,73.5,Complete
6412,125,6,2,620,7.8,16.4,86.9,Complete
6413,125,6,3,589,10.4,18.6,66.3,Complete
6414,125,6,4,720,7.4,15.2,75.3,Complete
6415,125,6,5,648,8.6,15.3,78.5,Partial
6416,125,6,6,501,6.0,13.2,96.5,Partial
6417,125,6,7,673,10.6,19.7,64.5,Complete
6418,125,6,8,626,10.9,23.1,53.5,Partial
6419,125,6,9,803,9.7,17.9,81.7,Partial
6420,125,6,10,477,7.6,12.9,100.0,Estimated
6421,125,7,1,471,17.7,34.6,84.4,Complete
6422,125,7,2,219,16.1,35.1,68.1,Partial
6423,125,7,3,184,16.1,31.8,86.8,Complete
6424,125,7,4,557,15.7,32.6,86.9,Complete
6425,125,7,5,337,13.4,27.7,94.9,Partial
6426,125,7,6,799,12.9,27.3,89.4,Partial
6427,125,7,7,87,20.0,38.1,65.0,Complete
6428,125,7,8,224,17.3,37.8,73.5,Complete
6429,125,7,9,489,17.3,34.6,75.8,Complete
6430,125,7,10,345,19.8,33.6,75.5,Complete
6431,125,8,1,583,17.7,36.3,66.5,Partial
6432,125,8,2,158,18.7,32.8,89.2,Complete
6433,125,8,3,614,14.2,28.9,91.4,Complete
6434,125,8,4,347,20.0,33.4,75.4,Partial
6435,125,8,5,367,16.5,28.5,98.8,Complete
6436,125,8,6,288,16.7,30.0,87.2,Complete
6437,125,8,7,265,25.3,43.4,60.7,Complete
6438,125,8,8,157,20.9,43.4,71.0,Complete
6439,125,8,9,243,17.8,33.5,83.7,Complete
6440,125,8,10,755,19.9,37.6,70.5,Complete
6441,126,1,1,666,117.8,209.8,78.7,Complete
6442,126,1,2,201,133.7,232.5,72.6,Complete
6443,126,1,3,399,141.1,250.7,74.0,Complete
6444,126,1,4,754,113.8,250.5,72.6,Complete
6445,126,1,5,489,125.0,216.1,83.3,Complete
6446,126,1,6,262,149.2,282.1,63.6,Complete
6447,126,1,7,298,170.0,326.0,48.4,Complete
6448,126,1,8,302,215.8,365.0,49.5,Complete
6449,126,1,9,562,122.6,216.3,80.6,Complete
6450,126,1,10,582,112.3,221.8,78.2,Complete
6451,126,2,1,587,127.4,276.5,55.1,Complete
6452,126,2,2,420,158.2,288.0,58.5,Complete
6453,126,2,3,430,158.0,278.6,63.8,Partial
6454,126,2,4,162,123.4,224.3,72.4,Complete
6455,126,2,5,663,146.3,255.3,72.2,Complete
6456,126,2,6,224,128.4,251.4,59.5,Partial
6457,126,2,7,136,183.5,341.4,45.0,Complete
6458,126,2,8,297,145.2,315.6,52.5,Complete
6459,126,2,9,348,116.6,247.9,76.9,Complete
6460,126,2,10,622,141.4,244.7,77.2,Estimated
6461,126,3,1,619,1.3,2.4,77.9,Complete
6462,126,3,2,336,1.1,2.4,81.0,Complete
6463,126,3,3,819,1.1,2.3,87.6,Complete
6464,126,3,4,409,1.2,2.4,84.0,Complete
6465,126,3,5,550,1.4,2.3,89.4,Complete
6466,126,3,6,544,1.7,2.8,72.3,Estimated
6467,126,3,7,579,2.1,4.5,46.2,Complete
6468,126,3,8,782,2.2,3.6,45.8,Complete
6469,126,3,9,738,1.3,2.3,86.8,Complete
6470,126,3,10,805,1.2,2.3,88.3,Complete
6471,126,4,1,449,88.6,164.5,58.9,Complete
6472,126,4,2,748,98.1,180.0,53.1,Complete
6473,126,4,3,447,87.0,156.3,59.1,Estimated
6474,126,4,4,544,88.9,152.1,76.0,Complete
6475,126,4,5,332,77.1,133.8,87.8,Complete
6476,126,4,6,593,69.8,136.0,73.3,Estimated
6477,126,4,7,273,99.7,220.4,45.6,Complete
6478,126,4,8,227,97.9,200.3,58.5,Complete
6479,126,4,9,453,84.4,155.1,59.5,Complete
6480,126,4,10,593,74.4,162.3,69.9,Partial
6481,126,5,1,553,22.0,40.9,61.3,Complete
6482,126,5,2,291,25.6,43.8,63.0,Complete
6483,126,5,3,185,22.2,43.6,64.9,Complete
6484,126,5,4,444,18.6,39.0,57.5,Partial
6485,126,5,5,526,21.3,36.3,70.1,Complete
6486,126,5,6,691,19.4,37.4,73.3,Complete
6487,126,5,7,192,27.8,51.9,47.1,Complete
6488,126,5,8,159,34.5,58.2,47.4,Complete
6489,126,5,9,443,17.8,36.7,72.7,Estimated
6490,126,5,10,206,17.0,30.8,74.6,Complete
6491,126,6,1,653,9.3,16.8,70.3,Complete
6492,126,6,2,797,11.5,19.7,64.9,Complete
6493,126,6,3,891,11.1,19.4,58.9,Partial
6494,126,6,4,845,9.7,17.8,82.2,Complete
6495,126,6,5,557,11.0,18.7,76.3,Complete
6496,126,6,6,560,7.8,16.4,80.1,Complete
6497,126,6,7,998,14.2,23.7,49.8,Complete
6498,126,6,8,513,14.3,28.3,41.6,Complete
6499,126,6,9,828,8.8,15.2,91.5,Complete
6500,126,6,10,878,8.5,16.6,82.2,Complete
6501,126,7,1,391,20.6,38.9,69.1,Complete
6502,126,7,2,197,18.3,35.6,65.3,Complete
6503,126,7,3,662,19.9,34.7,69.6,Complete
6504,126,7,4,305,19.0,31.8,85.6,Complete
6505,126,7,5,257,23.0,40.9,61.1,Complete
6506,126,7,6,690,16.0,31.8,84.2,Complete
6507,126,7,7,162,26.9,54.6,46.5,Partial
6508,126,7,8,203,29.7,61.3,44.6,Complete
6509,126,7,9,662,19.8,33.9,84.7,Complete
6510,126,7,10,801,18.5,38.3,71.8,Complete
6511,126,8,1,464,21.7,41.3,66.4,Partial
6512,126,8,2,447,16.2,35.3,78.0,Complete
6513,126,8,3,341,21.3,38.1,65.0,Complete
6514,126,8,4,557,20.7,37.0,68.5,Complete
6515,126,8,5,325,21.7,40.9,61.9,Complete
6516,126,8,6,488,20.3,37.3,77.8,Complete
6517,126,8,7,181,28.0,53.9,51.0,Complete
6518,126,8,8,271,31.5,55.8,49.7,Complete
6519,126,8,9,647,23.5,41.2,61.1,Complete
6520,126,8,10,613,20.2,42.4,59.8,Complete
6521,127,8,1,69,27.5,60.2,40.5,Complete
6522,127,8,2,76,30.3,51.1,55.6,Complete
6523,127,8,3,94,23.6,46.6,57.4,Complete
6524,127,8,4,42,26.1,53.5,48.3,Complete
6525,127,8,5,40,34.5,60.6,42.5,Partial
6526,127,8,6,39,21.5,45.2,54.7,Complete
6527,127,8,7,20,31.7,61.9,39.0,Complete
6528,127,8,8,31,35.8,71.0,35.2,Complete
6529,127,8,9,88,29.7,58.1,52.6,Complete
6530,127,8,10,68,23.9,44.0,70.5,Complete
6531,128,2,1,39,126.5,244.0,76.1,Partial
6532,128,2,2,22,95.4,203.9,81.7,Complete
6533,128,2,3,34,96.8,207.2,85.7,Complete
6534,128,2,4,11,118.9,241.2,73.1,Complete
6535,128,2,5,13,125.5,226.2,84.4,Complete
6536,128,2,6,26,92.7,178.4,99.1,Complete
6537,128,2,7,11,168.7,306.8,52.6,Complete
6538,128,2,8,21,162.0,312.2,48.6,Complete
6539,128,2,9,27,91.9,196.7,84.3,Complete
6540,128,2,10,46,91.2,186.2,78.4,Complete
6541,128,7,1,15,16.2,32.2,70.3,Complete
6542,128,7,2,25,14.7,32.1,84.0,Complete
6543,128,7,3,20,16.4,28.7,86.9,Complete
6544,128,7,4,32,16.7,32.3,69.6,Complete
6545,128,7,5,35,15.8,33.1,78.6,Complete
6546,128,7,6,41,14.5,29.2,92.2,Complete
6547,128,7,7,7,25.9,48.1,49.5,Complete
6548,128,7,8,11,26.1,44.9,51.1,Complete
6549,128,7,9,15,18.2,34.1,80.6,Complete
6550,128,7,10,43,18.9,34.6,69.1,Complete
6551,128,8,1,24,21.5,36.2,68.1,Complete
6552,128,8,2,22,20.8,38.6,78.1,Complete
6553,128,8,3,21,23.6,40.0,60.4,Complete
6554,128,8,4,13,19.5,36.1,67.4,Complete
6555,128,8,5,33,19.6,36.2,83.6,Complete
6556,128,8,6,15,14.1,31.0,93.5,Complete
6557,128,8,7,13,25.2,45.4,53.8,Complete
6558,128,8,8,10,24.0,51.1,51.3,Complete
6559,128,8,9,28,14.7,32.6,82.2,Complete
6560,128,8,10,47,17.6,37.4,76.9,Complete
6561,129,2,1,32,190.6,332.1,46.6,Complete
6562,129,2,2,42,162.0,300.6,50.0,Complete
6563,129,2,3,37,170.7,325.1,47.2,Complete
6564,129,2,4,68,161.4,274.2,53.4,Complete
6565,129,2,5,19,168.6,286.9,55.2,Complete
6566,129,2,6,70,192.9,335.1,46.2,Complete
6567,129,2,7,49,227.2,464.7,32.9,Complete
6568,129,2,8,27,284.2,512.2,30.3,Complete
6569,129,2,9,33,157.4,314.6,47.2,Estimated
6570,129,2,10,34,176.8,304.7,48.8,Complete
6571,129,8,1,39,27.4,60.9,40.7,Partial
6572,129,8,2,24,27.6,53.3,49.0,Complete
6573,129,8,3,66,33.7,56.7,44.7,Complete
6574,129,8,4,62,27.4,47.3,62.6,Complete
6575,129,8,5,82,28.9,57.6,53.0,Complete
6576,129,8,6,40,27.3,46.9,51.9,Complete
6577,129,8,7,32,40.1,83.6,31.9,Complete
6578,129,8,8,54,43.1,73.1,42.3,Complete
6579,129,8,9,37,28.8,53.0,50.6,Complete
6580,129,8,10,54,25.3,51.1,47.8,Complete
6581,130,4,1,43,105.2,198.2,54.2,Complete
6582,130,4,2,55,106.9,233.6,45.3,Complete
6583,130,4,3,15,91.6,183.2,50.4,Complete
6584,130,4,4,39,116.5,210.5,52.7,Complete
6585,130,4,5,33,105.2,228.3,47.8,Complete
6586,130,4,6,43,119.4,220.8,41.5,Estimated
6587,130,4,7,18,157.4,307.0,31.4,Complete
6588,130,4,8,24,140.7,260.8,42.5,Complete
6589,130,4,9,73,102.3,208.7,43.1,Complete
6590,130,4,10,64,88.3,168.9,59.0,Complete
6591,130,5,1,40,32.0,58.2,45.6,Complete
6592,130,5,2,30,31.9,54.7,44.9,Complete
6593,130,5,3,84,26.8,51.8,45.7,Complete
6594,130,5,4,30,21.2,46.3,52.8,Complete
6595,130,5,5,58,28.5,56.3,46.2,Complete
6596,130,5,6,25,20.2,40.9,64.5,Complete
6597,130,5,7,20,28.2,57.7,48.0,Partial
6598,130,5,8,10,35.0,69.5,42.1,Complete
6599,130,5,9,25,23.8,44.3,52.1,Complete
6600,130,5,10,69,23.3,46.2,54.6,Complete
6601,130,8,1,53,23.4,45.3,61.5,Complete
6602,130,8,2,33,23.8,51.5,56.9,Complete
6603,130,8,3,33,28.6,55.1,44.1,Complete
6604,130,8,4,21,26.0,53.1,54.7,Complete
6605,130,8,5,31,30.3,56.5,46.2,Complete
6606,130,8,6,35,30.4,53.8,56.8,Complete
6607,130,8,7,16,38.1,81.5,31.6,Complete
6608,130,8,8,12,34.6,69.5,35.7,Partial
6609,130,8,9,36,22.3,46.3,52.6,Partial
6610,130,8,10,36,23.3,49.4,60.0,Complete
6611,131,1,1,183,117.3,207.9,72.5,Partial
6612,131,1,2,112,88.8,180.2,97.7,Complete
6613,131,1,3,182,120.7,241.9,63.8,Complete
6614,131,1,4,97,108.2,199.0,75.6,Complete
6615,131,1,5,105,111.2,207.7,77.1,Complete
6616,131,1,6,115,102.7,204.3,87.2,Complete
6617,131,1,7,23,157.7,341.5,46.9,Complete
6618,131,1,8,87,116.8,250.7,68.5,Complete
6619,131,1,9,228,114.0,208.0,71.9,Complete
6620,131,1,10,60,98.0,177.3,95.5,Complete
6621,131,2,1,186,111.2,204.1,91.9,Complete
6622,131,2,2,75,108.8,215.7,72.8,Complete
6623,131,2,3,55,127.7,238.8,67.9,Complete
6624,131,2,4,101,98.2,207.2,74.9,Complete
6625,131,2,5,138,100.3,219.6,86.6,Complete
6626,131,2,6,102,102.2,177.8,87.8,Complete
6627,131,2,7,68,170.2,329.0,46.8,Complete
6628,131,2,8,74,126.1,245.6,60.1,Complete
6629,131,2,9,163,104.8,206.4,70.8,Complete
6630,131,2,10,211,105.7,202.8,83.0,Complete
6631,131,3,1,78,1.1,2.2,82.1,Complete
6632,131,3,2,154,1.2,2.3,77.5,Complete
6633,131,3,3,175,1.2,2.1,85.5,Complete
6634,131,3,4,154,1.4,2.5,68.7,Complete
6635,131,3,5,169,1.1,2.1,78.9,Estimated
6636,131,3,6,136,1.1,2.4,67.4,Estimated
6637,131,3,7,137,1.4,3.0,67.0,Complete
6638,131,3,8,232,1.9,3.7,50.9,Complete
6639,131,3,9,183,1.3,2.5,71.1,Complete
6640,131,3,10,295,1.1,1.9,95.4,Complete
6641,131,4,1,116,70.7,142.2,65.2,Complete
6642,131,4,2,208,62.4,121.6,91.9,Estimated
6643,131,4,3,50,63.5,140.1,73.1,Complete
6644,131,4,4,186,62.0,130.9,82.5,Complete
6645,131,4,5,63,88.1,148.6,71.5,Complete
6646,131,4,6,123,70.8,124.7,83.5,Complete
6647,131,4,7,48,121.5,204.4,55.8,Complete
6648,131,4,8,34,91.8,199.0,50.9,Complete
6649,131,4,9,132,54.7,107.2,100.0,Estimated
6650,131,4,10,73,51.5,114.3,90.5,Complete
6651,131,5,1,41,19.0,35.6,64.9,Complete
6652,131,5,2,193,14.1,30.4,96.3,Complete
6653,131,5,3,168,14.2,28.4,89.0,Complete
6654,131,5,4,92,17.1,28.4,78.8,Complete
6655,131,5,5,162,15.7,34.5,83.8,Complete
6656,131,5,6,93,14.8,26.7,100.0,Complete
6657,131,5,7,90,19.2,41.6,67.9,Complete
6658,131,5,8,34,22.2,44.9,54.1,Complete
6659,131,5,9,70,19.1,36.0,64.4,Complete
6660,131,5,10,199,14.1,27.6,83.8,Complete
6661,131,6,1,171,7.9,16.3,84.1,Complete
6662,131,6,2,146,7.5,14.2,92.8,Complete
6663,131,6,3,107,10.6,17.9,66.4,Complete
6664,131,6,4,170,9.7,18.3,64.7,Complete
6665,131,6,5,116,10.0,17.3,68.6,Complete
6666,131,6,6,111,7.2,13.1,100.0,Complete
6667,131,6,7,181,9.3,19.2,73.0,Complete
6668,131,6,8,162,11.8,25.6,44.7,Complete
6669,131,6,9,169,9.4,16.1,83.9,Estimated
6670,131,6,10,151,8.2,16.0,72.5,Complete
6671,131,7,1,112,18.6,33.8,76.8,Complete
6672,131,7,2,78,16.2,29.0,81.4,Complete
6673,131,7,3,173,16.6,35.1,78.5,Complete
6674,131,7,4,152,17.8,34.2,83.1,Partial
6675,131,7,5,164,13.6,28.9,81.3,Complete
6676,131,7,6,87,16.8,33.4,79.2,Partial
6677,131,7,7,89,21.5,43.0,54.7,Complete
6678,131,7,8,62,23.7,52.2,49.5,Complete
6679,131,7,9,77,19.2,34.4,78.6,Complete
6680,131,7,10,184,14.9,27.9,83.9,Complete
6681,131,8,1,142,15.9,34.7,74.0,Complete
6682,131,8,2,183,20.3,35.8,75.1,Complete
6683,131,8,3,150,20.6,36.3,67.9,Complete
6684,131,8,4,72,19.9,37.2,73.3,Complete
6685,131,8,5,142,19.1,38.8,77.0,Complete
6686,131,8,6,218,17.2,33.5,85.6,Complete
6687,131,8,7,94,22.1,40.5,72.9,Complete
6688,131,8,8,95,29.4,49.7,51.5,Complete
6689,131,8,9,90,20.3,36.6,68.2,Complete
6690,131,8,10,160,18.4,31.9,93.8,Complete
6691,132,1,1,102,117.5,210.2,69.8,Complete
6692,132,1,2,147,113.4,201.0,78.6,Complete
6693,132,1,3,213,147.9,268.8,59.2,Complete
6694,132,1,4,104,128.2,225.8,71.1,Complete
6695,132,1,5,111,105.4,231.3,71.2,Complete
6696,132,1,6,68,131.6,221.2,70.6,Complete
6697,132,1,7,55,183.5,372.7,45.0,Complete
6698,132,1,8,30,172.2,337.7,48.4,Complete
6699,132,1,9,169,127.8,236.4,62.0,Complete
6700,132,1,10,206,119.3,206.3,80.3,Estimated
6701,132,2,1,154,103.3,204.7,90.0,Partial
6702,132,2,2,132,96.2,212.4,79.0,Complete
6703,132,2,3,49,123.7,272.7,65.0,Complete
6704,132,2,4,53,156.7,262.4,68.5,Complete
6705,132,2,5,124,112.4,221.5,76.3,Complete
6706,132,2,6,131,121.0,212.6,76.0,Complete
6707,132,2,7,33,172.5,380.7,47.4,Partial
6708,132,2,8,67,191.7,374.9,43.0,Complete
6709,132,2,9,166,99.0,199.4,82.9,Complete
6710,132,2,10,90,98.3,205.2,90.4,Partial
6711,132,3,1,185,1.6,2.8,64.6,Complete
6712,132,3,2,173,1.5,2.8,62.2,Complete
6713,132,3,3,192,1.4,2.7,66.1,Complete
6714,132,3,4,127,1.6,2.9,56.5,Partial
6715,132,3,5,141,1.1,2.2,88.0,Complete
6716,132,3,6,126,1.2,2.6,66.8,Complete
6717,132,3,7,201,2.0,3.4,50.3,Complete
6718,132,3,8,127,1.8,3.8,44.8,Complete
6719,132,3,9,288,1.5,2.7,68.7,Complete
6720,132,3,10,161,1.3,2.6,68.4,Complete
6721,132,4,1,85,77.8,136.4,83.5,Complete
6722,132,4,2,132,87.5,166.8,64.6,Estimated
6723,132,4,3,169,63.6,128.0,84.3,Complete
6724,132,4,4,153,83.3,149.6,71.2,Complete
6725,132,4,5,98,70.6,142.9,72.7,Complete
6726,132,4,6,157,82.5,145.5,62.7,Estimated
6727,132,4,7,71,98.3,203.2,48.5,Complete
6728,132,4,8,60,105.8,190.8,48.3,Complete
6729,132,4,9,139,61.4,125.1,72.7,Complete
6730,132,4,10,155,73.7,143.2,78.8,Complete
6731,132,5,1,64,20.5,37.1,63.9,Complete
6732,132,5,2,66,19.3,37.6,76.3,Complete
6733,132,5,3,67,21.2,41.0,69.0,Complete
6734,132,5,4,45,17.3,31.3,72.7,Complete
6735,132,5,5,78,21.2,39.8,72.1,Complete
6736,132,5,6,103,17.8,32.8,71.8,Complete
6737,132,5,7,115,22.9,46.4,61.4,Complete
6738,132,5,8,94,22.5,43.9,58.1,Complete
6739,132,5,9,216,20.5,39.2,67.1,Complete
6740,132,5,10,173,20.0,37.2,75.9,Partial
6741,132,6,1,182,9.4,18.2,61.9,Complete
6742,132,6,2,134,7.3,15.7,92.5,Complete
6743,132,6,3,131,8.2,17.9,82.1,Complete
6744,132,6,4,116,9.2,19.8,66.8,Complete
6745,132,6,5,113,9.2,19.4,72.2,Complete
6746,132,6,6,178,8.9,19.1,69.5,Partial
6747,132,6,7,142,13.6,29.1,49.4,Complete
6748,132,6,8,150,12.4,22.4,64.3,Complete
6749,132,6,9,245,11.5,20.2,63.3,Complete
6750,132,6,10,230,8.8,16.1,70.4,Complete
6751,132,7,1,101,15.9,33.8,73.0,Complete
6752,132,7,2,145,19.4,41.1,63.6,Complete
6753,132,7,3,119,19.0,40.6,66.2,Complete
6754,132,7,4,89,23.0,40.8,56.4,Complete
6755,132,7,5,75,19.7,33.1,80.2,Complete
6756,132,7,6,88,19.4,36.5,63.3,Complete
6757,132,7,7,41,28.7,55.7,49.8,Complete
6758,132,7,8,75,31.4,57.2,49.0,Complete
6759,132,7,9,157,19.0,33.7,77.5,Estimated
6760,132,7,10,58,19.7,37.4,70.5,Complete
6761,132,8,1,112,17.4,33.7,81.2,Complete
6762,132,8,2,89,16.2,35.3,78.2,Complete
6763,132,8,3,135,17.6,34.5,81.4,Complete
6764,132,8,4,173,20.9,35.1,73.5,Partial
6765,132,8,5,70,22.5,38.9,75.3,Complete
6766,132,8,6,48,23.4,41.4,69.9,Complete
6767,132,8,7,68,23.7,46.4,56.1,Complete
6768,132,8,8,91,31.7,62.8,46.5,Complete
6769,132,8,9,85,14.8,32.8,77.2,Complete
6770,132,8,10,222,17.9,36.7,84.6,Complete
6771,133,1,1,583,112.7,246.5,61.0,Partial
6772,133,1,2,788,135.5,231.9,67.1,Complete
6773,133,1,3,636,103.3,191.4,77.6,Complete
6774,133,1,4,594,104.7,212.7,85.1,Complete
6775,133,1,5,398,94.3,186.0,100.0,Complete
6776,133,1,6,721,108.8,214.3,79.5,Complete
6777,133,1,7,167,167.0,313.7,51.2,Complete
6778,133,1,8,147,127.8,255.5,73.4,Partial
6779,133,1,9,737,101.3,185.0,99.6,Complete
6780,133,1,10,361,81.5,165.3,94.1,Complete
6781,133,2,1,625,117.4,248.6,59.5,Complete
6782,133,2,2,427,106.6,223.4,67.0,Complete
6783,133,2,3,691,88.2,189.7,87.3,Complete
6784,133,2,4,853,135.4,227.2,79.7,Partial
6785,133,2,5,369,106.1,189.4,81.0,Complete
6786,133,2,6,639,83.9,178.7,92.2,Estimated
6787,133,2,7,370,136.2,280.1,67.5,Partial
6788,133,2,8,258,146.4,323.8,55.1,Complete
6789,133,2,9,398,88.4,179.9,83.1,Complete
6790,133,2,10,601,96.6,198.7,75.4,Complete
6791,133,3,1,863,1.1,2.4,73.8,Complete
6792,133,3,2,602,1.1,2.0,99.6,Complete
6793,133,3,3,733,1.1,2.0,88.0,Complete
6794,133,3,4,577,1.1,2.4,74.2,Complete
6795,133,3,5,676,1.3,2.5,67.6,Complete
6796,133,3,6,506,1.1,2.3,84.9,Partial
6797,133,3,7,843,1.5,2.7,63.7,Complete
6798,133,3,8,521,1.6,2.9,69.5,Complete
6799,133,3,9,882,1.1,1.9,88.3,Complete
6800,133,3,10,1056,1.1,1.9,100.0,Complete
6801,133,4,1,191,65.5,132.0,77.1,Complete
6802,133,4,2,710,77.3,151.0,69.7,Complete
6803,133,4,3,180,86.4,145.3,63.6,Complete
6804,133,4,4,728,75.9,138.2,82.4,Complete
6805,133,4,5,430,74.6,146.8,65.9,Complete
6806,133,4,6,654,56.9,119.4,79.3,Complete
6807,133,4,7,139,112.3,188.7,53.2,Partial
6808,133,4,8,323,89.6,152.6,64.9,Complete
6809,133,4,9,473,72.7,131.3,75.8,Estimated
6810,133,4,10,715,55.8,108.7,87.3,Estimated
6811,133,5,1,578,14.5,29.0,86.7,Complete
6812,133,5,2,246,14.2,27.9,81.3,Complete
6813,133,5,3,537,15.9,27.0,84.8,Complete
6814,133,5,4,704,15.8,30.8,93.5,Complete
6815,133,5,5,528,16.9,29.1,86.2,Complete
6816,133,5,6,508,20.7,34.9,72.8,Estimated
6817,133,5,7,282,22.9,39.6,62.8,Complete
6818,133,5,8,170,26.5,50.9,49.3,Complete
6819,133,5,9,425,12.1,26.0,100.0,Complete
6820,133,5,10,486,18.9,34.2,67.1,Complete
6821,133,6,1,830,8.9,15.4,80.8,Complete
6822,133,6,2,669,7.4,13.8,81.8,Complete
6823,133,6,3,981,7.2,14.8,89.8,Complete
6824,133,6,4,824,8.7,15.0,95.3,Partial
6825,133,6,5,528,7.7,16.7,73.8,Complete
6826,133,6,6,574,9.3,16.1,88.1,Complete
6827,133,6,7,406,11.7,22.1,50.8,Complete
6828,133,6,8,794,12.0,22.1,65.2,Complete
6829,133,6,9,628,7.1,13.2,98.4,Complete
6830,133,6,10,694,9.0,15.3,89.6,Complete
6831,133,7,1,587,16.3,30.3,94.1,Complete
6832,133,7,2,559,14.3,29.6,78.1,Complete
6833,133,7,3,280,13.0,28.8,83.4,Complete
6834,133,7,4,382,15.0,28.3,90.4,Complete
6835,133,7,5,312,12.9,27.8,100.0,Complete
6836,133,7,6,437,16.1,31.5,86.0,Complete
6837,133,7,7,401,26.2,48.1,52.7,Complete
6838,133,7,8,328,22.4,37.8,71.0,Complete
6839,133,7,9,430,14.8,30.2,96.1,Complete
6840,133,7,10,289,13.7,26.8,95.5,Complete
6841,133,8,1,522,15.0,30.7,92.8,Estimated
6842,133,8,2,522,15.2,29.9,100.0,Complete
6843,133,8,3,277,16.3,35.3,75.2,Complete
6844,133,8,4,583,22.6,38.0,78.0,Complete
6845,133,8,5,358,19.1,36.2,72.3,Complete
6846,133,8,6,584,20.8,38.3,74.8,Complete
6847,133,8,7,285,21.4,40.9,61.5,Partial
6848,133,8,8,261,27.3,46.5,57.0,Complete
6849,133,8,9,598,14.2,27.7,100.0,Complete
6850,133,8,10,901,16.7,36.0,70.3,Complete
6851,134,1,1,149,123.0,208.1,76.5,Complete
6852,134,1,2,242,100.7,210.0,87.8,Complete
6853,134,1,3,105,105.6,223.4,72.2,Complete
6854,134,1,4,163,97.5,192.0,97.8,Complete
6855,134,1,5,179,135.2,225.6,72.5,Complete
6856,134,1,6,121,86.9,173.5,100.0,Complete
6857,134,1,7,80,133.5,263.7,59.1,Complete
6858,134,1,8,108,141.5,287.9,64.2,Complete
6859,134,1,9,303,126.9,227.9,67.9,Complete
6860,134,1,10,118,108.4,192.7,82.7,Complete
6861,134,2,1,129,135.6,231.9,79.2,Partial
6862,134,2,2,88,111.2,216.1,74.4,Complete
6863,134,2,3,266,119.7,203.6,92.4,Complete
6864,134,2,4,158,105.3,179.2,93.4,Complete
6865,134,2,5,197,131.2,230.3,64.5,Estimated
6866,134,2,6,243,104.3,189.8,81.6,Complete
6867,134,2,7,128,156.3,289.5,59.6,Partial
6868,134,2,8,105,126.9,245.1,65.1,Complete
6869,134,2,9,151,82.8,176.2,84.4,Complete
6870,134,2,10,283,106.1,215.7,76.7,Complete
6871,134,3,1,203,1.1,2.0,100.0,Complete
6872,134,3,2,206,1.5,2.5,65.5,Complete
6873,134,3,3,282,1.3,2.5,65.4,Complete
6874,134,3,4,224,1.4,2.5,65.7,Complete
6875,134,3,5,331,1.2,2.2,88.5,Complete
6876,134,3,6,254,1.2,2.2,88.0,Partial
6877,134,3,7,232,1.6,2.9,61.4,Complete
6878,134,3,8,206,1.6,2.7,64.8,Complete
6879,134,3,9,377,1.5,2.5,77.4,Partial
6880,134,3,10,472,1.2,2.2,92.0,Complete
6881,134,4,1,201,66.4,131.7,70.0,Complete
6882,134,4,2,131,56.9,119.6,75.0,Complete
6883,134,4,3,148,76.3,127.2,87.4,Complete
6884,134,4,4,134,79.5,138.6,69.6,Complete
6885,134,4,5,203,69.3,131.7,83.7,Complete
6886,134,4,6,86,59.1,124.4,89.3,Complete
6887,134,4,7,45,115.9,211.9,50.8,Complete
6888,134,4,8,120,94.3,164.7,60.9,Complete
6889,134,4,9,288,63.1,127.7,86.8,Complete
6890,134,4,10,197,79.2,134.6,67.7,Complete
6891,134,5,1,311,17.6,32.2,73.4,Complete
6892,134,5,2,179,17.5,34.8,76.1,Complete
6893,134,5,3,111,17.4,35.6,69.2,Complete
6894,134,5,4,168,15.8,34.3,78.5,Complete
6895,134,5,5,210,19.2,35.1,75.2,Complete
6896,134,5,6,194,17.6,29.4,98.2,Complete
6897,134,5,7,119,23.6,47.2,62.2,Complete
6898,134,5,8,42,23.9,40.8,57.1,Complete
6899,134,5,9,72,14.1,27.1,100.0,Complete
6900,134,5,10,174,17.4,32.2,75.2,Estimated
6901,134,6,1,298,9.6,17.2,80.4,Complete
6902,134,6,2,209,8.2,14.4,96.0,Complete
6903,134,6,3,382,7.5,15.9,76.1,Complete
6904,134,6,4,205,8.5,14.3,85.3,Complete
6905,134,6,5,251,10.5,18.1,68.1,Complete
6906,134,6,6,318,7.1,14.9,76.6,Complete
6907,134,6,7,296,12.9,25.5,47.8,Complete
6908,134,6,8,445,10.3,20.7,62.9,Complete
6909,134,6,9,452,7.7,13.6,100.0,Complete
6910,134,6,10,442,9.1,17.2,83.2,Estimated
6911,134,7,1,212,15.8,32.5,79.3,Complete
6912,134,7,2,114,16.0,33.5,70.3,Complete
6913,134,7,3,234,16.1,30.7,94.0,Complete
6914,134,7,4,149,20.0,35.4,72.1,Estimated
6915,134,7,5,222,17.0,34.5,66.9,Complete
6916,134,7,6,244,15.9,31.1,82.4,Complete
6917,134,7,7,142,20.1,38.8,63.6,Complete
6918,134,7,8,107,20.9,42.7,62.9,Complete
6919,134,7,9,148,15.3,33.2,80.6,Complete
6920,134,7,10,197,17.2,29.4,90.1,Complete
6921,134,8,1,216,14.1,30.3,95.4,Complete
6922,134,8,2,207,17.5,33.7,73.0,Complete
6923,134,8,3,249,20.7,35.8,73.5,Complete
6924,134,8,4,163,19.1,35.2,69.6,Complete
6925,134,8,5,237,18.6,34.2,90.8,Complete
6926,134,8,6,144,15.3,29.2,100.0,Complete
6927,134,8,7,59,22.9,46.1,55.2,Complete
6928,134,8,8,135,24.0,50.0,51.9,Estimated
6929,134,8,9,248,16.9,32.5,96.2,Complete
6930,134,8,10,272,15.8,31.0,100.0,Complete
6931,135,1,1,172,129.8,231.6,62.9,Complete
6932,135,1,2,80,112.9,222.8,73.5,Complete
6933,135,1,3,92,139.0,240.3,76.6,Complete
6934,135,1,4,186,96.8,179.7,90.0,Complete
6935,135,1,5,259,86.9,192.6,76.9,Partial
6936,135,1,6,162,112.2,218.9,78.7,Complete
6937,135,1,7,121,194.5,331.2,48.9,Complete
6938,135,1,8,203,175.3,328.6,48.7,Complete
6939,135,1,9,321,96.2,187.6,92.5,Complete
6940,135,1,10,179,108.3,208.3,75.0,Complete
6941,135,2,1,227,111.7,203.9,86.6,Estimated
6942,135,2,2,68,109.7,217.5,67.7,Complete
6943,135,2,3,244,122.5,237.4,74.8,Complete
6944,135,2,4,194,82.3,174.7,100.0,Complete
6945,135,2,5,207,98.2,184.1,85.9,Estimated
6946,135,2,6,87,116.1,223.5,79.0,Complete
6947,135,2,7,121,143.9,292.9,63.6,Complete
6948,135,2,8,91,175.3,317.0,47.4,Complete
6949,135,2,9,322,117.3,204.5,89.0,Complete
6950,135,2,10,286,107.1,230.6,67.7,Complete
6951,135,3,1,327,1.1,2.4,79.0,Complete
6952,135,3,2,316,1.2,2.7,69.2,Complete
6953,135,3,3,394,1.5,2.6,67.1,Complete
6954,135,3,4,367,1.3,2.6,65.3,Complete
6955,135,3,5,216,1.3,2.5,69.6,Complete
6956,135,3,6,328,1.3,2.6,68.4,Estimated
6957,135,3,7,372,1.6,3.3,57.9,Partial
6958,135,3,8,250,1.9,3.6,52.2,Complete
6959,135,3,9,382,1.2,2.4,67.9,Complete
6960,135,3,10,326,1.4,2.3,71.3,Complete
6961,135,4,1,279,74.3,147.7,66.8,Complete
6962,135,4,2,92,63.1,117.5,94.8,Partial
6963,135,4,3,127,67.7,128.2,71.7,Complete
6964,135,4,4,211,55.8,116.3,84.0,Complete
6965,135,4,5,152,65.4,128.8,81.1,Complete
6966,135,4,6,308,73.2,141.1,71.7,Complete
6967,135,4,7,57,98.0,166.8,63.2,Estimated
6968,135,4,8,42,88.8,185.1,57.7,Complete
6969,135,4,9,162,59.9,116.3,80.5,Complete
6970,135,4,10,159,54.5,105.8,100.0,Estimated
6971,135,5,1,242,17.3,30.2,87.8,Complete
6972,135,5,2,170,18.4,32.2,71.6,Complete
6973,135,5,3,226,17.0,32.7,82.8,Complete
6974,135,5,4,116,16.9,35.8,64.4,Complete
6975,135,5,5,328,16.3,35.7,67.1,Partial
6976,135,5,6,235,18.3,36.6,76.5,Complete
6977,135,5,7,71,22.2,45.1,56.8,Estimated
6978,135,5,8,128,19.1,39.1,59.2,Complete
6979,135,5,9,387,16.5,28.3,100.0,Complete
6980,135,5,10,367,18.3,35.4,69.7,Complete
6981,135,6,1,383,10.2,18.7,64.4,Complete
6982,135,6,2,236,10.7,18.9,67.9,Complete
6983,135,6,3,305,8.7,16.2,84.8,Partial
6984,135,6,4,270,9.9,16.6,82.3,Estimated
6985,135,6,5,288,7.9,16.6,82.4,Complete
6986,135,6,6,305,7.0,14.1,86.9,Complete
6987,135,6,7,399,13.1,23.6,49.2,Complete
6988,135,6,8,419,10.1,21.2,55.7,Complete
6989,135,6,9,282,9.6,17.1,78.4,Complete
6990,135,6,10,201,7.1,13.3,100.0,Complete
6991,135,7,1,182,17.7,36.2,62.0,Complete
6992,135,7,2,110,14.4,29.0,95.2,Complete
6993,135,7,3,173,18.2,32.8,87.9,Complete
6994,135,7,4,330,15.3,31.4,78.9,Complete
6995,135,7,5,221,17.0,33.5,71.2,Complete
6996,135,7,6,231,17.8,31.1,78.0,Complete
6997,135,7,7,135,26.7,52.3,52.4,Complete
6998,135,7,8,161,19.4,37.5,69.2,Estimated
6999,135,7,9,349,17.7,31.6,76.9,Partial
7000,135,7,10,151,13.3,26.0,93.9,Partial
7001,135,8,1,165,17.7,34.5,84.2,Complete
7002,135,8,2,405,17.0,31.5,95.9,Complete
7003,135,8,3,395,23.1,38.9,76.1,Complete
7004,135,8,4,261,17.8,35.0,74.8,Partial
7005,135,8,5,97,18.9,38.3,79.1,Complete
7006,135,8,6,103,14.3,28.3,99.5,Complete
7007,135,8,7,109,23.0,43.7,59.7,Complete
7008,135,8,8,135,26.9,53.5,46.0,Complete
7009,135,8,9,363,14.4,28.0,100.0,Complete
7010,135,8,10,294,17.2,37.3,75.7,Complete
7011,136,1,1,91,82.5,182.6,96.0,Complete
7012,136,1,2,105,90.1,193.3,94.9,Complete
7013,136,1,3,102,111.1,208.0,81.3,Complete
7014,136,1,4,96,131.9,228.1,81.5,Complete
7015,136,1,5,55,104.9,210.9,71.7,Complete
7016,136,1,6,108,96.7,185.0,87.4,Complete
7017,136,1,7,59,163.1,301.3,55.3,Complete
7018,136,1,8,67,152.2,308.8,59.3,Complete
7019,136,1,9,59,99.4,220.9,72.6,Complete
7020,136,1,10,125,92.3,183.7,92.8,Complete
7021,136,2,1,86,114.5,245.3,64.0,Complete
7022,136,2,2,36,82.7,176.7,90.8,Complete
7023,136,2,3,49,98.1,205.3,76.7,Estimated
7024,136,2,4,77,83.8,184.9,88.2,Complete
7025,136,2,5,60,86.3,173.1,92.7,Complete
7026,136,2,6,115,111.4,218.6,87.0,Complete
7027,136,2,7,25,168.8,332.2,47.4,Complete
7028,136,2,8,58,131.3,253.4,71.7,Complete
7029,136,2,9,148,129.9,230.2,75.1,Complete
7030,136,2,10,53,111.0,208.1,89.1,Partial
7031,136,3,1,179,1.2,2.6,74.2,Complete
7032,136,3,2,112,1.3,2.5,68.5,Complete
7033,136,3,3,92,1.3,2.5,76.5,Complete
7034,136,3,4,182,1.1,2.3,84.9,Complete
7035,136,3,5,180,1.2,2.1,87.1,Complete
7036,136,3,6,133,1.1,2.0,97.9,Partial
7037,136,3,7,134,1.7,3.2,52.4,Complete
7038,136,3,8,112,1.8,3.6,52.1,Complete
7039,136,3,9,167,1.0,2.0,91.3,Complete
7040,136,3,10,188,1.1,2.1,93.6,Partial
7041,136,4,1,69,65.9,142.8,77.5,Partial
7042,136,4,2,99,74.1,134.8,86.5,Complete
7043,136,4,3,80,58.2,119.4,87.2,Complete
7044,136,4,4,113,86.4,145.3,69.3,Complete
7045,136,4,5,52,77.5,134.5,82.8,Complete
7046,136,4,6,123,72.7,131.3,72.7,Complete
7047,136,4,7,33,90.8,156.3,63.0,Estimated
7048,136,4,8,54,94.8,183.5,64.1,Complete
7049,136,4,9,95,59.2,125.2,92.4,Complete
7050,136,4,10,173,70.9,136.1,69.5,Complete
7051,136,5,1,92,17.4,29.3,93.0,Complete
7052,136,5,2,130,16.4,30.0,75.0,Complete
7053,136,5,3,41,21.7,36.6,70.9,Complete
7054,136,5,4,117,19.6,34.8,75.4,Complete
7055,136,5,5,108,18.7,33.6,79.3,Complete
7056,136,5,6,86,14.2,28.5,90.7,Complete
7057,136,5,7,76,18.4,38.0,64.7,Complete
7058,136,5,8,64,25.6,43.6,59.2,Complete
7059,136,5,9,81,14.1,30.2,76.4,Partial
7060,136,5,10,82,16.7,33.3,73.8,Complete
7061,136,6,1,154,10.8,18.2,61.7,Complete
7062,136,6,2,91,10.6,17.9,65.3,Complete
7063,136,6,3,110,8.5,17.9,79.2,Complete
7064,136,6,4,130,9.1,16.9,67.2,Partial
7065,136,6,5,127,6.8,13.3,85.6,Complete
7066,136,6,6,151,7.7,14.0,100.0,Complete
7067,136,6,7,152,14.5,26.2,51.6,Complete
7068,136,6,8,125,15.1,26.2,55.4,Partial
7069,136,6,9,148,7.7,16.8,80.7,Complete
7070,136,6,10,137,6.7,12.9,100.0,Complete
7071,136,7,1,70,14.9,30.2,86.9,Complete
7072,136,7,2,100,17.2,30.9,76.8,Complete
7073,136,7,3,97,14.3,27.2,100.0,Complete
7074,136,7,4,45,17.8,32.4,78.5,Complete
7075,136,7,5,59,15.8,32.4,71.0,Complete
7076,136,7,6,37,16.7,32.5,81.2,Complete
7077,136,7,7,52,25.8,50.8,45.1,Complete
7078,136,7,8,33,24.6,51.8,52.2,Complete
7079,136,7,9,153,15.9,31.3,86.2,Complete
7080,136,7,10,91,16.6,35.7,64.6,Complete
7081,136,8,1,72,19.6,34.1,71.8,Complete
7082,136,8,2,104,20.8,39.8,62.3,Complete
7083,136,8,3,104,16.4,31.1,80.6,Complete
7084,136,8,4,114,18.3,37.7,77.6,Complete
7085,136,8,5,100,20.2,33.9,80.1,Complete
7086,136,8,6,50,22.3,37.6,80.2,Complete
7087,136,8,7,58,24.2,40.6,62.1,Complete
7088,136,8,8,35,31.8,53.2,55.4,Complete
7089,136,8,9,166,17.5,30.2,100.0,Complete
7090,136,8,10,168,20.1,34.5,83.9,Complete
7091,137,8,1,20,27.8,46.8,51.7,Partial
7092,137,8,2,47,25.2,45.9,67.3,Complete
7093,137,8,3,51,16.9,37.3,78.3,Complete
7094,137,8,4,55,18.0,38.5,68.2,Complete
7095,137,8,5,23,17.6,32.3,78.0,Complete
7096,137,8,6,71,19.3,35.9,85.3,Complete
7097,137,8,7,19,29.3,53.9,53.4,Partial
7098,137,8,8,29,24.8,52.1,52.5,Complete
7099,137,8,9,71,21.2,39.2,77.4,Complete
7100,137,8,10,73,21.9,41.2,75.5,Complete
7101,138,1,1,100,109.6,214.5,76.5,Complete
7102,138,1,2,147,86.4,180.5,90.0,Complete
7103,138,1,3,56,120.9,231.2,75.5,Complete
7104,138,1,4,115,96.1,185.1,100.0,Complete
7105,138,1,5,180,89.5,180.9,100.0,Complete
7106,138,1,6,80,123.8,226.3,67.3,Complete
7107,138,1,7,113,131.4,257.0,58.3,Complete
7108,138,1,8,97,160.9,310.0,58.7,Complete
7109,138,1,9,119,91.1,178.8,84.8,Complete
7110,138,1,10,162,95.4,169.2,100.0,Complete
7111,138,2,1,117,98.1,202.5,86.6,Complete
7112,138,2,2,86,97.3,212.5,86.0,Partial
7113,138,2,3,151,115.9,209.6,70.6,Complete
7114,138,2,4,63,106.5,189.9,91.6,Complete
7115,138,2,5,185,102.4,192.1,90.5,Complete
7116,138,2,6,194,96.1,190.4,97.2,Complete
7117,138,2,7,89,122.5,248.5,65.4,Complete
7118,138,2,8,115,115.5,246.0,73.8,Complete
7119,138,2,9,69,103.7,200.2,76.1,Complete
7120,138,2,10,211,96.6,188.4,82.6,Complete
7121,138,3,1,289,1.2,2.1,90.6,Complete
7122,138,3,2,144,1.3,2.4,77.9,Complete
7123,138,3,3,125,1.2,2.2,91.3,Complete
7124,138,3,4,174,1.3,2.3,69.5,Complete
7125,138,3,5,178,1.3,2.3,82.1,Complete
7126,138,3,6,209,1.2,2.4,70.1,Partial
7127,138,3,7,204,1.6,3.5,49.6,Complete
7128,138,3,8,321,1.4,2.8,72.0,Complete
7129,138,3,9,194,1.4,2.5,80.5,Complete
7130,138,3,10,130,1.1,2.2,92.7,Complete
7131,138,4,1,67,68.3,122.4,81.4,Complete
7132,138,4,2,177,71.7,144.1,76.5,Complete
7133,138,4,3,118,55.6,121.8,92.9,Complete
7134,138,4,4,79,70.1,135.9,80.0,Complete
7135,138,4,5,112,80.4,135.1,78.7,Complete
7136,138,4,6,62,60.8,130.4,72.9,Complete
7137,138,4,7,85,81.9,170.9,67.2,Complete
7138,138,4,8,37,92.4,200.3,46.8,Complete
7139,138,4,9,93,65.5,133.2,83.3,Complete
7140,138,4,10,105,61.9,104.1,90.1,Complete
7141,138,5,1,106,14.8,26.5,100.0,Complete
7142,138,5,2,61,14.9,29.1,78.6,Estimated
7143,138,5,3,97,18.7,36.0,71.5,Complete
7144,138,5,4,88,13.1,27.7,100.0,Complete
7145,138,5,5,181,16.3,33.2,86.6,Estimated
7146,138,5,6,188,14.4,31.7,89.6,Complete
7147,138,5,7,135,26.8,45.1,57.7,Partial
7148,138,5,8,28,25.1,46.9,53.6,Estimated
7149,138,5,9,207,13.1,29.0,98.5,Complete
7150,138,5,10,99,12.3,24.7,100.0,Complete
7151,138,6,1,135,9.5,16.3,73.6,Complete
7152,138,6,2,259,8.8,15.9,86.8,Complete
7153,138,6,3,114,6.6,13.0,91.9,Complete
7154,138,6,4,204,7.2,13.9,87.1,Complete
7155,138,6,5,274,8.7,15.2,77.1,Complete
7156,138,6,6,160,7.6,16.4,81.4,Complete
7157,138,6,7,160,9.6,19.8,61.2,Complete
7158,138,6,8,175,10.5,21.5,67.9,Complete
7159,138,6,9,204,6.1,12.8,96.3,Estimated
7160,138,6,10,135,7.1,15.0,95.2,Complete
7161,138,7,1,133,18.1,30.2,77.0,Partial
7162,138,7,2,67,12.7,26.6,84.5,Complete
7163,138,7,3,54,21.1,35.2,79.4,Complete
7164,138,7,4,125,13.3,28.5,93.4,Complete
7165,138,7,5,62,15.1,27.7,82.3,Complete
7166,138,7,6,171,15.9,35.1,66.8,Partial
7167,138,7,7,87,21.4,39.8,71.8,Complete
7168,138,7,8,42,22.2,47.2,61.6,Complete
7169,138,7,9,156,14.3,31.8,71.4,Complete
7170,138,7,10,177,14.9,26.7,100.0,Complete
7171,138,8,1,52,21.3,37.1,77.5,Partial
7172,138,8,2,189,20.4,37.6,75.5,Complete
7173,138,8,3,49,20.2,36.3,66.2,Partial
7174,138,8,4,80,18.2,33.3,90.6,Partial
7175,138,8,5,104,20.7,38.1,77.6,Complete
7176,138,8,6,58,20.3,37.3,64.9,Complete
7177,138,8,7,124,27.8,52.4,51.0,Complete
7178,138,8,8,25,19.0,41.4,66.4,Complete
7179,138,8,9,255,19.0,34.2,86.4,Complete
7180,138,8,10,226,12.2,26.3,100.0,Complete
7181,139,1,1,51,126.1,211.0,87.6,Complete
7182,139,1,2,93,141.0,236.8,64.3,Complete
7183,139,1,3,101,115.9,232.5,68.3,Complete
7184,139,1,4,29,111.4,222.3,79.5,Complete
7185,139,1,5,95,101.4,203.8,73.4,Complete
7186,139,1,6,55,102.8,174.2,99.4,Complete
7187,139,1,7,33,160.8,321.9,50.2,Complete
7188,139,1,8,29,123.3,255.0,62.7,Complete
7189,139,1,9,30,119.4,230.6,76.3,Complete
7190,139,1,10,54,94.9,184.5,87.7,Partial
7191,139,7,1,63,14.2,28.0,91.4,Complete
7192,139,7,2,54,16.4,33.5,70.2,Complete
7193,139,7,3,87,15.8,31.6,72.9,Complete
7194,139,7,4,109,14.8,28.2,91.0,Complete
7195,139,7,5,56,18.5,33.8,81.0,Complete
7196,139,7,6,30,19.4,34.1,84.6,Complete
7197,139,7,7,33,22.8,50.2,49.5,Complete
7198,139,7,8,19,21.2,38.1,63.6,Estimated
7199,139,7,9,55,14.1,27.5,98.5,Partial
7200,139,7,10,110,12.8,26.4,92.7,Complete
7201,139,8,1,34,21.5,38.0,74.5,Complete
7202,139,8,2,60,17.6,34.2,79.3,Complete
7203,139,8,3,24,21.7,39.5,62.1,Complete
7204,139,8,4,58,21.8,38.1,63.5,Complete
7205,139,8,5,51,15.7,29.7,89.4,Partial
7206,139,8,6,49,16.3,32.8,77.5,Partial
7207,139,8,7,29,23.7,51.1,54.7,Estimated
7208,139,8,8,34,24.5,41.9,65.2,Partial
7209,139,8,9,45,18.3,35.9,83.9,Complete
7210,139,8,10,25,14.8,30.0,100.0,Partial
7211,140,1,1,174,112.6,219.7,79.6,Complete
7212,140,1,2,63,99.8,198.0,74.1,Complete
7213,140,1,3,164,103.3,190.4,82.2,Complete
7214,140,1,4,155,98.3,189.2,95.7,Complete
7215,140,1,5,206,89.2,190.0,80.8,Complete
7216,140,1,6,70,109.7,231.4,72.7,Complete
7217,140,1,7,43,159.5,315.6,60.1,Partial
7218,140,1,8,58,112.4,248.7,63.0,Complete
7219,140,1,9,204,112.5,216.6,69.2,Complete
7220,140,1,10,77,99.1,168.9,89.0,Complete
7221,140,2,1,168,126.6,227.2,75.6,Partial
7222,140,2,2,79,100.5,218.3,80.4,Complete
7223,140,2,3,121,131.4,240.5,63.5,Complete
7224,140,2,4,102,109.1,217.1,74.8,Complete
7225,140,2,5,122,94.3,185.4,84.4,Complete
7226,140,2,6,148,114.8,198.1,95.6,Complete
7227,140,2,7,127,158.0,301.2,57.9,Complete
7228,140,2,8,70,171.9,296.3,56.4,Complete
7229,140,2,9,201,91.6,166.7,99.6,Partial
7230,140,2,10,183,95.0,196.3,89.3,Complete
7231,140,3,1,234,1.1,2.1,89.8,Complete
7232,140,3,2,215,1.4,2.5,77.6,Complete
7233,140,3,3,133,0.9,2.0,98.7,Complete
7234,140,3,4,166,1.4,2.4,72.2,Complete
7235,140,3,5,152,1.1,2.3,72.1,Complete
7236,140,3,6,163,1.3,2.4,70.3,Complete
7237,140,3,7,175,1.5,2.9,68.1,Complete
7238,140,3,8,236,1.8,3.7,55.4,Complete
7239,140,3,9,168,1.2,2.3,79.9,Complete
7240,140,3,10,246,1.4,2.3,72.0,Complete
7241,140,4,1,108,65.9,126.5,71.0,Complete
7242,140,4,2,85,88.1,151.7,68.3,Complete
7243,140,4,3,92,66.0,121.7,75.0,Complete
7244,140,4,4,45,74.5,129.1,84.7,Complete
7245,140,4,5,72,70.0,124.3,85.0,Partial
7246,140,4,6,178,79.6,145.2,66.3,Complete
7247,140,4,7,46,87.2,169.9,62.1,Partial
7248,140,4,8,147,109.6,186.1,61.6,Partial
7249,140,4,9,249,68.1,124.7,88.0,Complete
7250,140,4,10,182,61.6,103.4,100.0,Partial
7251,140,5,1,123,18.0,32.8,79.2,Complete
7252,140,5,2,194,16.5,35.8,71.7,Complete
7253,140,5,3,227,18.5,32.1,75.9,Complete
7254,140,5,4,131,20.8,36.4,66.1,Complete
7255,140,5,5,238,20.9,36.7,68.1,Complete
7256,140,5,6,73,15.5,29.9,80.8,Complete
7257,140,5,7,76,26.9,48.9,52.9,Complete
7258,140,5,8,27,25.7,49.8,57.2,Complete
7259,140,5,9,137,16.5,28.4,95.7,Complete
7260,140,5,10,205,17.9,32.3,84.0,Complete
7261,140,6,1,219,10.1,18.5,73.6,Complete
7262,140,6,2,260,10.5,19.1,65.5,Complete
7263,140,6,3,136,6.5,13.5,97.5,Complete
7264,140,6,4,177,7.2,15.5,74.1,Complete
7265,140,6,5,180,10.0,18.4,76.0,Partial
7266,140,6,6,202,7.9,14.0,92.3,Complete
7267,140,6,7,332,10.9,21.8,59.8,Complete
7268,140,6,8,190,12.3,22.5,54.8,Complete
7269,140,6,9,269,7.6,13.0,89.0,Complete
7270,140,6,10,308,8.3,14.1,97.4,Complete
7271,140,7,1,84,16.4,33.4,80.0,Partial
7272,140,7,2,179,16.2,33.9,83.9,Complete
7273,140,7,3,189,17.2,30.6,92.5,Complete
7274,140,7,4,139,21.6,36.4,76.1,Complete
7275,140,7,5,212,17.1,30.3,84.4,Complete
7276,140,7,6,234,14.5,32.0,71.9,Complete
7277,140,7,7,65,23.5,41.0,58.1,Complete
7278,140,7,8,40,20.1,42.9,66.3,Complete
7279,140,7,9,234,13.5,28.2,85.1,Complete
7280,140,7,10,214,17.5,33.5,83.6,Complete
7281,140,8,1,174,13.8,30.6,90.2,Complete
7282,140,8,2,160,17.6,30.5,92.2,Complete
7283,140,8,3,215,17.8,31.7,85.7,Complete
7284,140,8,4,63,20.2,35.2,81.4,Complete
7285,140,8,5,167,20.6,35.4,85.2,Complete
7286,140,8,6,78,15.1,30.9,93.9,Complete
7287,140,8,7,50,21.9,46.7,65.3,Complete
7288,140,8,8,62,24.8,48.8,57.6,Partial
7289,140,8,9,154,15.5,28.5,100.0,Estimated
7290,140,8,10,218,17.2,28.7,88.5,Complete
7291,141,1,1,149,120.2,239.4,61.8,Complete
7292,141,1,2,275,116.3,194.1,90.5,Complete
7293,141,1,3,449,103.8,209.9,73.1,Complete
7294,141,1,4,234,124.2,241.8,72.6,Complete
7295,141,1,5,389,101.3,177.1,100.0,Estimated
7296,141,1,6,447,101.3,197.6,84.1,Complete
7297,141,1,7,165,114.2,253.5,69.7,Complete
7298,141,1,8,148,161.3,314.6,56.5,Complete
7299,141,1,9,312,97.2,215.6,87.2,Complete
7300,141,1,10,379,91.2,198.5,88.8,Complete
7301,141,2,1,479,106.8,235.3,77.1,Complete
7302,141,2,2,501,117.5,213.0,70.1,Complete
7303,141,2,3,324,118.4,217.2,82.2,Complete
7304,141,2,4,466,86.9,188.2,95.5,Partial
7305,141,2,5,134,84.3,178.4,92.4,Complete
7306,141,2,6,212,107.9,194.9,85.8,Complete
7307,141,2,7,204,162.1,294.5,63.1,Partial
7308,141,2,8,202,150.0,269.7,61.3,Complete
7309,141,2,9,530,134.4,228.0,71.9,Complete
7310,141,2,10,631,109.2,184.0,100.0,Partial
7311,141,3,1,484,1.0,2.2,82.9,Complete
7312,141,3,2,754,1.0,2.1,79.0,Complete
7313,141,3,3,565,1.3,2.5,71.5,Complete
7314,141,3,4,707,1.3,2.5,78.8,Complete
7315,141,3,5,434,1.3,2.4,76.2,Complete
7316,141,3,6,637,1.2,2.4,68.1,Complete
7317,141,3,7,445,2.0,3.6,57.8,Complete
7318,141,3,8,489,1.9,3.5,50.3,Complete
7319,141,3,9,390,0.9,1.9,90.3,Complete
7320,141,3,10,511,1.2,2.2,85.6,Complete
7321,141,4,1,553,62.9,131.0,88.0,Estimated
7322,141,4,2,393,67.4,129.6,75.6,Complete
7323,141,4,3,336,64.8,119.7,85.0,Complete
7324,141,4,4,420,72.6,121.0,88.2,Complete
7325,141,4,5,189,65.0,123.2,77.6,Complete
7326,141,4,6,105,71.0,145.9,74.4,Partial
7327,141,4,7,186,112.1,202.0,44.4,Complete
7328,141,4,8,259,83.1,169.0,66.7,Complete
7329,141,4,9,225,53.0,110.1,83.7,Complete
7330,141,4,10,384,78.0,140.8,75.3,Estimated
7331,141,5,1,397,21.4,37.6,71.4,Complete
7332,141,5,2,169,15.8,32.7,87.5,Complete
7333,141,5,3,251,20.7,36.0,68.1,Partial
7334,141,5,4,486,14.8,30.3,88.0,Complete
7335,141,5,5,414,17.1,30.9,77.6,Complete
7336,141,5,6,292,17.7,33.7,86.7,Complete
7337,141,5,7,94,21.4,45.8,55.1,Complete
7338,141,5,8,140,23.9,49.9,49.3,Complete
7339,141,5,9,385,19.6,32.8,84.6,Complete
7340,141,5,10,254,18.0,31.2,75.9,Complete
7341,141,6,1,639,6.3,14.0,88.0,Complete
7342,141,6,2,560,8.8,14.8,90.4,Complete
7343,141,6,3,453,8.1,16.0,71.2,Complete
7344,141,6,4,638,6.7,13.8,86.4,Complete
7345,141,6,5,614,9.4,18.7,61.1,Complete
7346,141,6,6,671,7.1,15.3,91.0,Partial
7347,141,6,7,438,9.6,20.6,55.4,Complete
7348,141,6,8,709,9.1,19.8,62.0,Complete
7349,141,6,9,470,8.1,16.3,70.3,Complete
7350,141,6,10,425,7.4,15.2,77.6,Complete
7351,141,7,1,340,16.3,29.8,83.8,Complete
7352,141,7,2,184,17.6,30.9,73.3,Complete
7353,141,7,3,555,15.6,32.4,83.3,Partial
7354,141,7,4,509,19.2,34.3,83.0,Complete
7355,141,7,5,279,17.4,30.0,77.9,Complete
7356,141,7,6,219,15.9,29.4,99.3,Complete
7357,141,7,7,105,23.6,48.4,53.2,Complete
7358,141,7,8,178,27.5,48.7,51.0,Complete
7359,141,7,9,298,17.4,35.3,71.2,Complete
7360,141,7,10,274,14.3,31.4,74.7,Complete
7361,141,8,1,219,16.8,32.0,89.1,Complete
7362,141,8,2,407,19.1,40.7,67.6,Complete
7363,141,8,3,117,19.8,35.4,84.0,Complete
7364,141,8,4,157,19.7,35.7,87.3,Complete
7365,141,8,5,176,19.9,34.6,78.9,Complete
7366,141,8,6,170,19.5,37.9,71.6,Complete
7367,141,8,7,118,21.7,44.4,70.9,Complete
7368,141,8,8,204,21.5,45.0,64.4,Complete
7369,141,8,9,269,17.1,37.5,64.7,Complete
7370,141,8,10,653,15.3,27.8,100.0,Complete
7371,142,1,1,24,134.8,244.5,71.1,Complete
7372,142,1,2,24,135.8,229.4,66.4,Complete
7373,142,1,3,27,99.0,178.2,99.3,Complete
7374,142,1,4,27,113.1,196.5,88.4,Complete
7375,142,1,5,27,122.8,224.3,73.9,Complete
7376,142,1,6,28,142.6,238.2,63.5,Complete
7377,142,1,7,14,176.7,336.8,51.5,Complete
7378,142,1,8,20,130.2,246.7,60.1,Complete
7379,142,1,9,30,79.4,172.9,100.0,Complete
7380,142,1,10,45,105.0,175.8,90.9,Complete
7381,142,2,1,21,119.1,247.5,74.6,Complete
7382,142,2,2,29,113.0,200.5,83.4,Complete
7383,142,2,3,30,100.4,185.5,91.1,Complete
7384,142,2,4,20,123.1,212.8,84.2,Complete
7385,142,2,5,23,113.5,213.9,85.0,Complete
7386,142,2,6,10,135.4,228.1,77.9,Complete
7387,142,2,7,6,173.6,316.6,50.3,Estimated
7388,142,2,8,15,146.8,311.5,55.0,Complete
7389,142,2,9,43,98.2,192.2,77.5,Complete
7390,142,2,10,31,107.2,182.2,81.5,Estimated
7391,142,4,1,28,53.1,117.7,97.4,Complete
7392,142,4,2,19,61.1,126.2,73.8,Complete
7393,142,4,3,17,69.2,119.4,86.5,Partial
7394,142,4,4,39,75.1,131.6,74.2,Complete
7395,142,4,5,9,76.7,138.4,69.0,Complete
7396,142,4,6,11,75.3,137.1,68.2,Estimated
7397,142,4,7,12,88.9,191.7,52.9,Complete
7398,142,4,8,18,99.5,169.5,64.9,Complete
7399,142,4,9,31,67.2,137.6,82.2,Estimated
7400,142,4,10,35,66.1,126.7,71.2,Complete
7401,142,5,1,12,17.1,31.3,85.1,Complete
7402,142,5,2,40,16.5,32.5,84.2,Complete
7403,142,5,3,21,15.7,30.3,95.3,Estimated
7404,142,5,4,34,17.2,30.4,79.4,Partial
7405,142,5,5,11,17.9,35.3,78.9,Complete
7406,142,5,6,21,19.1,33.9,79.8,Partial
7407,142,5,7,7,24.4,52.1,50.9,Complete
7408,142,5,8,8,24.9,52.4,56.1,Partial
7409,142,5,9,40,13.3,28.3,85.0,Complete
7410,142,5,10,45,20.5,35.5,74.1,Partial
7411,142,7,1,12,16.0,28.4,100.0,Complete
7412,142,7,2,27,16.3,27.5,87.9,Complete
7413,142,7,3,25,18.5,33.0,68.8,Partial
7414,142,7,4,32,21.3,36.2,74.6,Complete
7415,142,7,5,23,15.6,33.8,81.6,Complete
7416,142,7,6,35,14.9,26.8,98.2,Complete
7417,142,7,7,7,17.3,38.3,67.5,Complete
7418,142,7,8,8,24.4,44.6,54.6,Estimated
7419,142,7,9,16,14.1,30.4,88.4,Complete
7420,142,7,10,24,15.3,31.8,79.2,Complete
7421,142,8,1,23,22.4,39.7,71.4,Complete
7422,142,8,2,32,16.7,30.8,88.2,Complete
7423,142,8,3,37,17.7,38.4,81.4,Complete
7424,142,8,4,14,23.2,40.3,64.7,Complete
7425,142,8,5,30,17.3,29.7,88.9,Complete
7426,142,8,6,13,16.0,28.3,88.0,Complete
7427,142,8,7,22,22.7,50.4,51.3,Complete
7428,142,8,8,20,20.1,40.9,76.6,Complete
7429,142,8,9,14,16.7,30.8,98.3,Complete
7430,142,8,10,16,16.2,30.7,78.9,Complete
7431,143,1,1,125,88.6,179.8,100.0,Partial
7432,143,1,2,123,103.2,208.0,74.5,Partial
7433,143,1,3,100,91.3,187.3,87.6,Complete
7434,143,1,4,116,109.4,209.7,69.8,Complete
7435,143,1,5,48,104.4,178.3,100.0,Complete
7436,143,1,6,113,123.4,219.8,80.4,Complete
7437,143,1,7,74,136.2,292.0,59.0,Partial
7438,143,1,8,59,151.9,283.7,65.1,Complete
7439,143,1,9,122,98.2,172.4,100.0,Complete
7440,143,1,10,184,100.5,213.4,81.1,Complete
7441,143,2,1,142,107.1,210.9,74.6,Complete
7442,143,2,2,125,107.8,235.0,71.0,Complete
7443,143,2,3,105,96.6,192.6,92.8,Complete
7444,143,2,4,159,139.4,244.0,72.5,Complete
7445,143,2,5,76,105.0,213.7,87.4,Complete
7446,143,2,6,138,101.9,171.6,86.5,Complete
7447,143,2,7,39,147.5,320.6,50.8,Complete
7448,143,2,8,36,123.0,252.3,58.2,Complete
7449,143,2,9,78,110.4,209.7,84.0,Complete
7450,143,2,10,191,90.7,188.4,79.6,Partial
7451,143,3,1,225,1.2,2.3,83.5,Complete
7452,143,3,2,176,1.0,2.0,100.0,Partial
7453,143,3,3,140,1.2,2.5,68.3,Complete
7454,143,3,4,118,1.4,2.4,70.8,Complete
7455,143,3,5,177,1.3,2.3,78.2,Complete
7456,143,3,6,151,1.1,2.0,93.3,Complete
7457,143,3,7,133,1.5,3.3,55.7,Complete
7458,143,3,8,154,1.9,3.6,52.2,Complete
7459,143,3,9,210,1.4,2.6,67.7,Complete
7460,143,3,10,305,1.0,2.0,87.4,Partial
7461,143,4,1,107,69.2,122.3,78.3,Complete
7462,143,4,2,171,76.9,129.0,77.7,Complete
7463,143,4,3,122,73.1,138.2,70.6,Estimated
7464,143,4,4,73,89.8,150.2,60.0,Complete
7465,143,4,5,166,62.2,132.1,69.8,Complete
7466,143,4,6,34,57.9,122.9,76.5,Complete
7467,143,4,7,40,123.9,209.9,53.7,Complete
7468,143,4,8,26,108.1,195.5,59.1,Complete
7469,143,4,9,86,64.2,118.7,83.5,Complete
7470,143,4,10,114,74.5,126.9,84.5,Complete
7471,143,5,1,151,18.1,35.6,77.7,Complete
7472,143,5,2,161,17.5,36.2,79.6,Partial
7473,143,5,3,148,17.2,29.2,89.3,Complete
7474,143,5,4,115,20.0,35.3,74.7,Complete
7475,143,5,5,65,16.1,34.4,65.6,Complete
7476,143,5,6,48,15.5,34.1,80.5,Partial
7477,143,5,7,38,22.4,49.5,52.8,Complete
7478,143,5,8,68,28.7,49.2,52.8,Partial
7479,143,5,9,77,16.3,27.9,81.4,Complete
7480,143,5,10,97,16.9,29.3,91.4,Complete
7481,143,6,1,248,10.1,17.5,80.5,Complete
7482,143,6,2,131,8.2,16.9,77.4,Complete
7483,143,6,3,142,8.5,17.0,83.2,Complete
7484,143,6,4,164,10.0,17.9,66.6,Complete
7485,143,6,5,132,7.9,14.0,100.0,Complete
7486,143,6,6,83,7.5,13.5,100.0,Complete
7487,143,6,7,148,9.3,19.6,62.3,Partial
7488,143,6,8,123,11.9,26.3,55.5,Complete
7489,143,6,9,142,8.6,16.1,78.9,Complete
7490,143,6,10,170,9.3,16.5,71.9,Complete
7491,143,7,1,137,16.8,30.9,73.0,Complete
7492,143,7,2,118,17.4,31.9,71.2,Complete
7493,143,7,3,68,15.9,35.1,77.4,Complete
7494,143,7,4,113,19.7,36.3,69.3,Complete
7495,143,7,5,157,18.3,36.9,77.1,Complete
7496,143,7,6,166,17.2,30.9,86.5,Complete
7497,143,7,7,33,26.1,51.1,46.1,Complete
7498,143,7,8,89,26.6,47.1,55.9,Complete
7499,143,7,9,115,19.2,34.8,75.8,Complete
7500,143,7,10,178,21.0,35.8,74.2,Complete
7501,143,8,1,44,21.0,37.6,81.6,Complete
7502,143,8,2,112,20.2,40.1,60.6,Partial
7503,143,8,3,89,16.4,34.1,91.2,Complete
7504,143,8,4,165,17.6,36.8,81.3,Complete
7505,143,8,5,59,18.2,35.5,81.1,Partial
7506,143,8,6,75,19.9,37.6,64.4,Complete
7507,143,8,7,39,24.6,44.0,66.5,Complete
7508,143,8,8,75,29.8,53.1,49.3,Complete
7509,143,8,9,151,20.1,35.4,77.5,Complete
7510,143,8,10,83,15.5,31.2,88.6,Complete
7511,144,1,1,160,106.0,191.8,97.2,Complete
7512,144,1,2,56,126.1,211.9,70.9,Complete
7513,144,1,3,186,102.2,183.2,81.9,Complete
7514,144,1,4,62,123.1,238.4,79.3,Complete
7515,144,1,5,120,93.9,188.8,98.9,Complete
7516,144,1,6,211,117.2,218.2,68.4,Complete
7517,144,1,7,73,145.2,259.9,72.0,Complete
7518,144,1,8,100,153.8,293.1,52.6,Complete
7519,144,1,9,139,103.0,217.5,81.9,Complete
7520,144,1,10,180,98.0,174.2,94.0,Complete
7521,144,2,1,237,96.5,194.2,92.6,Complete
7522,144,2,2,85,98.3,216.5,81.0,Complete
7523,144,2,3,215,100.2,219.4,71.6,Estimated
7524,144,2,4,133,91.9,187.9,81.2,Partial
7525,144,2,5,204,100.8,180.8,86.2,Partial
7526,144,2,6,152,117.8,217.9,80.8,Complete
7527,144,2,7,55,131.8,291.1,58.8,Complete
7528,144,2,8,91,151.0,311.4,51.2,Complete
7529,144,2,9,76,102.0,220.8,72.9,Complete
7530,144,2,10,185,108.6,197.8,91.6,Complete
7531,144,3,1,186,1.1,2.4,79.3,Complete
7532,144,3,2,163,1.3,2.4,85.4,Complete
7533,144,3,3,186,1.0,2.1,85.7,Complete
7534,144,3,4,247,1.3,2.4,75.7,Complete
7535,144,3,5,172,1.0,1.9,94.8,Partial
7536,144,3,6,248,1.1,2.1,80.9,Complete
7537,144,3,7,238,1.5,3.0,61.0,Complete
7538,144,3,8,222,1.6,2.8,58.2,Complete
7539,144,3,9,196,1.4,2.4,84.8,Complete
7540,144,3,10,184,1.0,2.2,87.2,Complete
7541,144,4,1,134,68.8,145.8,75.7,Complete
7542,144,4,2,169,58.9,127.6,79.5,Complete
7543,144,4,3,86,55.7,113.0,83.1,Complete
7544,144,4,4,234,63.7,116.3,97.4,Complete
7545,144,4,5,148,67.2,129.5,89.8,Complete
7546,144,4,6,77,71.7,128.7,83.8,Complete
7547,144,4,7,92,102.7,185.3,60.3,Complete
7548,144,4,8,71,87.5,154.8,66.0,Complete
7549,144,4,9,137,72.0,138.8,78.4,Complete
7550,144,4,10,61,59.3,117.8,92.6,Complete
7551,144,5,1,136,19.4,34.2,78.6,Complete
7552,144,5,2,193,17.8,31.4,90.2,Complete
7553,144,5,3,70,18.6,31.3,92.3,Complete
7554,144,5,4,189,16.2,31.6,79.3,Complete
7555,144,5,5,168,15.8,30.8,83.3,Complete
7556,144,5,6,137,17.1,29.1,90.3,Complete
7557,144,5,7,133,20.5,40.1,66.2,Complete
7558,144,5,8,120,23.2,44.6,50.4,Complete
7559,144,5,9,115,17.1,29.9,96.6,Complete
7560,144,5,10,195,16.9,33.6,66.6,Complete
7561,144,6,1,202,10.8,18.8,72.0,Complete
7562,144,6,2,196,9.9,16.8,74.5,Complete
7563,144,6,3,244,8.6,16.0,70.1,Complete
7564,144,6,4,170,7.4,14.7,77.8,Complete
7565,144,6,5,127,6.6,14.1,81.7,Complete
7566,144,6,6,242,8.5,15.5,91.9,Complete
7567,144,6,7,190,14.2,26.3,45.5,Complete
7568,144,6,8,321,13.0,24.8,46.0,Partial
7569,144,6,9,352,7.2,15.3,81.9,Partial
7570,144,6,10,342,7.4,16.0,71.0,Complete
7571,144,7,1,120,15.5,31.1,88.1,Complete
7572,144,7,2,107,16.2,28.7,99.4,Complete
7573,144,7,3,175,16.8,28.7,80.4,Estimated
7574,144,7,4,63,16.1,34.9,81.2,Partial
7575,144,7,5,142,19.3,36.2,63.5,Complete
7576,144,7,6,50,13.0,28.6,79.6,Complete
7577,144,7,7,86,21.1,46.0,63.4,Complete
7578,144,7,8,73,18.8,39.8,61.2,Complete
7579,144,7,9,154,19.2,34.8,77.7,Complete
7580,144,7,10,189,12.7,27.3,93.4,Complete
7581,144,8,1,150,21.4,38.6,67.0,Complete
7582,144,8,2,213,20.2,37.4,75.5,Complete
7583,144,8,3,152,14.9,29.2,94.2,Complete
7584,144,8,4,134,16.4,28.8,93.0,Complete
7585,144,8,5,260,15.8,33.4,81.7,Estimated
7586,144,8,6,60,13.9,28.8,87.5,Complete
7587,144,8,7,124,24.3,45.4,63.0,Complete
7588,144,8,8,105,27.1,47.2,51.6,Complete
7589,144,8,9,272,15.7,27.6,100.0,Complete
7590,144,8,10,141,17.8,32.9,74.0,Complete
7591,145,1,1,37,115.7,224.4,82.9,Complete
7592,145,1,2,43,137.8,259.7,63.0,Complete
7593,145,1,3,47,118.8,252.0,66.9,Complete
7594,145,1,4,83,112.8,203.9,86.9,Complete
7595,145,1,5,33,151.1,281.5,55.6,Complete
7596,145,1,6,65,117.9,203.2,87.1,Complete
7597,145,1,7,23,185.8,403.2,40.6,Complete
7598,145,1,8,35,171.1,309.6,54.8,Estimated
7599,145,1,9,38,144.0,245.0,67.0,Complete
7600,145,1,10,27,108.8,205.0,81.5,Complete
7601,145,2,1,39,122.1,265.5,62.5,Complete
7602,145,2,2,75,121.0,229.4,76.1,Complete
7603,145,2,3,50,105.5,211.2,82.2,Complete
7604,145,2,4,62,129.8,220.9,70.6,Complete
7605,145,2,5,63,125.4,263.7,70.0,Complete
7606,145,2,6,36,131.7,253.7,60.2,Complete
7607,145,2,7,14,194.6,368.6,51.3,Complete
7608,145,2,8,24,188.0,389.0,47.8,Partial
7609,145,2,9,61,126.8,244.8,73.9,Complete
7610,145,2,10,79,122.3,245.0,72.6,Complete
7611,145,8,1,34,18.0,36.7,85.0,Complete
7612,145,8,2,42,16.9,37.4,72.3,Complete
7613,145,8,3,55,18.1,35.0,84.8,Complete
7614,145,8,4,35,22.0,44.1,55.1,Partial
7615,145,8,5,50,18.6,40.8,70.5,Complete
7616,145,8,6,68,16.7,33.9,79.1,Complete
7617,145,8,7,17,27.5,50.6,53.9,Complete
7618,145,8,8,12,26.7,47.9,62.3,Complete
7619,145,8,9,50,20.0,37.3,76.4,Complete
7620,145,8,10,32,20.4,40.4,73.7,Complete
7621,146,1,1,116,134.6,268.6,70.0,Estimated
7622,146,1,2,210,101.8,192.7,93.3,Complete
7623,146,1,3,95,117.1,217.6,75.1,Complete
7624,146,1,4,79,117.8,211.7,83.2,Complete
7625,146,1,5,187,120.5,211.7,81.3,Complete
7626,146,1,6,108,114.5,244.2,77.3,Partial
7627,146,1,7,43,206.3,357.7,48.1,Complete
7628,146,1,8,66,143.2,298.4,55.1,Complete
7629,146,1,9,150,102.3,224.9,75.0,Complete
7630,146,1,10,210,123.8,217.7,86.5,Complete
7631,146,2,1,108,107.7,210.9,82.0,Partial
7632,146,2,2,134,131.1,253.8,66.8,Complete
7633,146,2,3,202,106.3,208.0,75.6,Complete
7634,146,2,4,185,103.0,202.4,82.8,Complete
7635,146,2,5,70,141.9,251.6,65.4,Complete
7636,146,2,6,146,121.9,209.9,89.2,Complete
7637,146,2,7,147,159.2,271.3,66.9,Estimated
7638,146,2,8,88,175.0,334.6,54.0,Complete
7639,146,2,9,201,144.4,247.0,74.4,Complete
7640,146,2,10,156,98.5,185.7,86.5,Complete
7641,146,3,1,249,1.3,2.4,71.6,Complete
7642,146,3,2,165,1.6,2.7,58.7,Complete
7643,146,3,3,251,1.3,2.4,70.5,Complete
7644,146,3,4,162,1.4,2.3,69.2,Complete
7645,146,3,5,282,1.6,2.6,74.5,Partial
7646,146,3,6,203,1.4,2.5,73.7,Complete
7647,146,3,7,165,2.0,3.9,52.2,Complete
7648,146,3,8,169,1.7,3.8,48.1,Complete
7649,146,3,9,211,1.2,2.3,69.8,Partial
7650,146,3,10,295,0.9,2.0,87.6,Estimated
7651,146,4,1,210,97.3,166.9,64.9,Complete
7652,146,4,2,153,96.7,163.8,58.9,Complete
7653,146,4,3,69,68.8,145.5,77.7,Complete
7654,146,4,4,189,69.4,143.3,70.6,Complete
7655,146,4,5,225,64.1,132.4,72.6,Complete
7656,146,4,6,160,71.0,122.7,83.1,Complete
7657,146,4,7,108,121.3,219.7,47.2,Complete
7658,146,4,8,30,123.7,229.4,49.7,Complete
7659,146,4,9,231,73.4,153.6,66.7,Complete
7660,146,4,10,81,86.0,153.0,65.2,Complete
7661,146,5,1,134,14.4,31.2,91.3,Complete
7662,146,5,2,70,20.8,36.6,65.6,Complete
7663,146,5,3,111,16.2,30.7,84.8,Complete
7664,146,5,4,172,15.6,31.5,81.6,Complete
7665,146,5,5,139,21.0,37.0,67.5,Complete
7666,146,5,6,120,16.8,29.8,90.4,Complete
7667,146,5,7,59,30.2,50.6,44.6,Complete
7668,146,5,8,126,29.6,50.5,47.5,Complete
7669,146,5,9,84,16.8,31.4,78.9,Complete
7670,146,5,10,266,17.6,33.4,67.9,Complete
7671,146,6,1,225,11.8,19.6,60.7,Complete
7672,146,6,2,213,7.7,14.9,89.7,Complete
7673,146,6,3,200,10.7,19.7,57.3,Complete
7674,146,6,4,212,9.3,18.8,77.4,Complete
7675,146,6,5,288,8.1,15.5,80.7,Complete
7676,146,6,6,225,8.4,14.5,78.7,Complete
7677,146,6,7,225,11.9,26.1,55.6,Complete
7678,146,6,8,204,12.3,26.5,47.7,Complete
7679,146,6,9,176,8.9,19.5,60.9,Complete
7680,146,6,10,383,8.3,15.9,70.8,Complete
7681,146,7,1,181,23.2,40.4,57.0,Complete
7682,146,7,2,59,20.4,37.9,75.2,Partial
7683,146,7,3,171,17.6,33.6,77.4,Complete
7684,146,7,4,168,16.5,35.1,75.8,Complete
7685,146,7,5,59,17.3,32.2,90.4,Complete
7686,146,7,6,201,19.3,33.5,83.3,Complete
7687,146,7,7,58,23.2,48.9,47.7,Complete
7688,146,7,8,110,18.9,40.9,60.2,Complete
7689,146,7,9,273,22.7,38.2,70.5,Complete
7690,146,7,10,124,20.9,36.2,76.6,Complete
7691,146,8,1,72,19.1,40.0,68.2,Complete
7692,146,8,2,200,22.3,41.7,63.4,Complete
7693,146,8,3,254,26.0,43.9,58.7,Complete
7694,146,8,4,199,21.4,41.2,68.1,Complete
7695,146,8,5,67,18.1,32.1,82.9,Complete
7696,146,8,6,69,15.2,33.0,75.2,Estimated
7697,146,8,7,110,35.4,60.7,43.4,Complete
7698,146,8,8,59,25.0,52.6,55.8,Complete
7699,146,8,9,163,16.4,29.9,100.0,Complete
7700,146,8,10,207,23.0,38.5,64.5,Complete
7701,147,8,1,20,17.8,38.0,77.2,Complete
7702,147,8,2,62,20.4,39.6,65.8,Complete
7703,147,8,3,82,18.5,34.5,69.7,Partial
7704,147,8,4,67,16.7,31.3,80.4,Complete
7705,147,8,5,37,16.5,33.4,93.9,Partial
7706,147,8,6,39,16.1,34.6,72.4,Complete
7707,147,8,7,24,18.9,40.7,74.7,Complete
7708,147,8,8,22,24.7,43.0,63.0,Complete
7709,147,8,9,100,17.1,37.4,75.0,Complete
7710,147,8,10,61,15.8,29.6,96.8,Complete
7711,148,1,1,121,78.6,169.2,90.2,Partial
7712,148,1,2,108,94.4,171.9,100.0,Complete
7713,148,1,3,57,97.3,167.1,100.0,Complete
7714,148,1,4,81,106.4,192.1,97.1,Complete
7715,148,1,5,99,90.8,198.8,91.0,Complete
7716,148,1,6,116,102.8,186.7,87.2,Complete
7717,148,1,7,70,159.8,290.4,52.1,Complete
7718,148,1,8,29,140.9,280.7,58.1,Complete
7719,148,1,9,90,85.5,158.8,100.0,Complete
7720,148,1,10,82,78.0,157.3,100.0,Complete
7721,148,2,1,76,94.2,174.3,100.0,Complete
7722,148,2,2,85,108.2,204.1,72.5,Complete
7723,148,2,3,73,88.0,190.7,81.6,Estimated
7724,148,2,4,86,93.9,193.1,94.7,Complete
7725,148,2,5,84,91.1,194.4,91.3,Partial
7726,148,2,6,77,90.1,177.1,99.5,Complete
7727,148,2,7,24,155.6,273.1,68.6,Complete
7728,148,2,8,46,169.4,289.6,57.3,Complete
7729,148,2,9,45,99.7,175.2,88.3,Complete
7730,148,2,10,74,74.1,152.1,100.0,Complete
7731,148,3,1,114,1.0,2.2,90.6,Complete
7732,148,3,2,118,1.2,2.0,99.4,Complete
7733,148,3,3,164,1.1,2.0,95.0,Complete
7734,148,3,4,122,1.3,2.2,93.4,Complete
7735,148,3,5,156,1.3,2.1,89.3,Complete
7736,148,3,6,196,0.9,2.0,93.4,Complete
7737,148,3,7,159,1.8,3.2,52.3,Complete
7738,148,3,8,113,1.9,3.4,50.4,Complete
7739,148,3,9,138,1.0,2.0,99.8,Complete
7740,148,3,10,170,0.9,1.9,97.8,Partial
7741,148,4,1,131,62.9,130.9,71.9,Complete
7742,148,4,2,101,64.1,120.5,79.8,Complete
7743,148,4,3,42,67.1,131.9,72.0,Complete
7744,148,4,4,44,59.1,122.8,85.0,Partial
7745,148,4,5,48,66.9,131.9,73.3,Complete
7746,148,4,6,58,56.6,120.4,94.0,Complete
7747,148,4,7,48,78.9,143.1,72.6,Complete
7748,148,4,8,33,88.8,191.8,49.3,Complete
7749,148,4,9,108,65.4,125.1,84.3,Complete
7750,148,4,10,106,58.2,102.8,100.0,Complete
7751,148,5,1,86,15.9,31.8,84.8,Complete
7752,148,5,2,57,12.0,25.1,100.0,Complete
7753,148,5,3,35,15.4,31.7,75.2,Partial
7754,148,5,4,99,16.7,33.5,76.3,Partial
7755,148,5,5,88,16.0,31.5,83.3,Complete
7756,148,5,6,69,14.2,26.7,97.1,Complete
7757,148,5,7,28,21.0,40.0,62.3,Complete
7758,148,5,8,76,20.6,43.0,53.1,Complete
7759,148,5,9,74,17.6,32.8,84.9,Complete
7760,148,5,10,162,15.7,28.9,96.6,Complete
7761,148,6,1,116,6.4,13.8,92.5,Complete
7762,148,6,2,143,6.7,14.3,92.7,Complete
7763,148,6,3,133,8.7,16.9,74.2,Complete
7764,148,6,4,117,9.5,16.3,77.8,Complete
7765,148,6,5,81,7.0,14.3,100.0,Complete
7766,148,6,6,114,7.8,16.1,86.6,Complete
7767,148,6,7,117,10.5,20.3,66.5,Complete
7768,148,6,8,115,10.3,19.5,65.8,Complete
7769,148,6,9,159,6.6,14.3,98.8,Complete
7770,148,6,10,106,6.8,11.8,100.0,Complete
7771,148,7,1,48,15.3,29.4,97.2,Complete
7772,148,7,2,120,19.1,34.7,80.4,Complete
7773,148,7,3,83,14.4,28.9,90.8,Estimated
7774,148,7,4,128,17.1,29.7,95.6,Complete
7775,148,7,5,75,15.1,29.1,99.8,Complete
7776,148,7,6,98,15.0,27.8,96.0,Complete
7777,148,7,7,58,22.6,40.8,59.2,Complete
7778,148,7,8,54,25.5,43.3,55.6,Complete
7779,148,7,9,112,11.5,24.7,100.0,Complete
7780,148,7,10,48,13.5,25.5,100.0,Complete
7781,148,8,1,70,18.5,36.1,68.5,Complete
7782,148,8,2,59,21.1,35.8,75.0,Estimated
7783,148,8,3,118,20.8,34.8,74.1,Complete
7784,148,8,4,64,20.2,36.5,69.2,Estimated
7785,148,8,5,112,18.7,32.7,77.8,Complete
7786,148,8,6,85,13.9,29.6,86.7,Complete
7787,148,8,7,28,19.0,41.3,74.1,Complete
7788,148,8,8,37,22.8,42.2,72.9,Complete
7789,148,8,9,42,18.3,34.0,88.2,Complete
7790,148,8,10,144,18.1,34.0,73.6,Complete
7791,149,2,1,42,135.7,235.0,69.6,Complete
7792,149,2,2,48,94.3,205.5,91.1,Complete
7793,149,2,3,13,97.2,206.7,86.8,Complete
7794,149,2,4,21,139.3,242.9,72.9,Partial
7795,149,2,5,45,97.3,192.9,86.8,Complete
7796,149,2,6,22,127.2,233.0,67.0,Complete
7797,149,2,7,12,151.2,293.4,55.4,Complete
7798,149,2,8,32,123.6,272.8,54.2,Partial
7799,149,2,9,64,86.7,181.5,87.1,Complete
7800,149,2,10,18,128.3,220.3,77.3,Estimated
7801,149,4,1,60,76.6,144.4,81.2,Complete
7802,149,4,2,26,51.7,113.1,100.0,Complete
7803,149,4,3,62,83.9,148.1,63.8,Partial
7804,149,4,4,48,81.7,138.7,71.0,Partial
7805,149,4,5,28,70.3,130.3,70.6,Complete
7806,149,4,6,25,48.6,105.9,100.0,Partial
7807,149,4,7,39,82.2,151.9,59.8,Complete
7808,149,4,8,9,86.5,190.0,52.0,Partial
7809,149,4,9,47,65.0,137.1,66.5,Complete
7810,149,4,10,52,70.7,124.0,86.5,Complete
7811,149,7,1,65,15.5,28.0,93.0,Partial
7812,149,7,2,29,15.9,29.1,82.2,Complete
7813,149,7,3,25,18.8,33.2,85.1,Complete
7814,149,7,4,31,13.1,29.1,82.8,Complete
7815,149,7,5,82,19.9,33.3,68.2,Partial
7816,149,7,6,37,14.6,32.0,76.4,Complete
7817,149,7,7,23,21.7,44.8,61.9,Complete
7818,149,7,8,29,21.8,45.8,55.7,Complete
7819,149,7,9,72,16.8,34.1,74.9,Complete
7820,149,7,10,28,15.5,33.5,86.8,Complete
7821,149,8,1,34,22.5,37.7,79.1,Complete
7822,149,8,2,70,17.8,34.4,79.7,Complete
7823,149,8,3,37,14.0,30.7,95.6,Complete
7824,149,8,4,47,16.4,34.2,89.4,Complete
7825,149,8,5,48,18.4,36.6,79.9,Complete
7826,149,8,6,24,16.2,31.4,96.4,Complete
7827,149,8,7,14,22.6,47.8,63.7,Complete
7828,149,8,8,22,29.2,53.6,54.8,Complete
7829,149,8,9,51,19.8,38.3,75.1,Complete
7830,149,8,10,29,20.8,37.4,80.8,Estimated
7831,150,1,1,54,141.6,260.6,62.0,Partial
7832,150,1,2,158,122.4,213.4,83.7,Complete
7833,150,1,3,87,116.7,196.8,91.8,Complete
7834,150,1,4,113,113.0,197.2,88.2,Complete
7835,150,1,5,58,88.6,194.1,91.5,Estimated
7836,150,1,6,143,129.5,223.3,80.2,Complete
7837,150,1,7,31,131.9,256.7,73.0,Partial
7838,150,1,8,76,158.8,334.1,54.4,Complete
7839,150,1,9,96,97.8,187.8,83.8,Complete
7840,150,1,10,123,110.1,237.9,78.7,Complete
7841,150,2,1,118,122.2,250.2,59.1,Complete
7842,150,2,2,78,115.3,218.5,75.3,Complete
7843,150,2,3,137,128.1,224.7,82.9,Complete
7844,150,2,4,144,113.6,190.6,96.2,Complete
7845,150,2,5,130,132.1,227.3,82.3,Complete
7846,150,2,6,39,102.5,227.1,69.6,Complete
7847,150,2,7,55,158.1,271.8,59.6,Complete
7848,150,2,8,42,156.3,289.9,52.5,Complete
7849,150,2,9,107,115.8,195.1,75.3,Complete
7850,150,2,10,74,96.9,174.3,100.0,Complete
7851,150,3,1,173,1.2,2.3,85.4,Complete
7852,150,3,2,186,1.1,2.2,92.0,Complete
7853,150,3,3,112,1.4,2.7,72.1,Complete
7854,150,3,4,130,1.4,2.7,63.5,Complete
7855,150,3,5,158,1.3,2.7,68.7,Complete
7856,150,3,6,157,1.2,2.4,72.0,Complete
7857,150,3,7,128,1.9,3.6,51.0,Complete
7858,150,3,8,122,1.8,3.8,52.0,Complete
7859,150,3,9,247,1.1,1.9,83.0,Complete
7860,150,3,10,236,1.5,2.7,76.6,Complete
7861,150,4,1,115,85.7,147.2,74.8,Complete
7862,150,4,2,64,56.2,124.9,77.8,Complete
7863,150,4,3,103,74.8,154.8,66.5,Complete
7864,150,4,4,80,72.2,157.1,59.9,Complete
7865,150,4,5,72,74.0,130.5,77.2,Complete
7866,150,4,6,107,67.5,142.7,71.4,Complete
7867,150,4,7,48,96.3,179.9,54.0,Complete
7868,150,4,8,62,99.2,169.7,54.0,Complete
7869,150,4,9,83,80.9,143.2,63.8,Partial
7870,150,4,10,193,68.4,148.1,67.1,Complete
7871,150,5,1,110,15.9,29.7,98.2,Complete
7872,150,5,2,120,18.2,35.0,77.4,Complete
7873,150,5,3,66,16.4,33.1,69.2,Complete
7874,150,5,4,97,16.7,31.0,76.7,Complete
7875,150,5,5,139,19.0,34.7,65.2,Estimated
7876,150,5,6,176,15.5,31.1,82.9,Complete
7877,150,5,7,24,25.5,54.7,51.5,Complete
7878,150,5,8,82,32.3,54.4,52.5,Complete
7879,150,5,9,74,15.8,27.1,100.0,Complete
7880,150,5,10,77,17.6,29.7,96.7,Complete
7881,150,6,1,173,10.2,19.3,68.8,Complete
7882,150,6,2,133,9.9,17.4,84.0,Complete
7883,150,6,3,134,9.9,18.2,74.5,Complete
7884,150,6,4,150,7.7,15.6,93.1,Complete
7885,150,6,5,177,8.8,16.3,79.8,Complete
7886,150,6,6,175,8.8,16.0,74.9,Complete
7887,150,6,7,127,13.6,24.7,51.2,Complete
7888,150,6,8,158,12.8,22.6,56.1,Complete
7889,150,6,9,164,8.9,15.0,80.2,Partial
7890,150,6,10,132,9.3,17.7,67.5,Complete
7891,150,7,1,68,18.0,33.2,83.1,Complete
7892,150,7,2,86,14.7,31.2,92.6,Complete
7893,150,7,3,83,17.7,32.9,81.6,Complete
7894,150,7,4,174,13.8,28.2,100.0,Estimated
7895,150,7,5,56,17.5,38.7,59.2,Complete
7896,150,7,6,75,19.0,32.5,84.1,Complete
7897,150,7,7,33,22.1,42.1,69.8,Complete
7898,150,7,8,31,30.9,52.0,49.2,Estimated
7899,150,7,9,91,20.5,36.4,64.0,Complete
7900,150,7,10,115,16.4,31.2,91.1,Complete
7901,150,8,1,58,17.8,37.7,83.1,Complete
7902,150,8,2,106,18.5,32.7,81.9,Complete
7903,150,8,3,121,19.0,36.3,82.9,Complete
7904,150,8,4,115,17.3,32.9,73.6,Complete
7905,150,8,5,39,16.2,35.0,89.6,Complete
7906,150,8,6,138,16.1,30.7,85.5,Complete
7907,150,8,7,69,29.1,48.7,59.4,Complete
7908,150,8,8,25,26.6,56.3,42.6,Complete
7909,150,8,9,60,21.1,36.2,71.3,Complete
7910,150,8,10,92,19.0,32.8,80.5,Complete
